NCM,Produto,Qtd refs.,Situação (benefício),Dispositivo legal (RICMS-SP),cBenef sugerido,CST provável,"Existe benefício na lei, mas NÃO se aplica a esta venda",Observação
10063021,ARROZ CAMIL AGULHINHA T.1 1KG,1,ISENÇÃO (venda a consumidor final),"RICMS-SP, Anexo I, art. 168",SP011680,40,,"Art. 3º, XXVI do Anexo II remete ao art. 168 do Anexo I quando a saída é para consumidor final (caso da loja)."
10063021,ARROZ CARUNCHAOL 1KG,1,ISENÇÃO (venda a consumidor final),"RICMS-SP, Anexo I, art. 168",SP011680,40,,"Art. 3º, XXVI do Anexo II remete ao art. 168 do Anexo I quando a saída é para consumidor final (caso da loja)."
7020000,MAT PRIMA TOMATE KG,2,ISENÇÃO,"RICMS-SP, Anexo I, art. 36 (Hortifrutigranjeiros)",SP010360,40,,"Válido apenas para o produto em estado natural, sem processamento (não vale para ralado/flocos/desidratado)."
7031019,MAT PRIMA CEBOLA KG,2,ISENÇÃO,"RICMS-SP, Anexo I, art. 36 (Hortifrutigranjeiros)",SP010360,40,,"Válido apenas para o produto em estado natural, sem processamento (não vale para ralado/flocos/desidratado)."
7051900,MAT PRIMA ALFACE KG,2,ISENÇÃO,"RICMS-SP, Anexo I, art. 36 (Hortifrutigranjeiros)",SP010360,40,,"Válido apenas para o produto em estado natural, sem processamento (não vale para ralado/flocos/desidratado)."
7061000,MAT PRIMA CENOURA KG,1,ISENÇÃO,"RICMS-SP, Anexo I, art. 36 (Hortifrutigranjeiros)",SP010360,40,,"Válido apenas para o produto em estado natural, sem processamento (não vale para ralado/flocos/desidratado)."
7133399,FEIJAO CARUNCHAO CARIOCA 1KG,1,ISENÇÃO (venda a consumidor final),"RICMS-SP, Anexo I, art. 169",SP011690,40,,"Art. 3º, XXVII do Anexo II remete ao art. 169 do Anexo I quando a saída é para consumidor final (caso da loja)."
8039000,BANANA KG.,2,ISENÇÃO,"RICMS-SP, Anexo I, art. 36 (Hortifrutigranjeiros)",SP010360,40,,"Válido apenas para o produto em estado natural, sem processamento (não vale para ralado/flocos/desidratado)."
8043000,ABACAXI KG,1,ISENÇÃO,"RICMS-SP, Anexo I, art. 36 (Hortifrutigranjeiros)",SP010360,40,,"Válido apenas para o produto em estado natural, sem processamento (não vale para ralado/flocos/desidratado)."
8055000,MAT PRIMA LIMAO KG.,1,ISENÇÃO,"RICMS-SP, Anexo I, art. 36 (Hortifrutigranjeiros)",SP010360,40,,"Válido apenas para o produto em estado natural, sem processamento (não vale para ralado/flocos/desidratado)."
8061000,MAT PRIMA UVA KG,1,ISENÇÃO,"RICMS-SP, Anexo I, art. 36 (Hortifrutigranjeiros)",SP010360,40,,"Válido apenas para o produto em estado natural, sem processamento (não vale para ralado/flocos/desidratado)."
8061000,UVA RUBI KG,1,ISENÇÃO,"RICMS-SP, Anexo I, art. 36 (Hortifrutigranjeiros)",SP010360,40,,"Válido apenas para o produto em estado natural, sem processamento (não vale para ralado/flocos/desidratado)."
8061000,UVA THOMPSON 500G,1,ISENÇÃO,"RICMS-SP, Anexo I, art. 36 (Hortifrutigranjeiros)",SP010360,40,,"Válido apenas para o produto em estado natural, sem processamento (não vale para ralado/flocos/desidratado)."
8072000,MAMAO KG.,1,ISENÇÃO,"RICMS-SP, Anexo I, art. 36 (Hortifrutigranjeiros)",SP010360,40,,"Válido apenas para o produto em estado natural, sem processamento (não vale para ralado/flocos/desidratado)."
8081000,MAT PRIMA MACA KG,2,ISENÇÃO,"RICMS-SP, Anexo I, art. 140 (maçã e pêra)",SP011400,40,,Isenção específica para maçã e pêra em estado natural (excluídas do art. 36).
8081000,MAT PRIMA MANGA KG,2,ISENÇÃO,"RICMS-SP, Anexo I, art. 140 (maçã e pêra)",SP011400,40,,Isenção específica para maçã e pêra em estado natural (excluídas do art. 36).
8101000,MAT PRIMA MORANGO KG,2,ISENÇÃO,"RICMS-SP, Anexo I, art. 36 (Hortifrutigranjeiros)",SP010360,40,,"Válido apenas para o produto em estado natural, sem processamento (não vale para ralado/flocos/desidratado)."
96190000,ABSORVENTE INTIMUS GEL SUAVE S/ ABAS,1,ISENÇÃO,"RICMS-SP, Anexo I, art. 176 (Absorventes)",SP011760,40,,Isenção específica para absorventes higiênicos femininos.
96190000,ABSORVENTE INTIMUS SUAVE TRIPLA PROTECAO C/ ABAS,1,ISENÇÃO,"RICMS-SP, Anexo I, art. 176 (Absorventes)",SP011760,40,,Isenção específica para absorventes higiênicos femininos.
11010010,FARINHA DE TRIGO DONA BENTA 1KG,1,REDUÇÃO DE BASE DE CÁLCULO (carga 7%),"RICMS-SP, Anexo II, art. 3º, XVII",SP020030,20,"Art. 135, Anexo I (isenção) — exclusivo para Simples Nacional; loja é RPA","Cesta básica - farinha de trigo. (Existe também isenção no art. 135 do Anexo I para o mesmo produto, mas essa isenção é EXCLUSIVA de contribuintes do Simples Nacional — não se aplica à sua loja, que é RPA.)"
11010010,FARINHA DE TRIGO ROSA BRANCA 1KG,1,REDUÇÃO DE BASE DE CÁLCULO (carga 7%),"RICMS-SP, Anexo II, art. 3º, XVII",SP020030,20,"Art. 135, Anexo I (isenção) — exclusivo para Simples Nacional; loja é RPA","Cesta básica - farinha de trigo. (Existe também isenção no art. 135 do Anexo I para o mesmo produto, mas essa isenção é EXCLUSIVA de contribuintes do Simples Nacional — não se aplica à sua loja, que é RPA.)"
11022000,FUBA MIMOSO SIAMAR 500G,1,REDUÇÃO DE BASE DE CÁLCULO (carga 7%),"RICMS-SP, Anexo II, art. 3º, VII",SP020030,20,,Cesta básica - farinha de milho/fubá.
11022000,FUBA MIMOSO YOKI 500G.,1,REDUÇÃO DE BASE DE CÁLCULO (carga 7%),"RICMS-SP, Anexo II, art. 3º, VII",SP020030,20,,Cesta básica - farinha de milho/fubá.
15079011,MAT PRIMA OLEO LITRO,1,REDUÇÃO DE BASE DE CÁLCULO (carga 7%),"RICMS-SP, Anexo II, art. 3º, IV",SP020030,20,,"Cesta básica - óleo vegetal comestível (exceto oliva). (O art. 137, Anexo I é isenção só para ÓLEO USADO destinado a insumo industrial — não se aplica a óleo novo vendido no varejo.)"
15079011,OLEO SOJA LIZA  900ML,2,REDUÇÃO DE BASE DE CÁLCULO (carga 7%),"RICMS-SP, Anexo II, art. 3º, IV",SP020030,20,,"Cesta básica - óleo vegetal comestível (exceto oliva). (O art. 137, Anexo I é isenção só para ÓLEO USADO destinado a insumo industrial — não se aplica a óleo novo vendido no varejo.)"
15171000,MARGARINA QUALY COM SAL 500G,1,REDUÇÃO DE BASE DE CÁLCULO (carga 7%),"RICMS-SP, Anexo II, art. 3º, IX",SP020030,20,,Cesta básica - manteiga/margarina/creme vegetal. ATENÇÃO: queijos NÃO estão mais neste inciso desde 2008 (Decreto 53.631/08) — sem benefício.
16010000,MAT PRIMA SALSICHA HOT DOG KG,2,REDUÇÃO DE BASE DE CÁLCULO (carga 7%),"RICMS-SP, Anexo II, art. 3º, XXIII",SP020030,20,,Cesta básica - salsicha/mortadela. Salame NÃO está incluído neste inciso (fora do benefício).
16010000,MORTADELA TRAD DEFUMADA E OURO KG,1,REDUÇÃO DE BASE DE CÁLCULO (carga 7%),"RICMS-SP, Anexo II, art. 3º, XXIII",SP020030,20,,Cesta básica - salsicha/mortadela. Salame NÃO está incluído neste inciso (fora do benefício).
16010000,SALSICHA HOT DOG PERDIGAO 500G,1,REDUÇÃO DE BASE DE CÁLCULO (carga 7%),"RICMS-SP, Anexo II, art. 3º, XXIII",SP020030,20,,Cesta básica - salsicha/mortadela. Salame NÃO está incluído neste inciso (fora do benefício).
16010000,SALSICHA HOT DOG SADIA 500G,1,REDUÇÃO DE BASE DE CÁLCULO (carga 7%),"RICMS-SP, Anexo II, art. 3º, XXIII",SP020030,20,,Cesta básica - salsicha/mortadela. Salame NÃO está incluído neste inciso (fora do benefício).
16010000,SALSICHA HOT DOG SEARA 500G,1,REDUÇÃO DE BASE DE CÁLCULO (carga 7%),"RICMS-SP, Anexo II, art. 3º, XXIII",SP020030,20,,Cesta básica - salsicha/mortadela. Salame NÃO está incluído neste inciso (fora do benefício).
17019900,ACUCAR CRISTAL UNIAO 1KG,1,REDUÇÃO DE BASE DE CÁLCULO (carga 7%),"RICMS-SP, Anexo II, art. 3º, V",SP020030,20,,Cesta básica - açúcar cristal/refinado.
17019900,ACUCAR GRANELLI DEMERARA 1KG,1,REDUÇÃO DE BASE DE CÁLCULO (carga 7%),"RICMS-SP, Anexo II, art. 3º, V",SP020030,20,,Cesta básica - açúcar cristal/refinado.
17019900,ACUCAR REFINADO UNIAO 1KG,1,REDUÇÃO DE BASE DE CÁLCULO (carga 7%),"RICMS-SP, Anexo II, art. 3º, V",SP020030,20,,Cesta básica - açúcar cristal/refinado.
19021100,DOCE TORTA FATIA SABORES,1,REDUÇÃO DE BASE DE CÁLCULO (carga 7%),"RICMS-SP, Anexo II, art. 3º, XIX",SP020030,20,"Art. 135, III, Anexo I (isenção) — exclusivo para Simples Nacional; loja é RPA","Cesta básica - massas alimentícias não cozidas, sem recheio/tempero (posição 1902.11). (Isenção equivalente do art. 135, III, Anexo I é exclusiva do Simples Nacional.)"
19021100,MACARRAO BARILLA PENNE RIGATE 500G,1,REDUÇÃO DE BASE DE CÁLCULO (carga 7%),"RICMS-SP, Anexo II, art. 3º, XIX",SP020030,20,"Art. 135, III, Anexo I (isenção) — exclusivo para Simples Nacional; loja é RPA","Cesta básica - massas alimentícias não cozidas, sem recheio/tempero (posição 1902.11). (Isenção equivalente do art. 135, III, Anexo I é exclusiva do Simples Nacional.)"
19021100,MACARRAO ESPAGUETE GRANO TERNO BARILLA 500G.,1,REDUÇÃO DE BASE DE CÁLCULO (carga 7%),"RICMS-SP, Anexo II, art. 3º, XIX",SP020030,20,"Art. 135, III, Anexo I (isenção) — exclusivo para Simples Nacional; loja é RPA","Cesta básica - massas alimentícias não cozidas, sem recheio/tempero (posição 1902.11). (Isenção equivalente do art. 135, III, Anexo I é exclusiva do Simples Nacional.)"
19021100,MACARRAO GRANO TENRO BARILLA PARAFUSO 500G,1,REDUÇÃO DE BASE DE CÁLCULO (carga 7%),"RICMS-SP, Anexo II, art. 3º, XIX",SP020030,20,"Art. 135, III, Anexo I (isenção) — exclusivo para Simples Nacional; loja é RPA","Cesta básica - massas alimentícias não cozidas, sem recheio/tempero (posição 1902.11). (Isenção equivalente do art. 135, III, Anexo I é exclusiva do Simples Nacional.)"
19021100,PAO DE QUEIJO APERITIVO KG.,1,REDUÇÃO DE BASE DE CÁLCULO (carga 7%),"RICMS-SP, Anexo II, art. 3º, XIX",SP020030,20,"Art. 135, III, Anexo I (isenção) — exclusivo para Simples Nacional; loja é RPA","Cesta básica - massas alimentícias não cozidas, sem recheio/tempero (posição 1902.11). (Isenção equivalente do art. 135, III, Anexo I é exclusiva do Simples Nacional.)"
19053100,BISC BAUDUCCO CREAM CRACKER INTEG 165G,1,REDUÇÃO DE BASE DE CÁLCULO (carga 7%),"RICMS-SP, Anexo II, art. 3º, XX",SP020030,20,"Art. 135, V, Anexo I (isenção) — exclusivo para Simples Nacional; loja é RPA","Cesta básica - biscoito tipo água-e-sal/maisena/cream cracker/maria, SEM cacau, recheio ou cobertura. (Isenção equivalente do art. 135, V, Anexo I é exclusiva do Simples Nacional.)"
19053100,BISCOITO BAUDUCCO MAIZENA VITAMINADA 170GR,2,REDUÇÃO DE BASE DE CÁLCULO (carga 7%),"RICMS-SP, Anexo II, art. 3º, XX",SP020030,20,"Art. 135, V, Anexo I (isenção) — exclusivo para Simples Nacional; loja é RPA","Cesta básica - biscoito tipo água-e-sal/maisena/cream cracker/maria, SEM cacau, recheio ou cobertura. (Isenção equivalente do art. 135, V, Anexo I é exclusiva do Simples Nacional.)"
19053100,BISCOITO TRIUNFO AGUA E SAL 164G,1,REDUÇÃO DE BASE DE CÁLCULO (carga 7%),"RICMS-SP, Anexo II, art. 3º, XX",SP020030,20,"Art. 135, V, Anexo I (isenção) — exclusivo para Simples Nacional; loja é RPA","Cesta básica - biscoito tipo água-e-sal/maisena/cream cracker/maria, SEM cacau, recheio ou cobertura. (Isenção equivalente do art. 135, V, Anexo I é exclusiva do Simples Nacional.)"
19053100,BISCOITO TRIUNFO CREAM CRACKER TRADI 165G,1,REDUÇÃO DE BASE DE CÁLCULO (carga 7%),"RICMS-SP, Anexo II, art. 3º, XX",SP020030,20,"Art. 135, V, Anexo I (isenção) — exclusivo para Simples Nacional; loja é RPA","Cesta básica - biscoito tipo água-e-sal/maisena/cream cracker/maria, SEM cacau, recheio ou cobertura. (Isenção equivalente do art. 135, V, Anexo I é exclusiva do Simples Nacional.)"
19053100,BISCOITO TRUNFO MAIZENA 170G,1,REDUÇÃO DE BASE DE CÁLCULO (carga 7%),"RICMS-SP, Anexo II, art. 3º, XX",SP020030,20,"Art. 135, V, Anexo I (isenção) — exclusivo para Simples Nacional; loja é RPA","Cesta básica - biscoito tipo água-e-sal/maisena/cream cracker/maria, SEM cacau, recheio ou cobertura. (Isenção equivalente do art. 135, V, Anexo I é exclusiva do Simples Nacional.)"
19059010,PAO DE  ABOBORA LINHACA NUTRELLA 350G,1,REDUÇÃO DE BASE DE CÁLCULO (carga 7%),"RICMS-SP, Anexo II, art. 3º, XIV",SP020030,20,,"Cesta básica - pão de forma/bisnaga sem cobertura, fruta ou chocolate. Confirmar se a composição específica do item se enquadra (ex.: pães com castanha/grãos podem estar fora)."
19059010,PAO DE FORMA BAUDUCCO TRADICIONAL 390G,1,REDUÇÃO DE BASE DE CÁLCULO (carga 7%),"RICMS-SP, Anexo II, art. 3º, XIV",SP020030,20,,"Cesta básica - pão de forma/bisnaga sem cobertura, fruta ou chocolate. Confirmar se a composição específica do item se enquadra (ex.: pães com castanha/grãos podem estar fora)."
19059010,PAO DE FORMA NUTRELLA CAST PARA E QUINOA 350G,1,REDUÇÃO DE BASE DE CÁLCULO (carga 7%),"RICMS-SP, Anexo II, art. 3º, XIV",SP020030,20,,"Cesta básica - pão de forma/bisnaga sem cobertura, fruta ou chocolate. Confirmar se a composição específica do item se enquadra (ex.: pães com castanha/grãos podem estar fora)."
19059010,PAO DE FORMA PULLMAN ARTESANO 500G,1,REDUÇÃO DE BASE DE CÁLCULO (carga 7%),"RICMS-SP, Anexo II, art. 3º, XIV",SP020030,20,,"Cesta básica - pão de forma/bisnaga sem cobertura, fruta ou chocolate. Confirmar se a composição específica do item se enquadra (ex.: pães com castanha/grãos podem estar fora)."
19059010,PAO DE FORMA PULLMAN ARTESANO INTEGRAL 500G,1,REDUÇÃO DE BASE DE CÁLCULO (carga 7%),"RICMS-SP, Anexo II, art. 3º, XIV",SP020030,20,,"Cesta básica - pão de forma/bisnaga sem cobertura, fruta ou chocolate. Confirmar se a composição específica do item se enquadra (ex.: pães com castanha/grãos podem estar fora)."
19059010,PAO DE FORMA PULLMAN ARTESANO PAO NA CHAPA 500G,1,REDUÇÃO DE BASE DE CÁLCULO (carga 7%),"RICMS-SP, Anexo II, art. 3º, XIV",SP020030,20,,"Cesta básica - pão de forma/bisnaga sem cobertura, fruta ou chocolate. Confirmar se a composição específica do item se enquadra (ex.: pães com castanha/grãos podem estar fora)."
19059010,PAO DE FORMA PULLMAN INTEGRAL 480G,1,REDUÇÃO DE BASE DE CÁLCULO (carga 7%),"RICMS-SP, Anexo II, art. 3º, XIV",SP020030,20,,"Cesta básica - pão de forma/bisnaga sem cobertura, fruta ou chocolate. Confirmar se a composição específica do item se enquadra (ex.: pães com castanha/grãos podem estar fora)."
19059010,PAO DE FORMA PULLMAN SEM CASCA 450G,1,REDUÇÃO DE BASE DE CÁLCULO (carga 7%),"RICMS-SP, Anexo II, art. 3º, XIV",SP020030,20,,"Cesta básica - pão de forma/bisnaga sem cobertura, fruta ou chocolate. Confirmar se a composição específica do item se enquadra (ex.: pães com castanha/grãos podem estar fora)."
19059010,PAO DE FORMA PULLMAN TRADICIONAL 480G,1,REDUÇÃO DE BASE DE CÁLCULO (carga 7%),"RICMS-SP, Anexo II, art. 3º, XIV",SP020030,20,,"Cesta básica - pão de forma/bisnaga sem cobertura, fruta ou chocolate. Confirmar se a composição específica do item se enquadra (ex.: pães com castanha/grãos podem estar fora)."
19059010,PAO DE SANDUICHE NUTRELLA SUPREME F 680G,1,REDUÇÃO DE BASE DE CÁLCULO (carga 7%),"RICMS-SP, Anexo II, art. 3º, XIV",SP020030,20,,"Cesta básica - pão de forma/bisnaga sem cobertura, fruta ou chocolate. Confirmar se a composição específica do item se enquadra (ex.: pães com castanha/grãos podem estar fora)."
19059010,PAO GRAOS CASTANHA NUTRELLA 450G,1,REDUÇÃO DE BASE DE CÁLCULO (carga 7%),"RICMS-SP, Anexo II, art. 3º, XIV",SP020030,20,,"Cesta básica - pão de forma/bisnaga sem cobertura, fruta ou chocolate. Confirmar se a composição específica do item se enquadra (ex.: pães com castanha/grãos podem estar fora)."
19059010,PAO NUTRELLA AVEIA SEMENTE E GRAOS 350G,1,REDUÇÃO DE BASE DE CÁLCULO (carga 7%),"RICMS-SP, Anexo II, art. 3º, XIV",SP020030,20,,"Cesta básica - pão de forma/bisnaga sem cobertura, fruta ou chocolate. Confirmar se a composição específica do item se enquadra (ex.: pães com castanha/grãos podem estar fora)."
19059010,PAO NUTRELLA SUPREME 100% INTEG 450G,1,REDUÇÃO DE BASE DE CÁLCULO (carga 7%),"RICMS-SP, Anexo II, art. 3º, XIV",SP020030,20,,"Cesta básica - pão de forma/bisnaga sem cobertura, fruta ou chocolate. Confirmar se a composição específica do item se enquadra (ex.: pães com castanha/grãos podem estar fora)."
19059010,PAO NUTRELLA VITTA 14 GRAOS INTEGR 500G,1,REDUÇÃO DE BASE DE CÁLCULO (carga 7%),"RICMS-SP, Anexo II, art. 3º, XIV",SP020030,20,,"Cesta básica - pão de forma/bisnaga sem cobertura, fruta ou chocolate. Confirmar se a composição específica do item se enquadra (ex.: pães com castanha/grãos podem estar fora)."
19059010,PAO PULLMAN 12 GRAOS VITAGRAO 450G,1,REDUÇÃO DE BASE DE CÁLCULO (carga 7%),"RICMS-SP, Anexo II, art. 3º, XIV",SP020030,20,,"Cesta básica - pão de forma/bisnaga sem cobertura, fruta ou chocolate. Confirmar se a composição específica do item se enquadra (ex.: pães com castanha/grãos podem estar fora)."
19059010,PAO PULLMAN CRANBERRY QUINOA HIBISCO 350G,1,REDUÇÃO DE BASE DE CÁLCULO (carga 7%),"RICMS-SP, Anexo II, art. 3º, XIV",SP020030,20,,"Cesta básica - pão de forma/bisnaga sem cobertura, fruta ou chocolate. Confirmar se a composição específica do item se enquadra (ex.: pães com castanha/grãos podem estar fora)."
19059010,PAO PULLMAN GRAOS E CASTANHAS 450G,1,REDUÇÃO DE BASE DE CÁLCULO (carga 7%),"RICMS-SP, Anexo II, art. 3º, XIV",SP020030,20,,"Cesta básica - pão de forma/bisnaga sem cobertura, fruta ou chocolate. Confirmar se a composição específica do item se enquadra (ex.: pães com castanha/grãos podem estar fora)."
19059010,PAO WICKBOLD 100% INTEGRAL TRADICIONAL 350G.,1,REDUÇÃO DE BASE DE CÁLCULO (carga 7%),"RICMS-SP, Anexo II, art. 3º, XIV",SP020030,20,,"Cesta básica - pão de forma/bisnaga sem cobertura, fruta ou chocolate. Confirmar se a composição específica do item se enquadra (ex.: pães com castanha/grãos podem estar fora)."
19059010,PAO WICKBOLD CASTANHA E QUINOA GRAO SABOR 350G,1,REDUÇÃO DE BASE DE CÁLCULO (carga 7%),"RICMS-SP, Anexo II, art. 3º, XIV",SP020030,20,,"Cesta básica - pão de forma/bisnaga sem cobertura, fruta ou chocolate. Confirmar se a composição específica do item se enquadra (ex.: pães com castanha/grãos podem estar fora)."
19059010,PAO WICKBOLD DE FORMA INTEGRAL 450G,1,REDUÇÃO DE BASE DE CÁLCULO (carga 7%),"RICMS-SP, Anexo II, art. 3º, XIV",SP020030,20,,"Cesta básica - pão de forma/bisnaga sem cobertura, fruta ou chocolate. Confirmar se a composição específica do item se enquadra (ex.: pães com castanha/grãos podem estar fora)."
19059010,PAO WICKBOLD DE FORMA TRADICIONAL 450G,1,REDUÇÃO DE BASE DE CÁLCULO (carga 7%),"RICMS-SP, Anexo II, art. 3º, XIV",SP020030,20,,"Cesta básica - pão de forma/bisnaga sem cobertura, fruta ou chocolate. Confirmar se a composição específica do item se enquadra (ex.: pães com castanha/grãos podem estar fora)."
19059010,PAO WICKBOLD DO FORNO 100% INTEGRAL 500G,1,REDUÇÃO DE BASE DE CÁLCULO (carga 7%),"RICMS-SP, Anexo II, art. 3º, XIV",SP020030,20,,"Cesta básica - pão de forma/bisnaga sem cobertura, fruta ou chocolate. Confirmar se a composição específica do item se enquadra (ex.: pães com castanha/grãos podem estar fora)."
19059010,PAO WICKBOLD GRAO SABOR INT MACA CAN PASSAS 500G,1,REDUÇÃO DE BASE DE CÁLCULO (carga 7%),"RICMS-SP, Anexo II, art. 3º, XIV",SP020030,20,,"Cesta básica - pão de forma/bisnaga sem cobertura, fruta ou chocolate. Confirmar se a composição específica do item se enquadra (ex.: pães com castanha/grãos podem estar fora)."
19059090,BISNAGUINHA PULLMAN 300G,1,REDUÇÃO DE BASE DE CÁLCULO (carga 7%),"RICMS-SP, Anexo II, art. 3º, XIV",SP020030,20,,"Cesta básica - pão de forma/bisnaga sem cobertura, fruta ou chocolate. Confirmar se a composição específica do item se enquadra (ex.: pães com castanha/grãos podem estar fora)."
19059090,MAT PRIMA PAO FRANCES KG,1,REDUÇÃO DE BASE DE CÁLCULO (carga 7%),"RICMS-SP, Anexo II, art. 3º, XXI",SP020030,20,"Art. 135, IV, Anexo I (isenção) — exclusivo para Simples Nacional; loja é RPA","Cesta básica - pão francês/de sal (até 1kg, sem ingrediente que descaracterize). (Isenção do art. 135, IV, Anexo I para o mesmo produto é EXCLUSIVA do Simples Nacional — loja é RPA.)"
4022110,LEITE PO INTEG. PIRACANJUBA 1KG,1,REDUÇÃO DE BASE DE CÁLCULO (carga 7%),"RICMS-SP, Anexo II, art. 3º, II",SP020030,20,,Cesta básica - leite em pó.
4051000,MANTEIGA AVIACAO COM SAL 200G,2,REDUÇÃO DE BASE DE CÁLCULO (carga 7%),"RICMS-SP, Anexo II, art. 3º, IX",SP020030,20,,Cesta básica - manteiga/margarina/creme vegetal. ATENÇÃO: queijos NÃO estão mais neste inciso desde 2008 (Decreto 53.631/08) — sem benefício.
4051000,MANTEIGA EXTRA  ALEGRIA 250 GR C SAL,1,REDUÇÃO DE BASE DE CÁLCULO (carga 7%),"RICMS-SP, Anexo II, art. 3º, IX",SP020030,20,,Cesta básica - manteiga/margarina/creme vegetal. ATENÇÃO: queijos NÃO estão mais neste inciso desde 2008 (Decreto 53.631/08) — sem benefício.
4051000,MAT PRIMA MANTEIGA ELIANE KG,1,REDUÇÃO DE BASE DE CÁLCULO (carga 7%),"RICMS-SP, Anexo II, art. 3º, IX",SP020030,20,,Cesta básica - manteiga/margarina/creme vegetal. ATENÇÃO: queijos NÃO estão mais neste inciso desde 2008 (Decreto 53.631/08) — sem benefício.
9012100,CAFE EM PO TRES CORACOES TRADICIONAL 500G,1,REDUÇÃO DE BASE DE CÁLCULO (carga 7%),"RICMS-SP, Anexo II, art. 3º, III",SP020030,20,,"Cesta básica - café torrado em grão ou moído (NÃO se aplica a café solúvel, NCM 2101)."
9012100,CAFE LABAREDA SELECAO 500G,1,REDUÇÃO DE BASE DE CÁLCULO (carga 7%),"RICMS-SP, Anexo II, art. 3º, III",SP020030,20,,"Cesta básica - café torrado em grão ou moído (NÃO se aplica a café solúvel, NCM 2101)."
9012100,MATERIA PRIMA CAFE EM GRAOS NESCAFE KG.,1,REDUÇÃO DE BASE DE CÁLCULO (carga 7%),"RICMS-SP, Anexo II, art. 3º, III",SP020030,20,,"Cesta básica - café torrado em grão ou moído (NÃO se aplica a café solúvel, NCM 2101)."
16024900,PRESUNTO KG,2,Requer confirmação com contador,"Art. 3º, X cobre ""apresuntado"", não necessariamente ""presunto""",,00/60,,"O benefício da cesta básica (art. 3º, X) menciona ""apresuntado"" (produto reconstituído específico), termo distinto de ""presunto"" tradicional. Confirmar com contador se o produto vendido se enquadra na definição legal antes de aplicar o benefício."
19021900,HOLYFOODS MAC ALFREDO 115G,2,Requer confirmação com contador,"Possível fora do art. 3º, XIX (massas temperadas/prontas)",,00/60,,"Macarrão instantâneo/temperado/pronto tende a estar fora da redução da cesta básica (só cobre massas simples não temperadas, pos. 1902.11/1902.19 estritas) e pode estar em ICMS-ST."
19021900,HOLYFOODS MAC BOLONHA 115G,1,Requer confirmação com contador,"Possível fora do art. 3º, XIX (massas temperadas/prontas)",,00/60,,"Macarrão instantâneo/temperado/pronto tende a estar fora da redução da cesta básica (só cobre massas simples não temperadas, pos. 1902.11/1902.19 estritas) e pode estar em ICMS-ST."
19021900,HOLYFOODS MAC CAIPIRA 115G,1,Requer confirmação com contador,"Possível fora do art. 3º, XIX (massas temperadas/prontas)",,00/60,,"Macarrão instantâneo/temperado/pronto tende a estar fora da redução da cesta básica (só cobre massas simples não temperadas, pos. 1902.11/1902.19 estritas) e pode estar em ICMS-ST."
19021900,HOLYFOODS MAC QUEIJO 132G,2,Requer confirmação com contador,"Possível fora do art. 3º, XIX (massas temperadas/prontas)",,00/60,,"Macarrão instantâneo/temperado/pronto tende a estar fora da redução da cesta básica (só cobre massas simples não temperadas, pos. 1902.11/1902.19 estritas) e pode estar em ICMS-ST."
4011010,LEITE PIRACANJUBA DESNATADO 1L,1,Requer confirmação com contador,Isenção só para leite CRU/PASTEURIZADO/REIDRATADO (não UHT longa vida),,00/40,,"Existe isenção (art. 103 e art. 43, Anexo I, cBenef SP011030) para leite cru, pasteurizado tipo A/B/C ou reidratado vendido a consumidor final — mas NÃO para leite UHT ""longa vida"" em caixinha (o mais comum em loja de conveniência), que ficou de fora da cesta básica desde 2011. Confirme com o fornecedor/contador se o leite vendido é UHT (sem benefício) ou pasteurizado fresco (isento)."
4012010,LEITE ITALAC INTEGRAL 1L,1,Requer confirmação com contador,Isenção só para leite CRU/PASTEURIZADO/REIDRATADO (não UHT longa vida),,00/40,,"Existe isenção (art. 103 e art. 43, Anexo I, cBenef SP011030) para leite cru, pasteurizado tipo A/B/C ou reidratado vendido a consumidor final — mas NÃO para leite UHT ""longa vida"" em caixinha (o mais comum em loja de conveniência), que ficou de fora da cesta básica desde 2011. Confirme com o fornecedor/contador se o leite vendido é UHT (sem benefício) ou pasteurizado fresco (isento)."
4012010,LEITE NINHO INTEGRAL 1L,1,Requer confirmação com contador,Isenção só para leite CRU/PASTEURIZADO/REIDRATADO (não UHT longa vida),,00/40,,"Existe isenção (art. 103 e art. 43, Anexo I, cBenef SP011030) para leite cru, pasteurizado tipo A/B/C ou reidratado vendido a consumidor final — mas NÃO para leite UHT ""longa vida"" em caixinha (o mais comum em loja de conveniência), que ficou de fora da cesta básica desde 2011. Confirme com o fornecedor/contador se o leite vendido é UHT (sem benefício) ou pasteurizado fresco (isento)."
4012010,LEITE USO PADARIA,3,Requer confirmação com contador,Isenção só para leite CRU/PASTEURIZADO/REIDRATADO (não UHT longa vida),,00/40,,"Existe isenção (art. 103 e art. 43, Anexo I, cBenef SP011030) para leite cru, pasteurizado tipo A/B/C ou reidratado vendido a consumidor final — mas NÃO para leite UHT ""longa vida"" em caixinha (o mais comum em loja de conveniência), que ficou de fora da cesta básica desde 2011. Confirme com o fornecedor/contador se o leite vendido é UHT (sem benefício) ou pasteurizado fresco (isento)."
4012090,LEITE FAZENDA DESNATADO 1LT AMARELO,1,Requer confirmação com contador,Isenção só para leite CRU/PASTEURIZADO/REIDRATADO (não UHT longa vida),,00/40,,"Existe isenção (art. 103 e art. 43, Anexo I, cBenef SP011030) para leite cru, pasteurizado tipo A/B/C ou reidratado vendido a consumidor final — mas NÃO para leite UHT ""longa vida"" em caixinha (o mais comum em loja de conveniência), que ficou de fora da cesta básica desde 2011. Confirme com o fornecedor/contador se o leite vendido é UHT (sem benefício) ou pasteurizado fresco (isento)."
4012090,LEITE FAZENDA INTEGRAL AZUL 1L,1,Requer confirmação com contador,Isenção só para leite CRU/PASTEURIZADO/REIDRATADO (não UHT longa vida),,00/40,,"Existe isenção (art. 103 e art. 43, Anexo I, cBenef SP011030) para leite cru, pasteurizado tipo A/B/C ou reidratado vendido a consumidor final — mas NÃO para leite UHT ""longa vida"" em caixinha (o mais comum em loja de conveniência), que ficou de fora da cesta básica desde 2011. Confirme com o fornecedor/contador se o leite vendido é UHT (sem benefício) ou pasteurizado fresco (isento)."
4012090,LEITE FAZENDA MAGRO VERMELHO 1L,1,Requer confirmação com contador,Isenção só para leite CRU/PASTEURIZADO/REIDRATADO (não UHT longa vida),,00/40,,"Existe isenção (art. 103 e art. 43, Anexo I, cBenef SP011030) para leite cru, pasteurizado tipo A/B/C ou reidratado vendido a consumidor final — mas NÃO para leite UHT ""longa vida"" em caixinha (o mais comum em loja de conveniência), que ficou de fora da cesta básica desde 2011. Confirme com o fornecedor/contador se o leite vendido é UHT (sem benefício) ou pasteurizado fresco (isento)."
4012090,LEITE FAZENDA ZERO LACTOSE 1L,1,Requer confirmação com contador,Isenção só para leite CRU/PASTEURIZADO/REIDRATADO (não UHT longa vida),,00/40,,"Existe isenção (art. 103 e art. 43, Anexo I, cBenef SP011030) para leite cru, pasteurizado tipo A/B/C ou reidratado vendido a consumidor final — mas NÃO para leite UHT ""longa vida"" em caixinha (o mais comum em loja de conveniência), que ficou de fora da cesta básica desde 2011. Confirme com o fornecedor/contador se o leite vendido é UHT (sem benefício) ou pasteurizado fresco (isento)."
4015021,CREME DE LEITE NESTLE 200G,2,Requer confirmação com contador,Isenção só para leite CRU/PASTEURIZADO/REIDRATADO (não UHT longa vida),,00/40,,"Existe isenção (art. 103 e art. 43, Anexo I, cBenef SP011030) para leite cru, pasteurizado tipo A/B/C ou reidratado vendido a consumidor final — mas NÃO para leite UHT ""longa vida"" em caixinha (o mais comum em loja de conveniência), que ficou de fora da cesta básica desde 2011. Confirme com o fornecedor/contador se o leite vendido é UHT (sem benefício) ou pasteurizado fresco (isento)."
4015021,CREME DE LEITE PIRACANJUBA 200G,1,Requer confirmação com contador,Isenção só para leite CRU/PASTEURIZADO/REIDRATADO (não UHT longa vida),,00/40,,"Existe isenção (art. 103 e art. 43, Anexo I, cBenef SP011030) para leite cru, pasteurizado tipo A/B/C ou reidratado vendido a consumidor final — mas NÃO para leite UHT ""longa vida"" em caixinha (o mais comum em loja de conveniência), que ficou de fora da cesta básica desde 2011. Confirme com o fornecedor/contador se o leite vendido é UHT (sem benefício) ou pasteurizado fresco (isento)."
4015029,CREME DE LEITE NESTLE 300G,1,Requer confirmação com contador,Isenção só para leite CRU/PASTEURIZADO/REIDRATADO (não UHT longa vida),,00/40,,"Existe isenção (art. 103 e art. 43, Anexo I, cBenef SP011030) para leite cru, pasteurizado tipo A/B/C ou reidratado vendido a consumidor final — mas NÃO para leite UHT ""longa vida"" em caixinha (o mais comum em loja de conveniência), que ficou de fora da cesta básica desde 2011. Confirme com o fornecedor/contador se o leite vendido é UHT (sem benefício) ou pasteurizado fresco (isento)."
4072100,MAT PRIMA OVO GRANDE USO PADARIA,1,Requer confirmação com contador,Possível isenção/diferimento para ovo em estado natural,,-,,"Ovo de galinha in natura pode ter tratamento específico (isenção/diferimento) dependendo da operação; ovo de codorna seco/cozido tem redução expressa (art. 3º, XII, Anexo II). Confirmar dispositivo exato antes de aplicar."
4072100,OVO GRANDE BRANCO BANDEJA C/ 12 UNIDADES,1,Requer confirmação com contador,Possível isenção/diferimento para ovo em estado natural,,-,,"Ovo de galinha in natura pode ter tratamento específico (isenção/diferimento) dependendo da operação; ovo de codorna seco/cozido tem redução expressa (art. 3º, XII, Anexo II). Confirmar dispositivo exato antes de aplicar."
4072100,OVO VILA OVOS VERM 12UN,1,Requer confirmação com contador,Possível isenção/diferimento para ovo em estado natural,,-,,"Ovo de galinha in natura pode ter tratamento específico (isenção/diferimento) dependendo da operação; ovo de codorna seco/cozido tem redução expressa (art. 3º, XII, Anexo II). Confirmar dispositivo exato antes de aplicar."
0,SERVICO DE TELECOMUNICACAO,1,Não é mercadoria (serviço),-,,-,,Serviço de telecomunicação - não se aplica cBenef de mercadoria; ICMS de comunicação tem regras próprias.
12074090,GERGELIM DESCASCADO 1KG,1,Sem benefício identificado (tributação normal / possível ICMS-ST),-,,00/60/61,,"Não foi identificado dispositivo de isenção, redução, diferimento ou suspensão do RICMS-SP para este item. Muitos produtos industrializados (chocolates, biscoitos recheados, salgadinhos, sorvetes, refrigerados diversos) estão sujeitos a ICMS-ST, que dispensa cBenef na revenda (CST 60/61)."
12119090,CHA LEAO FUZE CAMOMILA 10G,1,Sem benefício identificado (tributação normal / possível ICMS-ST),-,,00/60/61,,"Não foi identificado dispositivo de isenção, redução, diferimento ou suspensão do RICMS-SP para este item. Muitos produtos industrializados (chocolates, biscoitos recheados, salgadinhos, sorvetes, refrigerados diversos) estão sujeitos a ICMS-ST, que dispensa cBenef na revenda (CST 60/61)."
12119090,CHA LEAO FUZE HORTELA 10G,1,Sem benefício identificado (tributação normal / possível ICMS-ST),-,,00/60/61,,"Não foi identificado dispositivo de isenção, redução, diferimento ou suspensão do RICMS-SP para este item. Muitos produtos industrializados (chocolates, biscoitos recheados, salgadinhos, sorvetes, refrigerados diversos) estão sujeitos a ICMS-ST, que dispensa cBenef na revenda (CST 60/61)."
15171000,MARG.RICCA FOLHADA2KG,1,Sem benefício identificado (tributação normal / possível ICMS-ST),-,,00/60/61,,"Não foi identificado dispositivo de isenção, redução, diferimento ou suspensão do RICMS-SP para este item. Muitos produtos industrializados (chocolates, biscoitos recheados, salgadinhos, sorvetes, refrigerados diversos) estão sujeitos a ICMS-ST, que dispensa cBenef na revenda (CST 60/61)."
15179090,DESMOLD TINCOL 5L,1,Sem benefício identificado (tributação normal / possível ICMS-ST),-,,00/60/61,,"Não foi identificado dispositivo de isenção, redução, diferimento ou suspensão do RICMS-SP para este item. Muitos produtos industrializados (chocolates, biscoitos recheados, salgadinhos, sorvetes, refrigerados diversos) estão sujeitos a ICMS-ST, que dispensa cBenef na revenda (CST 60/61)."
16010000,SALAME ITALIANO FATIADO SADIA 100G,1,Sem benefício identificado,-,,00/60,,"Item deste NCM (ex.: salame) não consta no rol do art. 3º, XXIII."
16023100,PEITO DE PERU KG,1,Sem benefício identificado (tributação normal / possível ICMS-ST),-,,00/60/61,,"Não foi identificado dispositivo de isenção, redução, diferimento ou suspensão do RICMS-SP para este item. Muitos produtos industrializados (chocolates, biscoitos recheados, salgadinhos, sorvetes, refrigerados diversos) estão sujeitos a ICMS-ST, que dispensa cBenef na revenda (CST 60/61)."
16023230,NUGGETS FRANGO SADIA 300G,1,Sem benefício identificado (tributação normal / possível ICMS-ST),-,,00/60/61,,"Não foi identificado dispositivo de isenção, redução, diferimento ou suspensão do RICMS-SP para este item. Muitos produtos industrializados (chocolates, biscoitos recheados, salgadinhos, sorvetes, refrigerados diversos) estão sujeitos a ICMS-ST, que dispensa cBenef na revenda (CST 60/61)."
16029000,BURGUER93 AMERICAN BURGER AMPM 1UN,1,Sem benefício identificado (tributação normal / possível ICMS-ST),-,,00/60/61,,"Não foi identificado dispositivo de isenção, redução, diferimento ou suspensão do RICMS-SP para este item. Muitos produtos industrializados (chocolates, biscoitos recheados, salgadinhos, sorvetes, refrigerados diversos) estão sujeitos a ICMS-ST, que dispensa cBenef na revenda (CST 60/61)."
16029000,BURGUER93 CLASSIC CHEDDAR AMPM 1UN,1,Sem benefício identificado (tributação normal / possível ICMS-ST),-,,00/60/61,,"Não foi identificado dispositivo de isenção, redução, diferimento ou suspensão do RICMS-SP para este item. Muitos produtos industrializados (chocolates, biscoitos recheados, salgadinhos, sorvetes, refrigerados diversos) estão sujeitos a ICMS-ST, que dispensa cBenef na revenda (CST 60/61)."
16029000,HAMBURGUER SEARA HOT HIT XPICANHA 145G,1,Sem benefício identificado (tributação normal / possível ICMS-ST),-,,00/60/61,,"Não foi identificado dispositivo de isenção, redução, diferimento ou suspensão do RICMS-SP para este item. Muitos produtos industrializados (chocolates, biscoitos recheados, salgadinhos, sorvetes, refrigerados diversos) estão sujeitos a ICMS-ST, que dispensa cBenef na revenda (CST 60/61)."
16041310,ATUM TUNAPRO SOLIDO GOMES DA COSTA 170G,1,Sem benefício identificado (tributação normal / possível ICMS-ST),-,,00/60/61,,"Não foi identificado dispositivo de isenção, redução, diferimento ou suspensão do RICMS-SP para este item. Muitos produtos industrializados (chocolates, biscoitos recheados, salgadinhos, sorvetes, refrigerados diversos) estão sujeitos a ICMS-ST, que dispensa cBenef na revenda (CST 60/61)."
16042010,PATE DE ATUM COQUEIRO TRADICIONAL 170G,1,Sem benefício identificado (tributação normal / possível ICMS-ST),-,,00/60/61,,"Não foi identificado dispositivo de isenção, redução, diferimento ou suspensão do RICMS-SP para este item. Muitos produtos industrializados (chocolates, biscoitos recheados, salgadinhos, sorvetes, refrigerados diversos) estão sujeitos a ICMS-ST, que dispensa cBenef na revenda (CST 60/61)."
17021900,CALDA PARA PUDIM ADIMIX 7KG,1,Sem benefício identificado (tributação normal / possível ICMS-ST),-,,00/60/61,,"Não foi identificado dispositivo de isenção, redução, diferimento ou suspensão do RICMS-SP para este item. Muitos produtos industrializados (chocolates, biscoitos recheados, salgadinhos, sorvetes, refrigerados diversos) estão sujeitos a ICMS-ST, que dispensa cBenef na revenda (CST 60/61)."
17021900,MAT PRIMA CALDA PARA PUDIM KG,1,Sem benefício identificado (tributação normal / possível ICMS-ST),-,,00/60/61,,"Não foi identificado dispositivo de isenção, redução, diferimento ou suspensão do RICMS-SP para este item. Muitos produtos industrializados (chocolates, biscoitos recheados, salgadinhos, sorvetes, refrigerados diversos) estão sujeitos a ICMS-ST, que dispensa cBenef na revenda (CST 60/61)."
17041000,CHICLETE BRINCLETS OVO DINO 18G,1,Sem benefício identificado (tributação normal / possível ICMS-ST),-,,00/60/61,,"Não foi identificado dispositivo de isenção, redução, diferimento ou suspensão do RICMS-SP para este item. Muitos produtos industrializados (chocolates, biscoitos recheados, salgadinhos, sorvetes, refrigerados diversos) estão sujeitos a ICMS-ST, que dispensa cBenef na revenda (CST 60/61)."
17041000,CHICLETE BUBBALOO SABORES,1,Sem benefício identificado (tributação normal / possível ICMS-ST),-,,00/60/61,,"Não foi identificado dispositivo de isenção, redução, diferimento ou suspensão do RICMS-SP para este item. Muitos produtos industrializados (chocolates, biscoitos recheados, salgadinhos, sorvetes, refrigerados diversos) estão sujeitos a ICMS-ST, que dispensa cBenef na revenda (CST 60/61)."
17041000,CHICLETE HUEVITOS TORTUGUITA 25G,1,Sem benefício identificado (tributação normal / possível ICMS-ST),-,,00/60/61,,"Não foi identificado dispositivo de isenção, redução, diferimento ou suspensão do RICMS-SP para este item. Muitos produtos industrializados (chocolates, biscoitos recheados, salgadinhos, sorvetes, refrigerados diversos) estão sujeitos a ICMS-ST, que dispensa cBenef na revenda (CST 60/61)."
17041000,DROPS AZEDINHO MAST MORANGO 35G,1,Sem benefício identificado (tributação normal / possível ICMS-ST),-,,00/60/61,,"Não foi identificado dispositivo de isenção, redução, diferimento ou suspensão do RICMS-SP para este item. Muitos produtos industrializados (chocolates, biscoitos recheados, salgadinhos, sorvetes, refrigerados diversos) estão sujeitos a ICMS-ST, que dispensa cBenef na revenda (CST 60/61)."
17049010,CHOCOLATE LAKA 20G,1,Sem benefício identificado (tributação normal / possível ICMS-ST),-,,00/60/61,,"Não foi identificado dispositivo de isenção, redução, diferimento ou suspensão do RICMS-SP para este item. Muitos produtos industrializados (chocolates, biscoitos recheados, salgadinhos, sorvetes, refrigerados diversos) estão sujeitos a ICMS-ST, que dispensa cBenef na revenda (CST 60/61)."
17049010,CHOCOLATE NESTLE NEGRESCO RECHEADO 90G,1,Sem benefício identificado (tributação normal / possível ICMS-ST),-,,00/60/61,,"Não foi identificado dispositivo de isenção, redução, diferimento ou suspensão do RICMS-SP para este item. Muitos produtos industrializados (chocolates, biscoitos recheados, salgadinhos, sorvetes, refrigerados diversos) estão sujeitos a ICMS-ST, que dispensa cBenef na revenda (CST 60/61)."
17049010,CHOCOLATE NESTLE PRESTIGIO CHOCOLATE BRANCO 33G,1,Sem benefício identificado (tributação normal / possível ICMS-ST),-,,00/60/61,,"Não foi identificado dispositivo de isenção, redução, diferimento ou suspensão do RICMS-SP para este item. Muitos produtos industrializados (chocolates, biscoitos recheados, salgadinhos, sorvetes, refrigerados diversos) estão sujeitos a ICMS-ST, que dispensa cBenef na revenda (CST 60/61)."
17049010,CHOCOLATE SNICKERS BRANCO 42G,1,Sem benefício identificado (tributação normal / possível ICMS-ST),-,,00/60/61,,"Não foi identificado dispositivo de isenção, redução, diferimento ou suspensão do RICMS-SP para este item. Muitos produtos industrializados (chocolates, biscoitos recheados, salgadinhos, sorvetes, refrigerados diversos) estão sujeitos a ICMS-ST, que dispensa cBenef na revenda (CST 60/61)."
17049010,CHOCOLATE TALENTO BRANCO C/ DOCE DE LEITE 85G,1,Sem benefício identificado (tributação normal / possível ICMS-ST),-,,00/60/61,,"Não foi identificado dispositivo de isenção, redução, diferimento ou suspensão do RICMS-SP para este item. Muitos produtos industrializados (chocolates, biscoitos recheados, salgadinhos, sorvetes, refrigerados diversos) estão sujeitos a ICMS-ST, que dispensa cBenef na revenda (CST 60/61)."
17049010,CHOCOLATE TALENTO BRANCO CEREAIS E PASSAS 25G,1,Sem benefício identificado (tributação normal / possível ICMS-ST),-,,00/60/61,,"Não foi identificado dispositivo de isenção, redução, diferimento ou suspensão do RICMS-SP para este item. Muitos produtos industrializados (chocolates, biscoitos recheados, salgadinhos, sorvetes, refrigerados diversos) estão sujeitos a ICMS-ST, que dispensa cBenef na revenda (CST 60/61)."
17049010,CHOCOLATE TALENTO BRANCO CEREAIS E PASSAS 85G,1,Sem benefício identificado (tributação normal / possível ICMS-ST),-,,00/60/61,,"Não foi identificado dispositivo de isenção, redução, diferimento ou suspensão do RICMS-SP para este item. Muitos produtos industrializados (chocolates, biscoitos recheados, salgadinhos, sorvetes, refrigerados diversos) estão sujeitos a ICMS-ST, que dispensa cBenef na revenda (CST 60/61)."
17049010,CHOCOLATE TALENTO CAST CAJU OPERETA 85G,1,Sem benefício identificado (tributação normal / possível ICMS-ST),-,,00/60/61,,"Não foi identificado dispositivo de isenção, redução, diferimento ou suspensão do RICMS-SP para este item. Muitos produtos industrializados (chocolates, biscoitos recheados, salgadinhos, sorvetes, refrigerados diversos) estão sujeitos a ICMS-ST, que dispensa cBenef na revenda (CST 60/61)."
17049020,BALA DE GOMA DORI TUBO FRUTAS 32G,1,Sem benefício identificado (tributação normal / possível ICMS-ST),-,,00/60/61,,"Não foi identificado dispositivo de isenção, redução, diferimento ou suspensão do RICMS-SP para este item. Muitos produtos industrializados (chocolates, biscoitos recheados, salgadinhos, sorvetes, refrigerados diversos) estão sujeitos a ICMS-ST, que dispensa cBenef na revenda (CST 60/61)."
17049020,BALA FINI BEIJOS MORANGO 35G,1,Sem benefício identificado (tributação normal / possível ICMS-ST),-,,00/60/61,,"Não foi identificado dispositivo de isenção, redução, diferimento ou suspensão do RICMS-SP para este item. Muitos produtos industrializados (chocolates, biscoitos recheados, salgadinhos, sorvetes, refrigerados diversos) estão sujeitos a ICMS-ST, que dispensa cBenef na revenda (CST 60/61)."
17049020,BALA FINI BEIJOS MORANGO 80G,1,Sem benefício identificado (tributação normal / possível ICMS-ST),-,,00/60/61,,"Não foi identificado dispositivo de isenção, redução, diferimento ou suspensão do RICMS-SP para este item. Muitos produtos industrializados (chocolates, biscoitos recheados, salgadinhos, sorvetes, refrigerados diversos) estão sujeitos a ICMS-ST, que dispensa cBenef na revenda (CST 60/61)."
17049020,BALA FINI DENTADURA 35G,1,Sem benefício identificado (tributação normal / possível ICMS-ST),-,,00/60/61,,"Não foi identificado dispositivo de isenção, redução, diferimento ou suspensão do RICMS-SP para este item. Muitos produtos industrializados (chocolates, biscoitos recheados, salgadinhos, sorvetes, refrigerados diversos) estão sujeitos a ICMS-ST, que dispensa cBenef na revenda (CST 60/61)."
17049020,BALA FINI DENTADURA GELATINA 90G,1,Sem benefício identificado (tributação normal / possível ICMS-ST),-,,00/60/61,,"Não foi identificado dispositivo de isenção, redução, diferimento ou suspensão do RICMS-SP para este item. Muitos produtos industrializados (chocolates, biscoitos recheados, salgadinhos, sorvetes, refrigerados diversos) estão sujeitos a ICMS-ST, que dispensa cBenef na revenda (CST 60/61)."
17049020,BALA FINI FINIBURGERS 90G,1,Sem benefício identificado (tributação normal / possível ICMS-ST),-,,00/60/61,,"Não foi identificado dispositivo de isenção, redução, diferimento ou suspensão do RICMS-SP para este item. Muitos produtos industrializados (chocolates, biscoitos recheados, salgadinhos, sorvetes, refrigerados diversos) estão sujeitos a ICMS-ST, que dispensa cBenef na revenda (CST 60/61)."
17049020,BALA FINI GELATINA MORANGO SILVESTRE 80G,1,Sem benefício identificado (tributação normal / possível ICMS-ST),-,,00/60/61,,"Não foi identificado dispositivo de isenção, redução, diferimento ou suspensão do RICMS-SP para este item. Muitos produtos industrializados (chocolates, biscoitos recheados, salgadinhos, sorvetes, refrigerados diversos) estão sujeitos a ICMS-ST, que dispensa cBenef na revenda (CST 60/61)."
17049020,BALA FINI MINHOCA BRILHO 80G,1,Sem benefício identificado (tributação normal / possível ICMS-ST),-,,00/60/61,,"Não foi identificado dispositivo de isenção, redução, diferimento ou suspensão do RICMS-SP para este item. Muitos produtos industrializados (chocolates, biscoitos recheados, salgadinhos, sorvetes, refrigerados diversos) estão sujeitos a ICMS-ST, que dispensa cBenef na revenda (CST 60/61)."
17049020,BALA FINI SAPO 80G,1,Sem benefício identificado (tributação normal / possível ICMS-ST),-,,00/60/61,,"Não foi identificado dispositivo de isenção, redução, diferimento ou suspensão do RICMS-SP para este item. Muitos produtos industrializados (chocolates, biscoitos recheados, salgadinhos, sorvetes, refrigerados diversos) estão sujeitos a ICMS-ST, que dispensa cBenef na revenda (CST 60/61)."
17049020,BALA FINI TUBES 35G,1,Sem benefício identificado (tributação normal / possível ICMS-ST),-,,00/60/61,,"Não foi identificado dispositivo de isenção, redução, diferimento ou suspensão do RICMS-SP para este item. Muitos produtos industrializados (chocolates, biscoitos recheados, salgadinhos, sorvetes, refrigerados diversos) estão sujeitos a ICMS-ST, que dispensa cBenef na revenda (CST 60/61)."
17049020,BALA FINI TUBES AZEDINHOS MORAN NATA 35G,1,Sem benefício identificado (tributação normal / possível ICMS-ST),-,,00/60/61,,"Não foi identificado dispositivo de isenção, redução, diferimento ou suspensão do RICMS-SP para este item. Muitos produtos industrializados (chocolates, biscoitos recheados, salgadinhos, sorvetes, refrigerados diversos) estão sujeitos a ICMS-ST, que dispensa cBenef na revenda (CST 60/61)."
17049020,BALA FINI TUBES MORANGO 80G,1,Sem benefício identificado (tributação normal / possível ICMS-ST),-,,00/60/61,,"Não foi identificado dispositivo de isenção, redução, diferimento ou suspensão do RICMS-SP para este item. Muitos produtos industrializados (chocolates, biscoitos recheados, salgadinhos, sorvetes, refrigerados diversos) estão sujeitos a ICMS-ST, que dispensa cBenef na revenda (CST 60/61)."
17049020,BALA FRUITELLA MASTIG MELANCIA 40G,1,Sem benefício identificado (tributação normal / possível ICMS-ST),-,,00/60/61,,"Não foi identificado dispositivo de isenção, redução, diferimento ou suspensão do RICMS-SP para este item. Muitos produtos industrializados (chocolates, biscoitos recheados, salgadinhos, sorvetes, refrigerados diversos) estão sujeitos a ICMS-ST, que dispensa cBenef na revenda (CST 60/61)."
17049020,BALA FRUITTELLA CARAMELO 41G,1,Sem benefício identificado (tributação normal / possível ICMS-ST),-,,00/60/61,,"Não foi identificado dispositivo de isenção, redução, diferimento ou suspensão do RICMS-SP para este item. Muitos produtos industrializados (chocolates, biscoitos recheados, salgadinhos, sorvetes, refrigerados diversos) estão sujeitos a ICMS-ST, que dispensa cBenef na revenda (CST 60/61)."
17049020,BALA FRUITTELLA MAST MORANGO 40G,1,Sem benefício identificado (tributação normal / possível ICMS-ST),-,,00/60/61,,"Não foi identificado dispositivo de isenção, redução, diferimento ou suspensão do RICMS-SP para este item. Muitos produtos industrializados (chocolates, biscoitos recheados, salgadinhos, sorvetes, refrigerados diversos) estão sujeitos a ICMS-ST, que dispensa cBenef na revenda (CST 60/61)."
17049020,BALA FRUITTELLA MAST MORANGO ACIDO 40G,1,Sem benefício identificado (tributação normal / possível ICMS-ST),-,,00/60/61,,"Não foi identificado dispositivo de isenção, redução, diferimento ou suspensão do RICMS-SP para este item. Muitos produtos industrializados (chocolates, biscoitos recheados, salgadinhos, sorvetes, refrigerados diversos) estão sujeitos a ICMS-ST, que dispensa cBenef na revenda (CST 60/61)."
17049020,BALA FRUITTELLA SWIRL FRAMBOESA E CREME 41G,1,Sem benefício identificado (tributação normal / possível ICMS-ST),-,,00/60/61,,"Não foi identificado dispositivo de isenção, redução, diferimento ou suspensão do RICMS-SP para este item. Muitos produtos industrializados (chocolates, biscoitos recheados, salgadinhos, sorvetes, refrigerados diversos) estão sujeitos a ICMS-ST, que dispensa cBenef na revenda (CST 60/61)."
17049020,BALA FRUITTELLA SWIRL MORANGO C/ CREME 41G,1,Sem benefício identificado (tributação normal / possível ICMS-ST),-,,00/60/61,,"Não foi identificado dispositivo de isenção, redução, diferimento ou suspensão do RICMS-SP para este item. Muitos produtos industrializados (chocolates, biscoitos recheados, salgadinhos, sorvetes, refrigerados diversos) estão sujeitos a ICMS-ST, que dispensa cBenef na revenda (CST 60/61)."
17049020,"BALA MENTOS BRASIL MACA VERDE E LIMAO 37,5G",1,Sem benefício identificado (tributação normal / possível ICMS-ST),-,,00/60/61,,"Não foi identificado dispositivo de isenção, redução, diferimento ou suspensão do RICMS-SP para este item. Muitos produtos industrializados (chocolates, biscoitos recheados, salgadinhos, sorvetes, refrigerados diversos) estão sujeitos a ICMS-ST, que dispensa cBenef na revenda (CST 60/61)."
17049020,"BALA MENTOS FRUIT 37,5G",1,Sem benefício identificado (tributação normal / possível ICMS-ST),-,,00/60/61,,"Não foi identificado dispositivo de isenção, redução, diferimento ou suspensão do RICMS-SP para este item. Muitos produtos industrializados (chocolates, biscoitos recheados, salgadinhos, sorvetes, refrigerados diversos) estão sujeitos a ICMS-ST, que dispensa cBenef na revenda (CST 60/61)."
17049020,"BALA MENTOS FRUTAS VERMELHAS 37,5G",1,Sem benefício identificado (tributação normal / possível ICMS-ST),-,,00/60/61,,"Não foi identificado dispositivo de isenção, redução, diferimento ou suspensão do RICMS-SP para este item. Muitos produtos industrializados (chocolates, biscoitos recheados, salgadinhos, sorvetes, refrigerados diversos) estão sujeitos a ICMS-ST, que dispensa cBenef na revenda (CST 60/61)."
17049020,"BALA MENTOS MINT 37,5G",1,Sem benefício identificado (tributação normal / possível ICMS-ST),-,,00/60/61,,"Não foi identificado dispositivo de isenção, redução, diferimento ou suspensão do RICMS-SP para este item. Muitos produtos industrializados (chocolates, biscoitos recheados, salgadinhos, sorvetes, refrigerados diversos) estão sujeitos a ICMS-ST, que dispensa cBenef na revenda (CST 60/61)."
17049020,"BALA MENTOS MORANGO E YOGURT 37,5G",1,Sem benefício identificado (tributação normal / possível ICMS-ST),-,,00/60/61,,"Não foi identificado dispositivo de isenção, redução, diferimento ou suspensão do RICMS-SP para este item. Muitos produtos industrializados (chocolates, biscoitos recheados, salgadinhos, sorvetes, refrigerados diversos) estão sujeitos a ICMS-ST, que dispensa cBenef na revenda (CST 60/61)."
17049020,"BALA MENTOS RAINBOW DOCE 37,5G",1,Sem benefício identificado (tributação normal / possível ICMS-ST),-,,00/60/61,,"Não foi identificado dispositivo de isenção, redução, diferimento ou suspensão do RICMS-SP para este item. Muitos produtos industrializados (chocolates, biscoitos recheados, salgadinhos, sorvetes, refrigerados diversos) estão sujeitos a ICMS-ST, que dispensa cBenef na revenda (CST 60/61)."
17049020,"BALA MENTOS TUTTI FRUTTI 37,5G",1,Sem benefício identificado (tributação normal / possível ICMS-ST),-,,00/60/61,,"Não foi identificado dispositivo de isenção, redução, diferimento ou suspensão do RICMS-SP para este item. Muitos produtos industrializados (chocolates, biscoitos recheados, salgadinhos, sorvetes, refrigerados diversos) estão sujeitos a ICMS-ST, que dispensa cBenef na revenda (CST 60/61)."
17049020,BALA MOGUL 360 SORTIDOS URSINHO 26G,1,Sem benefício identificado (tributação normal / possível ICMS-ST),-,,00/60/61,,"Não foi identificado dispositivo de isenção, redução, diferimento ou suspensão do RICMS-SP para este item. Muitos produtos industrializados (chocolates, biscoitos recheados, salgadinhos, sorvetes, refrigerados diversos) estão sujeitos a ICMS-ST, que dispensa cBenef na revenda (CST 60/61)."
17049020,BALA SKITTLES ORIGINAL 38G,1,Sem benefício identificado (tributação normal / possível ICMS-ST),-,,00/60/61,,"Não foi identificado dispositivo de isenção, redução, diferimento ou suspensão do RICMS-SP para este item. Muitos produtos industrializados (chocolates, biscoitos recheados, salgadinhos, sorvetes, refrigerados diversos) estão sujeitos a ICMS-ST, que dispensa cBenef na revenda (CST 60/61)."
17049020,BALAS SABORES,1,Sem benefício identificado (tributação normal / possível ICMS-ST),-,,00/60/61,,"Não foi identificado dispositivo de isenção, redução, diferimento ou suspensão do RICMS-SP para este item. Muitos produtos industrializados (chocolates, biscoitos recheados, salgadinhos, sorvetes, refrigerados diversos) estão sujeitos a ICMS-ST, que dispensa cBenef na revenda (CST 60/61)."
17049020,BRINQUEDO CHOCONFETI PATRULHA CANINA,1,Sem benefício identificado (tributação normal / possível ICMS-ST),-,,00/60/61,,"Não foi identificado dispositivo de isenção, redução, diferimento ou suspensão do RICMS-SP para este item. Muitos produtos industrializados (chocolates, biscoitos recheados, salgadinhos, sorvetes, refrigerados diversos) estão sujeitos a ICMS-ST, que dispensa cBenef na revenda (CST 60/61)."
17049020,BRINQUEDO POP LITO CRISTAIS UNICORNIO,1,Sem benefício identificado (tributação normal / possível ICMS-ST),-,,00/60/61,,"Não foi identificado dispositivo de isenção, redução, diferimento ou suspensão do RICMS-SP para este item. Muitos produtos industrializados (chocolates, biscoitos recheados, salgadinhos, sorvetes, refrigerados diversos) estão sujeitos a ICMS-ST, que dispensa cBenef na revenda (CST 60/61)."
17049020,CHICLETE BRINCLETS FRUTAS 18G,1,Sem benefício identificado (tributação normal / possível ICMS-ST),-,,00/60/61,,"Não foi identificado dispositivo de isenção, redução, diferimento ou suspensão do RICMS-SP para este item. Muitos produtos industrializados (chocolates, biscoitos recheados, salgadinhos, sorvetes, refrigerados diversos) estão sujeitos a ICMS-ST, que dispensa cBenef na revenda (CST 60/61)."
17049020,DROPS AZEDINHA MORANGO 29G,1,Sem benefício identificado (tributação normal / possível ICMS-ST),-,,00/60/61,,"Não foi identificado dispositivo de isenção, redução, diferimento ou suspensão do RICMS-SP para este item. Muitos produtos industrializados (chocolates, biscoitos recheados, salgadinhos, sorvetes, refrigerados diversos) estão sujeitos a ICMS-ST, que dispensa cBenef na revenda (CST 60/61)."
17049020,DROPS AZEDINHO UVA 29G,1,Sem benefício identificado (tributação normal / possível ICMS-ST),-,,00/60/61,,"Não foi identificado dispositivo de isenção, redução, diferimento ou suspensão do RICMS-SP para este item. Muitos produtos industrializados (chocolates, biscoitos recheados, salgadinhos, sorvetes, refrigerados diversos) estão sujeitos a ICMS-ST, que dispensa cBenef na revenda (CST 60/61)."
17049020,"DROPS FREEGELLS VIT C FRUTAS CITRICAS 27,9G",1,Sem benefício identificado (tributação normal / possível ICMS-ST),-,,00/60/61,,"Não foi identificado dispositivo de isenção, redução, diferimento ou suspensão do RICMS-SP para este item. Muitos produtos industrializados (chocolates, biscoitos recheados, salgadinhos, sorvetes, refrigerados diversos) estão sujeitos a ICMS-ST, que dispensa cBenef na revenda (CST 60/61)."
17049020,DROPS HALLS CEREJA 28G,1,Sem benefício identificado (tributação normal / possível ICMS-ST),-,,00/60/61,,"Não foi identificado dispositivo de isenção, redução, diferimento ou suspensão do RICMS-SP para este item. Muitos produtos industrializados (chocolates, biscoitos recheados, salgadinhos, sorvetes, refrigerados diversos) estão sujeitos a ICMS-ST, que dispensa cBenef na revenda (CST 60/61)."
17049020,"DROPS HALLS EXTRA FORTE 27,5G",2,Sem benefício identificado (tributação normal / possível ICMS-ST),-,,00/60/61,,"Não foi identificado dispositivo de isenção, redução, diferimento ou suspensão do RICMS-SP para este item. Muitos produtos industrializados (chocolates, biscoitos recheados, salgadinhos, sorvetes, refrigerados diversos) estão sujeitos a ICMS-ST, que dispensa cBenef na revenda (CST 60/61)."
17049020,DROPS HALLS MELANCIA 28G,1,Sem benefício identificado (tributação normal / possível ICMS-ST),-,,00/60/61,,"Não foi identificado dispositivo de isenção, redução, diferimento ou suspensão do RICMS-SP para este item. Muitos produtos industrializados (chocolates, biscoitos recheados, salgadinhos, sorvetes, refrigerados diversos) estão sujeitos a ICMS-ST, que dispensa cBenef na revenda (CST 60/61)."
17049020,DROPS HALLS MENTA 28G,1,Sem benefício identificado (tributação normal / possível ICMS-ST),-,,00/60/61,,"Não foi identificado dispositivo de isenção, redução, diferimento ou suspensão do RICMS-SP para este item. Muitos produtos industrializados (chocolates, biscoitos recheados, salgadinhos, sorvetes, refrigerados diversos) estão sujeitos a ICMS-ST, que dispensa cBenef na revenda (CST 60/61)."
17049020,DROPS HALLS MENTOL 28G,1,Sem benefício identificado (tributação normal / possível ICMS-ST),-,,00/60/61,,"Não foi identificado dispositivo de isenção, redução, diferimento ou suspensão do RICMS-SP para este item. Muitos produtos industrializados (chocolates, biscoitos recheados, salgadinhos, sorvetes, refrigerados diversos) estão sujeitos a ICMS-ST, que dispensa cBenef na revenda (CST 60/61)."
17049020,DROPS HALLS MORANGO 28G,1,Sem benefício identificado (tributação normal / possível ICMS-ST),-,,00/60/61,,"Não foi identificado dispositivo de isenção, redução, diferimento ou suspensão do RICMS-SP para este item. Muitos produtos industrializados (chocolates, biscoitos recheados, salgadinhos, sorvetes, refrigerados diversos) estão sujeitos a ICMS-ST, que dispensa cBenef na revenda (CST 60/61)."
17049020,DROPS HALLS UVA VERDE 28G,1,Sem benefício identificado (tributação normal / possível ICMS-ST),-,,00/60/61,,"Não foi identificado dispositivo de isenção, redução, diferimento ou suspensão do RICMS-SP para este item. Muitos produtos industrializados (chocolates, biscoitos recheados, salgadinhos, sorvetes, refrigerados diversos) estão sujeitos a ICMS-ST, que dispensa cBenef na revenda (CST 60/61)."
17049020,DROPS ICEKISS EXTRA FORTE 29G,1,Sem benefício identificado (tributação normal / possível ICMS-ST),-,,00/60/61,,"Não foi identificado dispositivo de isenção, redução, diferimento ou suspensão do RICMS-SP para este item. Muitos produtos industrializados (chocolates, biscoitos recheados, salgadinhos, sorvetes, refrigerados diversos) estão sujeitos a ICMS-ST, que dispensa cBenef na revenda (CST 60/61)."
17049020,MARSHMALLOW FINI CAMPING 80G,1,Sem benefício identificado (tributação normal / possível ICMS-ST),-,,00/60/61,,"Não foi identificado dispositivo de isenção, redução, diferimento ou suspensão do RICMS-SP para este item. Muitos produtos industrializados (chocolates, biscoitos recheados, salgadinhos, sorvetes, refrigerados diversos) estão sujeitos a ICMS-ST, que dispensa cBenef na revenda (CST 60/61)."
17049020,MINI GOMA DOCILE EUCALIPTO 18G,1,Sem benefício identificado (tributação normal / possível ICMS-ST),-,,00/60/61,,"Não foi identificado dispositivo de isenção, redução, diferimento ou suspensão do RICMS-SP para este item. Muitos produtos industrializados (chocolates, biscoitos recheados, salgadinhos, sorvetes, refrigerados diversos) estão sujeitos a ICMS-ST, que dispensa cBenef na revenda (CST 60/61)."
17049020,PASTILHA GAROTO HORTELA 17G,1,Sem benefício identificado (tributação normal / possível ICMS-ST),-,,00/60/61,,"Não foi identificado dispositivo de isenção, redução, diferimento ou suspensão do RICMS-SP para este item. Muitos produtos industrializados (chocolates, biscoitos recheados, salgadinhos, sorvetes, refrigerados diversos) estão sujeitos a ICMS-ST, que dispensa cBenef na revenda (CST 60/61)."
17049020,"PASTILHA TIC TAC FRUTAS COMO TE GUSTA 14,5G",1,Sem benefício identificado (tributação normal / possível ICMS-ST),-,,00/60/61,,"Não foi identificado dispositivo de isenção, redução, diferimento ou suspensão do RICMS-SP para este item. Muitos produtos industrializados (chocolates, biscoitos recheados, salgadinhos, sorvetes, refrigerados diversos) estão sujeitos a ICMS-ST, que dispensa cBenef na revenda (CST 60/61)."
17049020,"PASTILHA TIC TAC LARANJA 14,5G",1,Sem benefício identificado (tributação normal / possível ICMS-ST),-,,00/60/61,,"Não foi identificado dispositivo de isenção, redução, diferimento ou suspensão do RICMS-SP para este item. Muitos produtos industrializados (chocolates, biscoitos recheados, salgadinhos, sorvetes, refrigerados diversos) estão sujeitos a ICMS-ST, que dispensa cBenef na revenda (CST 60/61)."
17049020,PASTILHA TIC TAC MELAO E LIMA LIMAO T100,1,Sem benefício identificado (tributação normal / possível ICMS-ST),-,,00/60/61,,"Não foi identificado dispositivo de isenção, redução, diferimento ou suspensão do RICMS-SP para este item. Muitos produtos industrializados (chocolates, biscoitos recheados, salgadinhos, sorvetes, refrigerados diversos) estão sujeitos a ICMS-ST, que dispensa cBenef na revenda (CST 60/61)."
17049020,"PASTILHA TIC TAC MENTA 14,5G",1,Sem benefício identificado (tributação normal / possível ICMS-ST),-,,00/60/61,,"Não foi identificado dispositivo de isenção, redução, diferimento ou suspensão do RICMS-SP para este item. Muitos produtos industrializados (chocolates, biscoitos recheados, salgadinhos, sorvetes, refrigerados diversos) estão sujeitos a ICMS-ST, que dispensa cBenef na revenda (CST 60/61)."
17049020,"PASTILHA TIC TAC MENTA FRESH 14,5G.",1,Sem benefício identificado (tributação normal / possível ICMS-ST),-,,00/60/61,,"Não foi identificado dispositivo de isenção, redução, diferimento ou suspensão do RICMS-SP para este item. Muitos produtos industrializados (chocolates, biscoitos recheados, salgadinhos, sorvetes, refrigerados diversos) estão sujeitos a ICMS-ST, que dispensa cBenef na revenda (CST 60/61)."
17049020,"PASTILHA TIC TAC TWO MENTA 38,5G",1,Sem benefício identificado (tributação normal / possível ICMS-ST),-,,00/60/61,,"Não foi identificado dispositivo de isenção, redução, diferimento ou suspensão do RICMS-SP para este item. Muitos produtos industrializados (chocolates, biscoitos recheados, salgadinhos, sorvetes, refrigerados diversos) estão sujeitos a ICMS-ST, que dispensa cBenef na revenda (CST 60/61)."
17049020,PIRULITO,1,Sem benefício identificado (tributação normal / possível ICMS-ST),-,,00/60/61,,"Não foi identificado dispositivo de isenção, redução, diferimento ou suspensão do RICMS-SP para este item. Muitos produtos industrializados (chocolates, biscoitos recheados, salgadinhos, sorvetes, refrigerados diversos) estão sujeitos a ICMS-ST, que dispensa cBenef na revenda (CST 60/61)."
17049020,PIRULITO BABY BOTTLE POP 31G,1,Sem benefício identificado (tributação normal / possível ICMS-ST),-,,00/60/61,,"Não foi identificado dispositivo de isenção, redução, diferimento ou suspensão do RICMS-SP para este item. Muitos produtos industrializados (chocolates, biscoitos recheados, salgadinhos, sorvetes, refrigerados diversos) estão sujeitos a ICMS-ST, que dispensa cBenef na revenda (CST 60/61)."
17049020,PIRULITO LOLLIPOP GOURMET SAMS COTTON CANDY 31G,1,Sem benefício identificado (tributação normal / possível ICMS-ST),-,,00/60/61,,"Não foi identificado dispositivo de isenção, redução, diferimento ou suspensão do RICMS-SP para este item. Muitos produtos industrializados (chocolates, biscoitos recheados, salgadinhos, sorvetes, refrigerados diversos) estão sujeitos a ICMS-ST, que dispensa cBenef na revenda (CST 60/61)."
17049020,PIRULITO POP LITO DINO 11G,1,Sem benefício identificado (tributação normal / possível ICMS-ST),-,,00/60/61,,"Não foi identificado dispositivo de isenção, redução, diferimento ou suspensão do RICMS-SP para este item. Muitos produtos industrializados (chocolates, biscoitos recheados, salgadinhos, sorvetes, refrigerados diversos) estão sujeitos a ICMS-ST, que dispensa cBenef na revenda (CST 60/61)."
17049020,PIRULITO POP LITO PRINCESAS MORANGO 11G,1,Sem benefício identificado (tributação normal / possível ICMS-ST),-,,00/60/61,,"Não foi identificado dispositivo de isenção, redução, diferimento ou suspensão do RICMS-SP para este item. Muitos produtos industrializados (chocolates, biscoitos recheados, salgadinhos, sorvetes, refrigerados diversos) estão sujeitos a ICMS-ST, que dispensa cBenef na revenda (CST 60/61)."
17049020,PIRULITO PUSH POP SABORES 14G,1,Sem benefício identificado (tributação normal / possível ICMS-ST),-,,00/60/61,,"Não foi identificado dispositivo de isenção, redução, diferimento ou suspensão do RICMS-SP para este item. Muitos produtos industrializados (chocolates, biscoitos recheados, salgadinhos, sorvetes, refrigerados diversos) estão sujeitos a ICMS-ST, que dispensa cBenef na revenda (CST 60/61)."
17049090,AMENDOIM AMENDO TIM GLACEADO E TORRADO C/ CHOC 82G,2,Sem benefício identificado (tributação normal / possível ICMS-ST),-,,00/60/61,,"Não foi identificado dispositivo de isenção, redução, diferimento ou suspensão do RICMS-SP para este item. Muitos produtos industrializados (chocolates, biscoitos recheados, salgadinhos, sorvetes, refrigerados diversos) estão sujeitos a ICMS-ST, que dispensa cBenef na revenda (CST 60/61)."
17049090,MAT PRIMA RECHEIO BAUNILHA KG,1,Sem benefício identificado (tributação normal / possível ICMS-ST),-,,00/60/61,,"Não foi identificado dispositivo de isenção, redução, diferimento ou suspensão do RICMS-SP para este item. Muitos produtos industrializados (chocolates, biscoitos recheados, salgadinhos, sorvetes, refrigerados diversos) estão sujeitos a ICMS-ST, que dispensa cBenef na revenda (CST 60/61)."
17049090,PACOCA CASEIRA DE AMENDOIM DOCES NOVAES 90G,1,Sem benefício identificado (tributação normal / possível ICMS-ST),-,,00/60/61,,"Não foi identificado dispositivo de isenção, redução, diferimento ou suspensão do RICMS-SP para este item. Muitos produtos industrializados (chocolates, biscoitos recheados, salgadinhos, sorvetes, refrigerados diversos) estão sujeitos a ICMS-ST, que dispensa cBenef na revenda (CST 60/61)."
17049090,PACOCA MORENINHA DO RIO 20G,1,Sem benefício identificado (tributação normal / possível ICMS-ST),-,,00/60/61,,"Não foi identificado dispositivo de isenção, redução, diferimento ou suspensão do RICMS-SP para este item. Muitos produtos industrializados (chocolates, biscoitos recheados, salgadinhos, sorvetes, refrigerados diversos) estão sujeitos a ICMS-ST, que dispensa cBenef na revenda (CST 60/61)."
17049090,PACOCA WHEY PROTEIN FIT ACAI 7G PROTEINA,1,Sem benefício identificado (tributação normal / possível ICMS-ST),-,,00/60/61,,"Não foi identificado dispositivo de isenção, redução, diferimento ou suspensão do RICMS-SP para este item. Muitos produtos industrializados (chocolates, biscoitos recheados, salgadinhos, sorvetes, refrigerados diversos) estão sujeitos a ICMS-ST, que dispensa cBenef na revenda (CST 60/61)."
17049090,PACOCA WHEY PROTEIN FIT CHOCOLATE BRANCO 7G PROTEINA,1,Sem benefício identificado (tributação normal / possível ICMS-ST),-,,00/60/61,,"Não foi identificado dispositivo de isenção, redução, diferimento ou suspensão do RICMS-SP para este item. Muitos produtos industrializados (chocolates, biscoitos recheados, salgadinhos, sorvetes, refrigerados diversos) estão sujeitos a ICMS-ST, que dispensa cBenef na revenda (CST 60/61)."
17049090,PE DE MOLEQUE NBONN CROCANTE 35G,1,Sem benefício identificado (tributação normal / possível ICMS-ST),-,,00/60/61,,"Não foi identificado dispositivo de isenção, redução, diferimento ou suspensão do RICMS-SP para este item. Muitos produtos industrializados (chocolates, biscoitos recheados, salgadinhos, sorvetes, refrigerados diversos) estão sujeitos a ICMS-ST, que dispensa cBenef na revenda (CST 60/61)."
17049090,TORRONE COM AMENDOIM MONTEVERGINE 90G,1,Sem benefício identificado (tributação normal / possível ICMS-ST),-,,00/60/61,,"Não foi identificado dispositivo de isenção, redução, diferimento ou suspensão do RICMS-SP para este item. Muitos produtos industrializados (chocolates, biscoitos recheados, salgadinhos, sorvetes, refrigerados diversos) estão sujeitos a ICMS-ST, que dispensa cBenef na revenda (CST 60/61)."
18061000,CHOCOLATE EM PO DOIS FRADES NESTLE 200G,1,Sem benefício identificado (tributação normal / possível ICMS-ST),-,,00/60/61,,"Não foi identificado dispositivo de isenção, redução, diferimento ou suspensão do RICMS-SP para este item. Muitos produtos industrializados (chocolates, biscoitos recheados, salgadinhos, sorvetes, refrigerados diversos) estão sujeitos a ICMS-ST, que dispensa cBenef na revenda (CST 60/61)."
18062000,MAT PRIMA BARRA DE CHOC AO LEITE KG,1,Sem benefício identificado (tributação normal / possível ICMS-ST),-,,00/60/61,,"Não foi identificado dispositivo de isenção, redução, diferimento ou suspensão do RICMS-SP para este item. Muitos produtos industrializados (chocolates, biscoitos recheados, salgadinhos, sorvetes, refrigerados diversos) estão sujeitos a ICMS-ST, que dispensa cBenef na revenda (CST 60/61)."
18062000,MAT PRIMA COB GANACHE KG,1,Sem benefício identificado (tributação normal / possível ICMS-ST),-,,00/60/61,,"Não foi identificado dispositivo de isenção, redução, diferimento ou suspensão do RICMS-SP para este item. Muitos produtos industrializados (chocolates, biscoitos recheados, salgadinhos, sorvetes, refrigerados diversos) estão sujeitos a ICMS-ST, que dispensa cBenef na revenda (CST 60/61)."
18062000,MAT PRIMA RECH CREME COM AVELA KG,1,Sem benefício identificado (tributação normal / possível ICMS-ST),-,,00/60/61,,"Não foi identificado dispositivo de isenção, redução, diferimento ou suspensão do RICMS-SP para este item. Muitos produtos industrializados (chocolates, biscoitos recheados, salgadinhos, sorvetes, refrigerados diversos) estão sujeitos a ICMS-ST, que dispensa cBenef na revenda (CST 60/61)."
18063110,CHOC TAB BLOCK DUBAY STYLE PACOCA 165G,1,Sem benefício identificado (tributação normal / possível ICMS-ST),-,,00/60/61,,"Não foi identificado dispositivo de isenção, redução, diferimento ou suspensão do RICMS-SP para este item. Muitos produtos industrializados (chocolates, biscoitos recheados, salgadinhos, sorvetes, refrigerados diversos) estão sujeitos a ICMS-ST, que dispensa cBenef na revenda (CST 60/61)."
18063110,CHOCOLATE GAROTO BATON CREME RECHEADO 90G,1,Sem benefício identificado (tributação normal / possível ICMS-ST),-,,00/60/61,,"Não foi identificado dispositivo de isenção, redução, diferimento ou suspensão do RICMS-SP para este item. Muitos produtos industrializados (chocolates, biscoitos recheados, salgadinhos, sorvetes, refrigerados diversos) estão sujeitos a ICMS-ST, que dispensa cBenef na revenda (CST 60/61)."
18063110,CHOCOLATE GAROTO CHOCANTE RECHEADO 90G,1,Sem benefício identificado (tributação normal / possível ICMS-ST),-,,00/60/61,,"Não foi identificado dispositivo de isenção, redução, diferimento ou suspensão do RICMS-SP para este item. Muitos produtos industrializados (chocolates, biscoitos recheados, salgadinhos, sorvetes, refrigerados diversos) estão sujeitos a ICMS-ST, que dispensa cBenef na revenda (CST 60/61)."
18063110,CHOCOLATE GAROTO PE DE MOLEQUE RECHEADO 90G,1,Sem benefício identificado (tributação normal / possível ICMS-ST),-,,00/60/61,,"Não foi identificado dispositivo de isenção, redução, diferimento ou suspensão do RICMS-SP para este item. Muitos produtos industrializados (chocolates, biscoitos recheados, salgadinhos, sorvetes, refrigerados diversos) estão sujeitos a ICMS-ST, que dispensa cBenef na revenda (CST 60/61)."
18063110,"CHOCOLATE KINDER AO LEITE 12,5G",1,Sem benefício identificado (tributação normal / possível ICMS-ST),-,,00/60/61,,"Não foi identificado dispositivo de isenção, redução, diferimento ou suspensão do RICMS-SP para este item. Muitos produtos industrializados (chocolates, biscoitos recheados, salgadinhos, sorvetes, refrigerados diversos) estão sujeitos a ICMS-ST, que dispensa cBenef na revenda (CST 60/61)."
18063110,CHOCOLATE KINDER T4 50G,1,Sem benefício identificado (tributação normal / possível ICMS-ST),-,,00/60/61,,"Não foi identificado dispositivo de isenção, redução, diferimento ou suspensão do RICMS-SP para este item. Muitos produtos industrializados (chocolates, biscoitos recheados, salgadinhos, sorvetes, refrigerados diversos) estão sujeitos a ICMS-ST, que dispensa cBenef na revenda (CST 60/61)."
18063110,CHOCOLATE LINDT LINDOR HALZENUT SINGLE 100G,1,Sem benefício identificado (tributação normal / possível ICMS-ST),-,,00/60/61,,"Não foi identificado dispositivo de isenção, redução, diferimento ou suspensão do RICMS-SP para este item. Muitos produtos industrializados (chocolates, biscoitos recheados, salgadinhos, sorvetes, refrigerados diversos) estão sujeitos a ICMS-ST, que dispensa cBenef na revenda (CST 60/61)."
18063110,CHOCOLATE LINDT LINDOR MILK SINGLE 100G,2,Sem benefício identificado (tributação normal / possível ICMS-ST),-,,00/60/61,,"Não foi identificado dispositivo de isenção, redução, diferimento ou suspensão do RICMS-SP para este item. Muitos produtos industrializados (chocolates, biscoitos recheados, salgadinhos, sorvetes, refrigerados diversos) estão sujeitos a ICMS-ST, que dispensa cBenef na revenda (CST 60/61)."
18063110,CHOCOLATE NESTLE CHOCO TRIO AO LEITE 90G,1,Sem benefício identificado (tributação normal / possível ICMS-ST),-,,00/60/61,,"Não foi identificado dispositivo de isenção, redução, diferimento ou suspensão do RICMS-SP para este item. Muitos produtos industrializados (chocolates, biscoitos recheados, salgadinhos, sorvetes, refrigerados diversos) estão sujeitos a ICMS-ST, que dispensa cBenef na revenda (CST 60/61)."
18063110,CHOCOLATE NESTLE CHOCO TRIO AVELA 90G,1,Sem benefício identificado (tributação normal / possível ICMS-ST),-,,00/60/61,,"Não foi identificado dispositivo de isenção, redução, diferimento ou suspensão do RICMS-SP para este item. Muitos produtos industrializados (chocolates, biscoitos recheados, salgadinhos, sorvetes, refrigerados diversos) estão sujeitos a ICMS-ST, que dispensa cBenef na revenda (CST 60/61)."
18063110,CHOCOLATE NESTLE RECHEADO CHARGE 90G,1,Sem benefício identificado (tributação normal / possível ICMS-ST),-,,00/60/61,,"Não foi identificado dispositivo de isenção, redução, diferimento ou suspensão do RICMS-SP para este item. Muitos produtos industrializados (chocolates, biscoitos recheados, salgadinhos, sorvetes, refrigerados diversos) estão sujeitos a ICMS-ST, que dispensa cBenef na revenda (CST 60/61)."
18063110,CHOCOLATE NESTLE RECHEADO GALAK 90G,1,Sem benefício identificado (tributação normal / possível ICMS-ST),-,,00/60/61,,"Não foi identificado dispositivo de isenção, redução, diferimento ou suspensão do RICMS-SP para este item. Muitos produtos industrializados (chocolates, biscoitos recheados, salgadinhos, sorvetes, refrigerados diversos) estão sujeitos a ICMS-ST, que dispensa cBenef na revenda (CST 60/61)."
18063110,CHOCOLATE NESTLE RECHEADO PRESTIG 90G,1,Sem benefício identificado (tributação normal / possível ICMS-ST),-,,00/60/61,,"Não foi identificado dispositivo de isenção, redução, diferimento ou suspensão do RICMS-SP para este item. Muitos produtos industrializados (chocolates, biscoitos recheados, salgadinhos, sorvetes, refrigerados diversos) estão sujeitos a ICMS-ST, que dispensa cBenef na revenda (CST 60/61)."
18063110,CHOCOLATE SNICKERS DARK 42G,1,Sem benefício identificado (tributação normal / possível ICMS-ST),-,,00/60/61,,"Não foi identificado dispositivo de isenção, redução, diferimento ou suspensão do RICMS-SP para este item. Muitos produtos industrializados (chocolates, biscoitos recheados, salgadinhos, sorvetes, refrigerados diversos) estão sujeitos a ICMS-ST, que dispensa cBenef na revenda (CST 60/61)."
18063110,CHOCOLATE SNICKERS MORANGO 42G,1,Sem benefício identificado (tributação normal / possível ICMS-ST),-,,00/60/61,,"Não foi identificado dispositivo de isenção, redução, diferimento ou suspensão do RICMS-SP para este item. Muitos produtos industrializados (chocolates, biscoitos recheados, salgadinhos, sorvetes, refrigerados diversos) estão sujeitos a ICMS-ST, que dispensa cBenef na revenda (CST 60/61)."
18063110,CHOCOLATE SNICKERS MOUSSE DE MARACUJA 42G,1,Sem benefício identificado (tributação normal / possível ICMS-ST),-,,00/60/61,,"Não foi identificado dispositivo de isenção, redução, diferimento ou suspensão do RICMS-SP para este item. Muitos produtos industrializados (chocolates, biscoitos recheados, salgadinhos, sorvetes, refrigerados diversos) estão sujeitos a ICMS-ST, que dispensa cBenef na revenda (CST 60/61)."
18063110,CHOCOLATE SNICKERS ORIGINAL 45G,1,Sem benefício identificado (tributação normal / possível ICMS-ST),-,,00/60/61,,"Não foi identificado dispositivo de isenção, redução, diferimento ou suspensão do RICMS-SP para este item. Muitos produtos industrializados (chocolates, biscoitos recheados, salgadinhos, sorvetes, refrigerados diversos) estão sujeitos a ICMS-ST, que dispensa cBenef na revenda (CST 60/61)."
18063110,CHOCOLATE SNICKERS PE DE MOLEQUE 42G,1,Sem benefício identificado (tributação normal / possível ICMS-ST),-,,00/60/61,,"Não foi identificado dispositivo de isenção, redução, diferimento ou suspensão do RICMS-SP para este item. Muitos produtos industrializados (chocolates, biscoitos recheados, salgadinhos, sorvetes, refrigerados diversos) estão sujeitos a ICMS-ST, que dispensa cBenef na revenda (CST 60/61)."
18063110,CHOCOLATE STIKADINHO 70G,1,Sem benefício identificado (tributação normal / possível ICMS-ST),-,,00/60/61,,"Não foi identificado dispositivo de isenção, redução, diferimento ou suspensão do RICMS-SP para este item. Muitos produtos industrializados (chocolates, biscoitos recheados, salgadinhos, sorvetes, refrigerados diversos) estão sujeitos a ICMS-ST, que dispensa cBenef na revenda (CST 60/61)."
18063110,"CHOCOLATE STIKADINHO MORANGO 12,3G",2,Sem benefício identificado (tributação normal / possível ICMS-ST),-,,00/60/61,,"Não foi identificado dispositivo de isenção, redução, diferimento ou suspensão do RICMS-SP para este item. Muitos produtos industrializados (chocolates, biscoitos recheados, salgadinhos, sorvetes, refrigerados diversos) estão sujeitos a ICMS-ST, que dispensa cBenef na revenda (CST 60/61)."
18063120,CHOCOLATE BLOCK DUBAI STYLE PAÇOCA 45G,1,Sem benefício identificado (tributação normal / possível ICMS-ST),-,,00/60/61,,"Não foi identificado dispositivo de isenção, redução, diferimento ou suspensão do RICMS-SP para este item. Muitos produtos industrializados (chocolates, biscoitos recheados, salgadinhos, sorvetes, refrigerados diversos) estão sujeitos a ICMS-ST, que dispensa cBenef na revenda (CST 60/61)."
18063120,CHOCOLATE CROCANTE 25G,1,Sem benefício identificado (tributação normal / possível ICMS-ST),-,,00/60/61,,"Não foi identificado dispositivo de isenção, redução, diferimento ou suspensão do RICMS-SP para este item. Muitos produtos industrializados (chocolates, biscoitos recheados, salgadinhos, sorvetes, refrigerados diversos) estão sujeitos a ICMS-ST, que dispensa cBenef na revenda (CST 60/61)."
18063120,CHOCOLATE LOLLO 28G,1,Sem benefício identificado (tributação normal / possível ICMS-ST),-,,00/60/61,,"Não foi identificado dispositivo de isenção, redução, diferimento ou suspensão do RICMS-SP para este item. Muitos produtos industrializados (chocolates, biscoitos recheados, salgadinhos, sorvetes, refrigerados diversos) estão sujeitos a ICMS-ST, que dispensa cBenef na revenda (CST 60/61)."
18063120,CHOCOLATE NESTLE PRESTIGIO MAXI 90G,1,Sem benefício identificado (tributação normal / possível ICMS-ST),-,,00/60/61,,"Não foi identificado dispositivo de isenção, redução, diferimento ou suspensão do RICMS-SP para este item. Muitos produtos industrializados (chocolates, biscoitos recheados, salgadinhos, sorvetes, refrigerados diversos) estão sujeitos a ICMS-ST, que dispensa cBenef na revenda (CST 60/61)."
18063210,CHOCOLATE BATON AO LEITE 16G,1,Sem benefício identificado (tributação normal / possível ICMS-ST),-,,00/60/61,,"Não foi identificado dispositivo de isenção, redução, diferimento ou suspensão do RICMS-SP para este item. Muitos produtos industrializados (chocolates, biscoitos recheados, salgadinhos, sorvetes, refrigerados diversos) estão sujeitos a ICMS-ST, que dispensa cBenef na revenda (CST 60/61)."
18063210,CHOCOLATE BATON DUO BRANCO 16G,1,Sem benefício identificado (tributação normal / possível ICMS-ST),-,,00/60/61,,"Não foi identificado dispositivo de isenção, redução, diferimento ou suspensão do RICMS-SP para este item. Muitos produtos industrializados (chocolates, biscoitos recheados, salgadinhos, sorvetes, refrigerados diversos) estão sujeitos a ICMS-ST, que dispensa cBenef na revenda (CST 60/61)."
18063210,CHOCOLATE BLOCK AO LEITE C AMENDOIM 38G,1,Sem benefício identificado (tributação normal / possível ICMS-ST),-,,00/60/61,,"Não foi identificado dispositivo de isenção, redução, diferimento ou suspensão do RICMS-SP para este item. Muitos produtos industrializados (chocolates, biscoitos recheados, salgadinhos, sorvetes, refrigerados diversos) estão sujeitos a ICMS-ST, que dispensa cBenef na revenda (CST 60/61)."
18063210,CHOCOLATE DIAMANTE NEGRO 20G,1,Sem benefício identificado (tributação normal / possível ICMS-ST),-,,00/60/61,,"Não foi identificado dispositivo de isenção, redução, diferimento ou suspensão do RICMS-SP para este item. Muitos produtos industrializados (chocolates, biscoitos recheados, salgadinhos, sorvetes, refrigerados diversos) estão sujeitos a ICMS-ST, que dispensa cBenef na revenda (CST 60/61)."
18063210,CHOCOLATE LACTA AO LEITE 20G,1,Sem benefício identificado (tributação normal / possível ICMS-ST),-,,00/60/61,,"Não foi identificado dispositivo de isenção, redução, diferimento ou suspensão do RICMS-SP para este item. Muitos produtos industrializados (chocolates, biscoitos recheados, salgadinhos, sorvetes, refrigerados diversos) estão sujeitos a ICMS-ST, que dispensa cBenef na revenda (CST 60/61)."
18063210,CHOCOLATE LINDT SWISS CLASSIC MILK 100G,1,Sem benefício identificado (tributação normal / possível ICMS-ST),-,,00/60/61,,"Não foi identificado dispositivo de isenção, redução, diferimento ou suspensão do RICMS-SP para este item. Muitos produtos industrializados (chocolates, biscoitos recheados, salgadinhos, sorvetes, refrigerados diversos) estão sujeitos a ICMS-ST, que dispensa cBenef na revenda (CST 60/61)."
18063210,CHOCOLATE LUCKAU AO LEITE  75G,1,Sem benefício identificado (tributação normal / possível ICMS-ST),-,,00/60/61,,"Não foi identificado dispositivo de isenção, redução, diferimento ou suspensão do RICMS-SP para este item. Muitos produtos industrializados (chocolates, biscoitos recheados, salgadinhos, sorvetes, refrigerados diversos) estão sujeitos a ICMS-ST, que dispensa cBenef na revenda (CST 60/61)."
18063210,CHOCOLATE MILKA BUBBLY ALPINE 90G,1,Sem benefício identificado (tributação normal / possível ICMS-ST),-,,00/60/61,,"Não foi identificado dispositivo de isenção, redução, diferimento ou suspensão do RICMS-SP para este item. Muitos produtos industrializados (chocolates, biscoitos recheados, salgadinhos, sorvetes, refrigerados diversos) estão sujeitos a ICMS-ST, que dispensa cBenef na revenda (CST 60/61)."
18063210,CHOCOLATE NESTLE ALPINO AO LEITE 80G,1,Sem benefício identificado (tributação normal / possível ICMS-ST),-,,00/60/61,,"Não foi identificado dispositivo de isenção, redução, diferimento ou suspensão do RICMS-SP para este item. Muitos produtos industrializados (chocolates, biscoitos recheados, salgadinhos, sorvetes, refrigerados diversos) estão sujeitos a ICMS-ST, que dispensa cBenef na revenda (CST 60/61)."
18063210,CHOCOLATE NESTLE CLASSIC AO LEITE NESTLE 80G,1,Sem benefício identificado (tributação normal / possível ICMS-ST),-,,00/60/61,,"Não foi identificado dispositivo de isenção, redução, diferimento ou suspensão do RICMS-SP para este item. Muitos produtos industrializados (chocolates, biscoitos recheados, salgadinhos, sorvetes, refrigerados diversos) estão sujeitos a ICMS-ST, que dispensa cBenef na revenda (CST 60/61)."
18063210,CHOCOLATE NESTLE CLASSIC MEIO AMARGO NESTLE 80G,1,Sem benefício identificado (tributação normal / possível ICMS-ST),-,,00/60/61,,"Não foi identificado dispositivo de isenção, redução, diferimento ou suspensão do RICMS-SP para este item. Muitos produtos industrializados (chocolates, biscoitos recheados, salgadinhos, sorvetes, refrigerados diversos) estão sujeitos a ICMS-ST, que dispensa cBenef na revenda (CST 60/61)."
18063210,CHOCOLATE NESTLE CRUNCH NESTLE 80G,1,Sem benefício identificado (tributação normal / possível ICMS-ST),-,,00/60/61,,"Não foi identificado dispositivo de isenção, redução, diferimento ou suspensão do RICMS-SP para este item. Muitos produtos industrializados (chocolates, biscoitos recheados, salgadinhos, sorvetes, refrigerados diversos) estão sujeitos a ICMS-ST, que dispensa cBenef na revenda (CST 60/61)."
18063210,CHOCOLATE SUFLAIR AO LEITE 50G,1,Sem benefício identificado (tributação normal / possível ICMS-ST),-,,00/60/61,,"Não foi identificado dispositivo de isenção, redução, diferimento ou suspensão do RICMS-SP para este item. Muitos produtos industrializados (chocolates, biscoitos recheados, salgadinhos, sorvetes, refrigerados diversos) estão sujeitos a ICMS-ST, que dispensa cBenef na revenda (CST 60/61)."
18063210,CHOCOLATE SUFLAIR AO LEITE 80G,1,Sem benefício identificado (tributação normal / possível ICMS-ST),-,,00/60/61,,"Não foi identificado dispositivo de isenção, redução, diferimento ou suspensão do RICMS-SP para este item. Muitos produtos industrializados (chocolates, biscoitos recheados, salgadinhos, sorvetes, refrigerados diversos) estão sujeitos a ICMS-ST, que dispensa cBenef na revenda (CST 60/61)."
18063210,CHOCOLATE SUFLAIR DUO 50G,1,Sem benefício identificado (tributação normal / possível ICMS-ST),-,,00/60/61,,"Não foi identificado dispositivo de isenção, redução, diferimento ou suspensão do RICMS-SP para este item. Muitos produtos industrializados (chocolates, biscoitos recheados, salgadinhos, sorvetes, refrigerados diversos) estão sujeitos a ICMS-ST, que dispensa cBenef na revenda (CST 60/61)."
18063210,CHOCOLATE SUFLAIR DUO 80G,1,Sem benefício identificado (tributação normal / possível ICMS-ST),-,,00/60/61,,"Não foi identificado dispositivo de isenção, redução, diferimento ou suspensão do RICMS-SP para este item. Muitos produtos industrializados (chocolates, biscoitos recheados, salgadinhos, sorvetes, refrigerados diversos) estão sujeitos a ICMS-ST, que dispensa cBenef na revenda (CST 60/61)."
18063210,CHOCOLATE TALENTO AVELA 25G,1,Sem benefício identificado (tributação normal / possível ICMS-ST),-,,00/60/61,,"Não foi identificado dispositivo de isenção, redução, diferimento ou suspensão do RICMS-SP para este item. Muitos produtos industrializados (chocolates, biscoitos recheados, salgadinhos, sorvetes, refrigerados diversos) estão sujeitos a ICMS-ST, que dispensa cBenef na revenda (CST 60/61)."
18063210,CHOCOLATE TALENTO AVELA DIET 25G,1,Sem benefício identificado (tributação normal / possível ICMS-ST),-,,00/60/61,,"Não foi identificado dispositivo de isenção, redução, diferimento ou suspensão do RICMS-SP para este item. Muitos produtos industrializados (chocolates, biscoitos recheados, salgadinhos, sorvetes, refrigerados diversos) estão sujeitos a ICMS-ST, que dispensa cBenef na revenda (CST 60/61)."
18063210,CHOCOLATE TALENTO CASTANHA DO PARA 25G,1,Sem benefício identificado (tributação normal / possível ICMS-ST),-,,00/60/61,,"Não foi identificado dispositivo de isenção, redução, diferimento ou suspensão do RICMS-SP para este item. Muitos produtos industrializados (chocolates, biscoitos recheados, salgadinhos, sorvetes, refrigerados diversos) estão sujeitos a ICMS-ST, que dispensa cBenef na revenda (CST 60/61)."
18063210,CHOCOLATE TALENTO MEIO AMARGO 25G,1,Sem benefício identificado (tributação normal / possível ICMS-ST),-,,00/60/61,,"Não foi identificado dispositivo de isenção, redução, diferimento ou suspensão do RICMS-SP para este item. Muitos produtos industrializados (chocolates, biscoitos recheados, salgadinhos, sorvetes, refrigerados diversos) estão sujeitos a ICMS-ST, que dispensa cBenef na revenda (CST 60/61)."
18063210,CHOCOLATE TALENTO MEIO AMARGO AMENDOAS 85G,1,Sem benefício identificado (tributação normal / possível ICMS-ST),-,,00/60/61,,"Não foi identificado dispositivo de isenção, redução, diferimento ou suspensão do RICMS-SP para este item. Muitos produtos industrializados (chocolates, biscoitos recheados, salgadinhos, sorvetes, refrigerados diversos) estão sujeitos a ICMS-ST, que dispensa cBenef na revenda (CST 60/61)."
18063220,CHOCOLATE MILKA OREO WHITE 100G,1,Sem benefício identificado (tributação normal / possível ICMS-ST),-,,00/60/61,,"Não foi identificado dispositivo de isenção, redução, diferimento ou suspensão do RICMS-SP para este item. Muitos produtos industrializados (chocolates, biscoitos recheados, salgadinhos, sorvetes, refrigerados diversos) estão sujeitos a ICMS-ST, que dispensa cBenef na revenda (CST 60/61)."
18069000,ACHOCOLATADO EM PO NESCAU 350G,1,Sem benefício identificado (tributação normal / possível ICMS-ST),-,,00/60/61,,"Não foi identificado dispositivo de isenção, redução, diferimento ou suspensão do RICMS-SP para este item. Muitos produtos industrializados (chocolates, biscoitos recheados, salgadinhos, sorvetes, refrigerados diversos) estão sujeitos a ICMS-ST, que dispensa cBenef na revenda (CST 60/61)."
18069000,ACHOCOLATADO EM PO TODDY 370G,1,Sem benefício identificado (tributação normal / possível ICMS-ST),-,,00/60/61,,"Não foi identificado dispositivo de isenção, redução, diferimento ou suspensão do RICMS-SP para este item. Muitos produtos industrializados (chocolates, biscoitos recheados, salgadinhos, sorvetes, refrigerados diversos) estão sujeitos a ICMS-ST, que dispensa cBenef na revenda (CST 60/61)."
18069000,BALA DADINHO,1,Sem benefício identificado (tributação normal / possível ICMS-ST),-,,00/60/61,,"Não foi identificado dispositivo de isenção, redução, diferimento ou suspensão do RICMS-SP para este item. Muitos produtos industrializados (chocolates, biscoitos recheados, salgadinhos, sorvetes, refrigerados diversos) estão sujeitos a ICMS-ST, que dispensa cBenef na revenda (CST 60/61)."
18069000,BALAS BUTTER TOFFE COM CHOCOLATE UN.,1,Sem benefício identificado (tributação normal / possível ICMS-ST),-,,00/60/61,,"Não foi identificado dispositivo de isenção, redução, diferimento ou suspensão do RICMS-SP para este item. Muitos produtos industrializados (chocolates, biscoitos recheados, salgadinhos, sorvetes, refrigerados diversos) estão sujeitos a ICMS-ST, que dispensa cBenef na revenda (CST 60/61)."
18069000,BARRA NUTRATA BROWNIE DOCE LEITE 40G,1,Sem benefício identificado (tributação normal / possível ICMS-ST),-,,00/60/61,,"Não foi identificado dispositivo de isenção, redução, diferimento ou suspensão do RICMS-SP para este item. Muitos produtos industrializados (chocolates, biscoitos recheados, salgadinhos, sorvetes, refrigerados diversos) estão sujeitos a ICMS-ST, que dispensa cBenef na revenda (CST 60/61)."
18069000,"BOMBOM FERRERO ROCHER T3 37,5G",1,Sem benefício identificado (tributação normal / possível ICMS-ST),-,,00/60/61,,"Não foi identificado dispositivo de isenção, redução, diferimento ou suspensão do RICMS-SP para este item. Muitos produtos industrializados (chocolates, biscoitos recheados, salgadinhos, sorvetes, refrigerados diversos) estão sujeitos a ICMS-ST, que dispensa cBenef na revenda (CST 60/61)."
18069000,BRIGADEIRO ZERO ADICAO DE ACUCAR  DELICIARIA TIEMI 40G,1,Sem benefício identificado (tributação normal / possível ICMS-ST),-,,00/60/61,,"Não foi identificado dispositivo de isenção, redução, diferimento ou suspensão do RICMS-SP para este item. Muitos produtos industrializados (chocolates, biscoitos recheados, salgadinhos, sorvetes, refrigerados diversos) estão sujeitos a ICMS-ST, que dispensa cBenef na revenda (CST 60/61)."
18069000,CHOCOLATE KINDER JOY 20G,1,Sem benefício identificado (tributação normal / possível ICMS-ST),-,,00/60/61,,"Não foi identificado dispositivo de isenção, redução, diferimento ou suspensão do RICMS-SP para este item. Muitos produtos industrializados (chocolates, biscoitos recheados, salgadinhos, sorvetes, refrigerados diversos) estão sujeitos a ICMS-ST, que dispensa cBenef na revenda (CST 60/61)."
18069000,CHOCOLATE KINDER OVO MENINAS 20G,1,Sem benefício identificado (tributação normal / possível ICMS-ST),-,,00/60/61,,"Não foi identificado dispositivo de isenção, redução, diferimento ou suspensão do RICMS-SP para este item. Muitos produtos industrializados (chocolates, biscoitos recheados, salgadinhos, sorvetes, refrigerados diversos) estão sujeitos a ICMS-ST, que dispensa cBenef na revenda (CST 60/61)."
18069000,CHOCOLATE KINDER OVO MENINOS 20G,1,Sem benefício identificado (tributação normal / possível ICMS-ST),-,,00/60/61,,"Não foi identificado dispositivo de isenção, redução, diferimento ou suspensão do RICMS-SP para este item. Muitos produtos industrializados (chocolates, biscoitos recheados, salgadinhos, sorvetes, refrigerados diversos) estão sujeitos a ICMS-ST, que dispensa cBenef na revenda (CST 60/61)."
18069000,CHOCOLATE KINDER OVO NATOONS 20G,1,Sem benefício identificado (tributação normal / possível ICMS-ST),-,,00/60/61,,"Não foi identificado dispositivo de isenção, redução, diferimento ou suspensão do RICMS-SP para este item. Muitos produtos industrializados (chocolates, biscoitos recheados, salgadinhos, sorvetes, refrigerados diversos) estão sujeitos a ICMS-ST, que dispensa cBenef na revenda (CST 60/61)."
18069000,CHOCOLATE M E MS AMENDOIM 132G,1,Sem benefício identificado (tributação normal / possível ICMS-ST),-,,00/60/61,,"Não foi identificado dispositivo de isenção, redução, diferimento ou suspensão do RICMS-SP para este item. Muitos produtos industrializados (chocolates, biscoitos recheados, salgadinhos, sorvetes, refrigerados diversos) estão sujeitos a ICMS-ST, que dispensa cBenef na revenda (CST 60/61)."
18069000,CHOCOLATE M E MS AMENDOIM 40G,1,Sem benefício identificado (tributação normal / possível ICMS-ST),-,,00/60/61,,"Não foi identificado dispositivo de isenção, redução, diferimento ou suspensão do RICMS-SP para este item. Muitos produtos industrializados (chocolates, biscoitos recheados, salgadinhos, sorvetes, refrigerados diversos) estão sujeitos a ICMS-ST, que dispensa cBenef na revenda (CST 60/61)."
18069000,CHOCOLATE M E MS BROWNIE 35G,1,Sem benefício identificado (tributação normal / possível ICMS-ST),-,,00/60/61,,"Não foi identificado dispositivo de isenção, redução, diferimento ou suspensão do RICMS-SP para este item. Muitos produtos industrializados (chocolates, biscoitos recheados, salgadinhos, sorvetes, refrigerados diversos) estão sujeitos a ICMS-ST, que dispensa cBenef na revenda (CST 60/61)."
18069000,CHOCOLATE M E MS CHOCOLATE 40G,1,Sem benefício identificado (tributação normal / possível ICMS-ST),-,,00/60/61,,"Não foi identificado dispositivo de isenção, redução, diferimento ou suspensão do RICMS-SP para este item. Muitos produtos industrializados (chocolates, biscoitos recheados, salgadinhos, sorvetes, refrigerados diversos) estão sujeitos a ICMS-ST, que dispensa cBenef na revenda (CST 60/61)."
18069000,CHOCOLATE M E MS CHOCOLATE AO LEITE 132G,1,Sem benefício identificado (tributação normal / possível ICMS-ST),-,,00/60/61,,"Não foi identificado dispositivo de isenção, redução, diferimento ou suspensão do RICMS-SP para este item. Muitos produtos industrializados (chocolates, biscoitos recheados, salgadinhos, sorvetes, refrigerados diversos) estão sujeitos a ICMS-ST, que dispensa cBenef na revenda (CST 60/61)."
18069000,CHOCOLATE M E MS CRISPY 120G,1,Sem benefício identificado (tributação normal / possível ICMS-ST),-,,00/60/61,,"Não foi identificado dispositivo de isenção, redução, diferimento ou suspensão do RICMS-SP para este item. Muitos produtos industrializados (chocolates, biscoitos recheados, salgadinhos, sorvetes, refrigerados diversos) estão sujeitos a ICMS-ST, que dispensa cBenef na revenda (CST 60/61)."
18069000,CHOCOLATE M E MS TUBO 30G,1,Sem benefício identificado (tributação normal / possível ICMS-ST),-,,00/60/61,,"Não foi identificado dispositivo de isenção, redução, diferimento ou suspensão do RICMS-SP para este item. Muitos produtos industrializados (chocolates, biscoitos recheados, salgadinhos, sorvetes, refrigerados diversos) estão sujeitos a ICMS-ST, que dispensa cBenef na revenda (CST 60/61)."
18069000,CHOCOLATE NESTLE PRESTIGIO DARK NESTLE 33G,2,Sem benefício identificado (tributação normal / possível ICMS-ST),-,,00/60/61,,"Não foi identificado dispositivo de isenção, redução, diferimento ou suspensão do RICMS-SP para este item. Muitos produtos industrializados (chocolates, biscoitos recheados, salgadinhos, sorvetes, refrigerados diversos) estão sujeitos a ICMS-ST, que dispensa cBenef na revenda (CST 60/61)."
18069000,CHOCOLATE TORTUGUITA BRIGADEIRO 155G,1,Sem benefício identificado (tributação normal / possível ICMS-ST),-,,00/60/61,,"Não foi identificado dispositivo de isenção, redução, diferimento ou suspensão do RICMS-SP para este item. Muitos produtos industrializados (chocolates, biscoitos recheados, salgadinhos, sorvetes, refrigerados diversos) estão sujeitos a ICMS-ST, que dispensa cBenef na revenda (CST 60/61)."
18069000,CREME NUTELLA 140G,1,Sem benefício identificado (tributação normal / possível ICMS-ST),-,,00/60/61,,"Não foi identificado dispositivo de isenção, redução, diferimento ou suspensão do RICMS-SP para este item. Muitos produtos industrializados (chocolates, biscoitos recheados, salgadinhos, sorvetes, refrigerados diversos) estão sujeitos a ICMS-ST, que dispensa cBenef na revenda (CST 60/61)."
18069000,CREME NUTELLA 350G,1,Sem benefício identificado (tributação normal / possível ICMS-ST),-,,00/60/61,,"Não foi identificado dispositivo de isenção, redução, diferimento ou suspensão do RICMS-SP para este item. Muitos produtos industrializados (chocolates, biscoitos recheados, salgadinhos, sorvetes, refrigerados diversos) estão sujeitos a ICMS-ST, que dispensa cBenef na revenda (CST 60/61)."
18069000,FERRERO ROCHER CAIXINHA 50G,1,Sem benefício identificado (tributação normal / possível ICMS-ST),-,,00/60/61,,"Não foi identificado dispositivo de isenção, redução, diferimento ou suspensão do RICMS-SP para este item. Muitos produtos industrializados (chocolates, biscoitos recheados, salgadinhos, sorvetes, refrigerados diversos) estão sujeitos a ICMS-ST, que dispensa cBenef na revenda (CST 60/61)."
18069000,"IOIO CREAM MIX DUO 41,9G",1,Sem benefício identificado (tributação normal / possível ICMS-ST),-,,00/60/61,,"Não foi identificado dispositivo de isenção, redução, diferimento ou suspensão do RICMS-SP para este item. Muitos produtos industrializados (chocolates, biscoitos recheados, salgadinhos, sorvetes, refrigerados diversos) estão sujeitos a ICMS-ST, que dispensa cBenef na revenda (CST 60/61)."
18069000,"MATERIA PRIMA ALPINO NESCAFE EMB 1,3 KG",1,Sem benefício identificado (tributação normal / possível ICMS-ST),-,,00/60/61,,"Não foi identificado dispositivo de isenção, redução, diferimento ou suspensão do RICMS-SP para este item. Muitos produtos industrializados (chocolates, biscoitos recheados, salgadinhos, sorvetes, refrigerados diversos) estão sujeitos a ICMS-ST, que dispensa cBenef na revenda (CST 60/61)."
18069000,PAO DE MEL SOMEL.,1,Sem benefício identificado (tributação normal / possível ICMS-ST),-,,00/60/61,,"Não foi identificado dispositivo de isenção, redução, diferimento ou suspensão do RICMS-SP para este item. Muitos produtos industrializados (chocolates, biscoitos recheados, salgadinhos, sorvetes, refrigerados diversos) estão sujeitos a ICMS-ST, que dispensa cBenef na revenda (CST 60/61)."
19012010,MAT PRIMA PAO DE QUEIJO APERITIVO KG,4,Sem benefício identificado (tributação normal / possível ICMS-ST),-,,00/60/61,,"Não foi identificado dispositivo de isenção, redução, diferimento ou suspensão do RICMS-SP para este item. Muitos produtos industrializados (chocolates, biscoitos recheados, salgadinhos, sorvetes, refrigerados diversos) estão sujeitos a ICMS-ST, que dispensa cBenef na revenda (CST 60/61)."
19012010,MAT PRIMA PAO FRANCES INTEGRAL TATI MINAS KG,1,Sem benefício identificado (tributação normal / possível ICMS-ST),-,,00/60/61,,"Não foi identificado dispositivo de isenção, redução, diferimento ou suspensão do RICMS-SP para este item. Muitos produtos industrializados (chocolates, biscoitos recheados, salgadinhos, sorvetes, refrigerados diversos) estão sujeitos a ICMS-ST, que dispensa cBenef na revenda (CST 60/61)."
19012010,PAO DE QUEIJO PROMO,2,Sem benefício identificado (tributação normal / possível ICMS-ST),-,,00/60/61,,"Não foi identificado dispositivo de isenção, redução, diferimento ou suspensão do RICMS-SP para este item. Muitos produtos industrializados (chocolates, biscoitos recheados, salgadinhos, sorvetes, refrigerados diversos) estão sujeitos a ICMS-ST, que dispensa cBenef na revenda (CST 60/61)."
19012010,PAO DE QUEIJO TRADICIONAL O CASEIRO 1KG,2,Sem benefício identificado (tributação normal / possível ICMS-ST),-,,00/60/61,,"Não foi identificado dispositivo de isenção, redução, diferimento ou suspensão do RICMS-SP para este item. Muitos produtos industrializados (chocolates, biscoitos recheados, salgadinhos, sorvetes, refrigerados diversos) estão sujeitos a ICMS-ST, que dispensa cBenef na revenda (CST 60/61)."
19012090,CHIPA KG,2,Sem benefício identificado (tributação normal / possível ICMS-ST),-,,00/60/61,,"Não foi identificado dispositivo de isenção, redução, diferimento ou suspensão do RICMS-SP para este item. Muitos produtos industrializados (chocolates, biscoitos recheados, salgadinhos, sorvetes, refrigerados diversos) estão sujeitos a ICMS-ST, que dispensa cBenef na revenda (CST 60/61)."
19012090,MAT PRIMA BROA AEROSA SANTA FATIA 10KG,1,Sem benefício identificado (tributação normal / possível ICMS-ST),-,,00/60/61,,"Não foi identificado dispositivo de isenção, redução, diferimento ou suspensão do RICMS-SP para este item. Muitos produtos industrializados (chocolates, biscoitos recheados, salgadinhos, sorvetes, refrigerados diversos) estão sujeitos a ICMS-ST, que dispensa cBenef na revenda (CST 60/61)."
19012090,MAT PRIMA MIST BOLO CHOCOMOUSE FLEISC KG,1,Sem benefício identificado (tributação normal / possível ICMS-ST),-,,00/60/61,,"Não foi identificado dispositivo de isenção, redução, diferimento ou suspensão do RICMS-SP para este item. Muitos produtos industrializados (chocolates, biscoitos recheados, salgadinhos, sorvetes, refrigerados diversos) estão sujeitos a ICMS-ST, que dispensa cBenef na revenda (CST 60/61)."
19012090,MAT PRIMA MIST MIRA MIX 2KG,1,Sem benefício identificado (tributação normal / possível ICMS-ST),-,,00/60/61,,"Não foi identificado dispositivo de isenção, redução, diferimento ou suspensão do RICMS-SP para este item. Muitos produtos industrializados (chocolates, biscoitos recheados, salgadinhos, sorvetes, refrigerados diversos) estão sujeitos a ICMS-ST, que dispensa cBenef na revenda (CST 60/61)."
19012090,MAT PRIMA PLACA FOLHADA LAMIN KG,1,Sem benefício identificado (tributação normal / possível ICMS-ST),-,,00/60/61,,"Não foi identificado dispositivo de isenção, redução, diferimento ou suspensão do RICMS-SP para este item. Muitos produtos industrializados (chocolates, biscoitos recheados, salgadinhos, sorvetes, refrigerados diversos) estão sujeitos a ICMS-ST, que dispensa cBenef na revenda (CST 60/61)."
19012090,MIST. PREP. CAKE PAO DE MEL 2KG,1,Sem benefício identificado (tributação normal / possível ICMS-ST),-,,00/60/61,,"Não foi identificado dispositivo de isenção, redução, diferimento ou suspensão do RICMS-SP para este item. Muitos produtos industrializados (chocolates, biscoitos recheados, salgadinhos, sorvetes, refrigerados diversos) estão sujeitos a ICMS-ST, que dispensa cBenef na revenda (CST 60/61)."
19012090,PAO DE QUEIJO GRANDE UN,2,Sem benefício identificado (tributação normal / possível ICMS-ST),-,,00/60/61,,"Não foi identificado dispositivo de isenção, redução, diferimento ou suspensão do RICMS-SP para este item. Muitos produtos industrializados (chocolates, biscoitos recheados, salgadinhos, sorvetes, refrigerados diversos) estão sujeitos a ICMS-ST, que dispensa cBenef na revenda (CST 60/61)."
19012090,PAO DE QUEIJO PALITO,3,Sem benefício identificado (tributação normal / possível ICMS-ST),-,,00/60/61,,"Não foi identificado dispositivo de isenção, redução, diferimento ou suspensão do RICMS-SP para este item. Muitos produtos industrializados (chocolates, biscoitos recheados, salgadinhos, sorvetes, refrigerados diversos) estão sujeitos a ICMS-ST, que dispensa cBenef na revenda (CST 60/61)."
19012090,PIZZA DE MUSSARELA PRONTO 280G,1,Sem benefício identificado (tributação normal / possível ICMS-ST),-,,00/60/61,,"Não foi identificado dispositivo de isenção, redução, diferimento ou suspensão do RICMS-SP para este item. Muitos produtos industrializados (chocolates, biscoitos recheados, salgadinhos, sorvetes, refrigerados diversos) estão sujeitos a ICMS-ST, que dispensa cBenef na revenda (CST 60/61)."
19019020,DOCE BROWNNIE BRIGADEIRO LA SERITHA 90G,1,Sem benefício identificado (tributação normal / possível ICMS-ST),-,,00/60/61,,"Não foi identificado dispositivo de isenção, redução, diferimento ou suspensão do RICMS-SP para este item. Muitos produtos industrializados (chocolates, biscoitos recheados, salgadinhos, sorvetes, refrigerados diversos) estão sujeitos a ICMS-ST, que dispensa cBenef na revenda (CST 60/61)."
19019020,DOCE BROWNNIE LEITE NINHO LA SERITHA 90G,1,Sem benefício identificado (tributação normal / possível ICMS-ST),-,,00/60/61,,"Não foi identificado dispositivo de isenção, redução, diferimento ou suspensão do RICMS-SP para este item. Muitos produtos industrializados (chocolates, biscoitos recheados, salgadinhos, sorvetes, refrigerados diversos) estão sujeitos a ICMS-ST, que dispensa cBenef na revenda (CST 60/61)."
19019020,DOCE DE LEITE PINGO BEL DOCES OURO DE MINAS 50G,1,Sem benefício identificado (tributação normal / possível ICMS-ST),-,,00/60/61,,"Não foi identificado dispositivo de isenção, redução, diferimento ou suspensão do RICMS-SP para este item. Muitos produtos industrializados (chocolates, biscoitos recheados, salgadinhos, sorvetes, refrigerados diversos) estão sujeitos a ICMS-ST, que dispensa cBenef na revenda (CST 60/61)."
19019090,FARINHA YOKI MANDIOCA TEMPERADA 400G,1,Sem benefício identificado (tributação normal / possível ICMS-ST),-,,00/60/61,,"Não foi identificado dispositivo de isenção, redução, diferimento ou suspensão do RICMS-SP para este item. Muitos produtos industrializados (chocolates, biscoitos recheados, salgadinhos, sorvetes, refrigerados diversos) estão sujeitos a ICMS-ST, que dispensa cBenef na revenda (CST 60/61)."
19019090,RECH.COB.CHOC.DE LEITE4.6KG,1,Sem benefício identificado (tributação normal / possível ICMS-ST),-,,00/60/61,,"Não foi identificado dispositivo de isenção, redução, diferimento ou suspensão do RICMS-SP para este item. Muitos produtos industrializados (chocolates, biscoitos recheados, salgadinhos, sorvetes, refrigerados diversos) estão sujeitos a ICMS-ST, que dispensa cBenef na revenda (CST 60/61)."
19022000,LASANHA PERDIGAO 600G BOLONHESA,1,Sem benefício identificado (tributação normal / possível ICMS-ST),-,,00/60/61,,"Não foi identificado dispositivo de isenção, redução, diferimento ou suspensão do RICMS-SP para este item. Muitos produtos industrializados (chocolates, biscoitos recheados, salgadinhos, sorvetes, refrigerados diversos) estão sujeitos a ICMS-ST, que dispensa cBenef na revenda (CST 60/61)."
19022000,MASSA SEARA FETTUCCINE BOLONHESA 350G,1,Sem benefício identificado (tributação normal / possível ICMS-ST),-,,00/60/61,,"Não foi identificado dispositivo de isenção, redução, diferimento ou suspensão do RICMS-SP para este item. Muitos produtos industrializados (chocolates, biscoitos recheados, salgadinhos, sorvetes, refrigerados diversos) estão sujeitos a ICMS-ST, que dispensa cBenef na revenda (CST 60/61)."
19022000,MASSA SEARA PENNE A PARISIENSE 350G,1,Sem benefício identificado (tributação normal / possível ICMS-ST),-,,00/60/61,,"Não foi identificado dispositivo de isenção, redução, diferimento ou suspensão do RICMS-SP para este item. Muitos produtos industrializados (chocolates, biscoitos recheados, salgadinhos, sorvetes, refrigerados diversos) estão sujeitos a ICMS-ST, que dispensa cBenef na revenda (CST 60/61)."
19022000,PRATO PRONTO SADIA LASANHA BOLONHESA 600G,1,Sem benefício identificado (tributação normal / possível ICMS-ST),-,,00/60/61,,"Não foi identificado dispositivo de isenção, redução, diferimento ou suspensão do RICMS-SP para este item. Muitos produtos industrializados (chocolates, biscoitos recheados, salgadinhos, sorvetes, refrigerados diversos) estão sujeitos a ICMS-ST, que dispensa cBenef na revenda (CST 60/61)."
19022000,SALGADO COXINHA DE FRANGO COM REQUEIJAO,1,Sem benefício identificado (tributação normal / possível ICMS-ST),-,,00/60/61,,"Não foi identificado dispositivo de isenção, redução, diferimento ou suspensão do RICMS-SP para este item. Muitos produtos industrializados (chocolates, biscoitos recheados, salgadinhos, sorvetes, refrigerados diversos) estão sujeitos a ICMS-ST, que dispensa cBenef na revenda (CST 60/61)."
19022000,SALGADO CROISSANT GRANDE SEM RECHEIO,1,Sem benefício identificado (tributação normal / possível ICMS-ST),-,,00/60/61,,"Não foi identificado dispositivo de isenção, redução, diferimento ou suspensão do RICMS-SP para este item. Muitos produtos industrializados (chocolates, biscoitos recheados, salgadinhos, sorvetes, refrigerados diversos) estão sujeitos a ICMS-ST, que dispensa cBenef na revenda (CST 60/61)."
19022000,SALGADO CROISSANT SABORES DIVERSOS,1,Sem benefício identificado (tributação normal / possível ICMS-ST),-,,00/60/61,,"Não foi identificado dispositivo de isenção, redução, diferimento ou suspensão do RICMS-SP para este item. Muitos produtos industrializados (chocolates, biscoitos recheados, salgadinhos, sorvetes, refrigerados diversos) estão sujeitos a ICMS-ST, que dispensa cBenef na revenda (CST 60/61)."
19022000,SALGADO HAMBURGUER.,1,Sem benefício identificado (tributação normal / possível ICMS-ST),-,,00/60/61,,"Não foi identificado dispositivo de isenção, redução, diferimento ou suspensão do RICMS-SP para este item. Muitos produtos industrializados (chocolates, biscoitos recheados, salgadinhos, sorvetes, refrigerados diversos) estão sujeitos a ICMS-ST, que dispensa cBenef na revenda (CST 60/61)."
19022000,SALGADO TROUXINHA,2,Sem benefício identificado (tributação normal / possível ICMS-ST),-,,00/60/61,,"Não foi identificado dispositivo de isenção, redução, diferimento ou suspensão do RICMS-SP para este item. Muitos produtos industrializados (chocolates, biscoitos recheados, salgadinhos, sorvetes, refrigerados diversos) estão sujeitos a ICMS-ST, que dispensa cBenef na revenda (CST 60/61)."
19023000,MAC N CHEESE BACON 300G,1,Sem benefício identificado (tributação normal / possível ICMS-ST),-,,00/60/61,,"Não foi identificado dispositivo de isenção, redução, diferimento ou suspensão do RICMS-SP para este item. Muitos produtos industrializados (chocolates, biscoitos recheados, salgadinhos, sorvetes, refrigerados diversos) estão sujeitos a ICMS-ST, que dispensa cBenef na revenda (CST 60/61)."
19023000,MACARRAO INST NISSIN CUP NOODLES CARNE 69G,1,Sem benefício identificado (tributação normal / possível ICMS-ST),-,,00/60/61,,"Não foi identificado dispositivo de isenção, redução, diferimento ou suspensão do RICMS-SP para este item. Muitos produtos industrializados (chocolates, biscoitos recheados, salgadinhos, sorvetes, refrigerados diversos) estão sujeitos a ICMS-ST, que dispensa cBenef na revenda (CST 60/61)."
19023000,MACARRAO INST NISSIN CUP NOODLES FGO TERIYAKI 72G,1,Sem benefício identificado (tributação normal / possível ICMS-ST),-,,00/60/61,,"Não foi identificado dispositivo de isenção, redução, diferimento ou suspensão do RICMS-SP para este item. Muitos produtos industrializados (chocolates, biscoitos recheados, salgadinhos, sorvetes, refrigerados diversos) estão sujeitos a ICMS-ST, que dispensa cBenef na revenda (CST 60/61)."
19023000,MACARRAO INST NISSIN CUP NOODLES GALINHA CAIPI 69G,1,Sem benefício identificado (tributação normal / possível ICMS-ST),-,,00/60/61,,"Não foi identificado dispositivo de isenção, redução, diferimento ou suspensão do RICMS-SP para este item. Muitos produtos industrializados (chocolates, biscoitos recheados, salgadinhos, sorvetes, refrigerados diversos) estão sujeitos a ICMS-ST, que dispensa cBenef na revenda (CST 60/61)."
19023000,MACARRAO INST NISSIN CUP NOODLES YAKISSOBA 70G,1,Sem benefício identificado (tributação normal / possível ICMS-ST),-,,00/60/61,,"Não foi identificado dispositivo de isenção, redução, diferimento ou suspensão do RICMS-SP para este item. Muitos produtos industrializados (chocolates, biscoitos recheados, salgadinhos, sorvetes, refrigerados diversos) estão sujeitos a ICMS-ST, que dispensa cBenef na revenda (CST 60/61)."
19023000,MACARRAO INST NISSIN LAMEN CARNE 85GRS,1,Sem benefício identificado (tributação normal / possível ICMS-ST),-,,00/60/61,,"Não foi identificado dispositivo de isenção, redução, diferimento ou suspensão do RICMS-SP para este item. Muitos produtos industrializados (chocolates, biscoitos recheados, salgadinhos, sorvetes, refrigerados diversos) estão sujeitos a ICMS-ST, que dispensa cBenef na revenda (CST 60/61)."
19023000,MACARRAO INST NISSIN LAMEN GALINHA CAIPIRA 80G,1,Sem benefício identificado (tributação normal / possível ICMS-ST),-,,00/60/61,,"Não foi identificado dispositivo de isenção, redução, diferimento ou suspensão do RICMS-SP para este item. Muitos produtos industrializados (chocolates, biscoitos recheados, salgadinhos, sorvetes, refrigerados diversos) estão sujeitos a ICMS-ST, que dispensa cBenef na revenda (CST 60/61)."
19023000,MACARRAO INST NISSIN LAMEN T MONICA TOMATE 85G,1,Sem benefício identificado (tributação normal / possível ICMS-ST),-,,00/60/61,,"Não foi identificado dispositivo de isenção, redução, diferimento ou suspensão do RICMS-SP para este item. Muitos produtos industrializados (chocolates, biscoitos recheados, salgadinhos, sorvetes, refrigerados diversos) estão sujeitos a ICMS-ST, que dispensa cBenef na revenda (CST 60/61)."
19023000,PRATO PRONTO FETTUCCINE C/ MOLHO BOLONHESA SADIA 300G,1,Sem benefício identificado (tributação normal / possível ICMS-ST),-,,00/60/61,,"Não foi identificado dispositivo de isenção, redução, diferimento ou suspensão do RICMS-SP para este item. Muitos produtos industrializados (chocolates, biscoitos recheados, salgadinhos, sorvetes, refrigerados diversos) estão sujeitos a ICMS-ST, que dispensa cBenef na revenda (CST 60/61)."
19030000,DADINHO DE TAPIOCA KG,1,Sem benefício identificado (tributação normal / possível ICMS-ST),-,,00/60/61,"Art. 39, Anexo II (redução, carga 12%) — só para fabricante/atacadista, excluída venda a consumidor final","Não há isenção/redução aplicável à venda ao consumidor final. O art. 39, Anexo II reduz a carga para 12% nesses capítulos, mas só para saídas de FABRICANTE OU ATACADISTA, e expressamente NÃO se aplica quando o destinatário é consumidor final — o que é sempre o caso na sua loja."
19041000,CROCANTISSIMO FUTEBOL CHURRAS 40G,1,Sem benefício identificado (tributação normal / possível ICMS-ST),-,,00/60/61,"Art. 39, Anexo II (redução, carga 12%) — só para fabricante/atacadista, excluída venda a consumidor final","Não há isenção/redução aplicável à venda ao consumidor final. O art. 39, Anexo II reduz a carga para 12% nesses capítulos, mas só para saídas de FABRICANTE OU ATACADISTA, e expressamente NÃO se aplica quando o destinatário é consumidor final — o que é sempre o caso na sua loja."
19041000,CROCANTISSIMO QUEIJO E CEBOLA 40G,1,Sem benefício identificado (tributação normal / possível ICMS-ST),-,,00/60/61,"Art. 39, Anexo II (redução, carga 12%) — só para fabricante/atacadista, excluída venda a consumidor final","Não há isenção/redução aplicável à venda ao consumidor final. O art. 39, Anexo II reduz a carga para 12% nesses capítulos, mas só para saídas de FABRICANTE OU ATACADISTA, e expressamente NÃO se aplica quando o destinatário é consumidor final — o que é sempre o caso na sua loja."
19041000,PIPOCA CLAC CARAMELIZADA 100G,2,Sem benefício identificado (tributação normal / possível ICMS-ST),-,,00/60/61,"Art. 39, Anexo II (redução, carga 12%) — só para fabricante/atacadista, excluída venda a consumidor final","Não há isenção/redução aplicável à venda ao consumidor final. O art. 39, Anexo II reduz a carga para 12% nesses capítulos, mas só para saídas de FABRICANTE OU ATACADISTA, e expressamente NÃO se aplica quando o destinatário é consumidor final — o que é sempre o caso na sua loja."
19041000,PIPOCA DOCE SMELL 90G,1,Sem benefício identificado (tributação normal / possível ICMS-ST),-,,00/60/61,"Art. 39, Anexo II (redução, carga 12%) — só para fabricante/atacadista, excluída venda a consumidor final","Não há isenção/redução aplicável à venda ao consumidor final. O art. 39, Anexo II reduz a carga para 12% nesses capítulos, mas só para saídas de FABRICANTE OU ATACADISTA, e expressamente NÃO se aplica quando o destinatário é consumidor final — o que é sempre o caso na sua loja."
19041000,PIPOCA GOURMET OVOMALTINE 100G,1,Sem benefício identificado (tributação normal / possível ICMS-ST),-,,00/60/61,"Art. 39, Anexo II (redução, carga 12%) — só para fabricante/atacadista, excluída venda a consumidor final","Não há isenção/redução aplicável à venda ao consumidor final. O art. 39, Anexo II reduz a carga para 12% nesses capítulos, mas só para saídas de FABRICANTE OU ATACADISTA, e expressamente NÃO se aplica quando o destinatário é consumidor final — o que é sempre o caso na sua loja."
19041000,PIPOCA MAIS PURA ARTESANAL CARAM FLOR DE SAL 100G,1,Sem benefício identificado (tributação normal / possível ICMS-ST),-,,00/60/61,"Art. 39, Anexo II (redução, carga 12%) — só para fabricante/atacadista, excluída venda a consumidor final","Não há isenção/redução aplicável à venda ao consumidor final. O art. 39, Anexo II reduz a carga para 12% nesses capítulos, mas só para saídas de FABRICANTE OU ATACADISTA, e expressamente NÃO se aplica quando o destinatário é consumidor final — o que é sempre o caso na sua loja."
19041000,PIPOCA PIPO GIURMET LEITE NINHO 90G,1,Sem benefício identificado (tributação normal / possível ICMS-ST),-,,00/60/61,"Art. 39, Anexo II (redução, carga 12%) — só para fabricante/atacadista, excluída venda a consumidor final","Não há isenção/redução aplicável à venda ao consumidor final. O art. 39, Anexo II reduz a carga para 12% nesses capítulos, mas só para saídas de FABRICANTE OU ATACADISTA, e expressamente NÃO se aplica quando o destinatário é consumidor final — o que é sempre o caso na sua loja."
19041000,SNACKS CEBOLITOS 91G.,1,Sem benefício identificado (tributação normal / possível ICMS-ST),-,,00/60/61,"Art. 39, Anexo II (redução, carga 12%) — só para fabricante/atacadista, excluída venda a consumidor final","Não há isenção/redução aplicável à venda ao consumidor final. O art. 39, Anexo II reduz a carga para 12% nesses capítulos, mas só para saídas de FABRICANTE OU ATACADISTA, e expressamente NÃO se aplica quando o destinatário é consumidor final — o que é sempre o caso na sua loja."
19041000,SNACKS CHEETOS MIX 70G,1,Sem benefício identificado (tributação normal / possível ICMS-ST),-,,00/60/61,"Art. 39, Anexo II (redução, carga 12%) — só para fabricante/atacadista, excluída venda a consumidor final","Não há isenção/redução aplicável à venda ao consumidor final. O art. 39, Anexo II reduz a carga para 12% nesses capítulos, mas só para saídas de FABRICANTE OU ATACADISTA, e expressamente NÃO se aplica quando o destinatário é consumidor final — o que é sempre o caso na sua loja."
19041000,SNACKS CHEETOS ONDA REQ 90G,1,Sem benefício identificado (tributação normal / possível ICMS-ST),-,,00/60/61,"Art. 39, Anexo II (redução, carga 12%) — só para fabricante/atacadista, excluída venda a consumidor final","Não há isenção/redução aplicável à venda ao consumidor final. O art. 39, Anexo II reduz a carga para 12% nesses capítulos, mas só para saídas de FABRICANTE OU ATACADISTA, e expressamente NÃO se aplica quando o destinatário é consumidor final — o que é sempre o caso na sua loja."
19041000,SNACKS CROCANTISSIMO BOTECO SALAME LIMAO 40G,1,Sem benefício identificado (tributação normal / possível ICMS-ST),-,,00/60/61,"Art. 39, Anexo II (redução, carga 12%) — só para fabricante/atacadista, excluída venda a consumidor final","Não há isenção/redução aplicável à venda ao consumidor final. O art. 39, Anexo II reduz a carga para 12% nesses capítulos, mas só para saídas de FABRICANTE OU ATACADISTA, e expressamente NÃO se aplica quando o destinatário é consumidor final — o que é sempre o caso na sua loja."
19041000,SNACKS CROCANTISSIMO P PERU REQ 45G PUL,1,Sem benefício identificado (tributação normal / possível ICMS-ST),-,,00/60/61,"Art. 39, Anexo II (redução, carga 12%) — só para fabricante/atacadista, excluída venda a consumidor final","Não há isenção/redução aplicável à venda ao consumidor final. O art. 39, Anexo II reduz a carga para 12% nesses capítulos, mas só para saídas de FABRICANTE OU ATACADISTA, e expressamente NÃO se aplica quando o destinatário é consumidor final — o que é sempre o caso na sua loja."
19041000,SNACKS FANDANGOS PRESUNTO 85G,1,Sem benefício identificado (tributação normal / possível ICMS-ST),-,,00/60/61,"Art. 39, Anexo II (redução, carga 12%) — só para fabricante/atacadista, excluída venda a consumidor final","Não há isenção/redução aplicável à venda ao consumidor final. O art. 39, Anexo II reduz a carga para 12% nesses capítulos, mas só para saídas de FABRICANTE OU ATACADISTA, e expressamente NÃO se aplica quando o destinatário é consumidor final — o que é sempre o caso na sua loja."
19052090,BOLINHO BAUDUCCO ROLL SABOR CHOCOLATE 34G.,1,Sem benefício identificado (tributação normal / possível ICMS-ST),-,,00/60/61,,"Não foi identificado dispositivo de isenção, redução, diferimento ou suspensão do RICMS-SP para este item. Muitos produtos industrializados (chocolates, biscoitos recheados, salgadinhos, sorvetes, refrigerados diversos) estão sujeitos a ICMS-ST, que dispensa cBenef na revenda (CST 60/61)."
19052090,BOLO TOCA DO BOLO MACA COM CANELA 450G,1,Sem benefício identificado (tributação normal / possível ICMS-ST),-,,00/60/61,,"Não foi identificado dispositivo de isenção, redução, diferimento ou suspensão do RICMS-SP para este item. Muitos produtos industrializados (chocolates, biscoitos recheados, salgadinhos, sorvetes, refrigerados diversos) estão sujeitos a ICMS-ST, que dispensa cBenef na revenda (CST 60/61)."
19052090,PAO DE MEL BAUDUCCO 30G,1,Sem benefício identificado (tributação normal / possível ICMS-ST),-,,00/60/61,,"Não foi identificado dispositivo de isenção, redução, diferimento ou suspensão do RICMS-SP para este item. Muitos produtos industrializados (chocolates, biscoitos recheados, salgadinhos, sorvetes, refrigerados diversos) estão sujeitos a ICMS-ST, que dispensa cBenef na revenda (CST 60/61)."
19053100,ALFAJOR ODARA 70 CHOC PRETO 65G,1,Sem benefício (biscoito recheado/coberto),-,,00/60,,"Biscoitos recheados, cobertos ou com chocolate (Oreo, Trakinas, Chocobiscuit etc.) ficam FORA do art. 3º, XX do Anexo II. Tributação normal / possível ICMS-ST."
19053100,ALFAJOR SEGREDOS CHOCOLATE BRANCO 60G,1,Sem benefício (biscoito recheado/coberto),-,,00/60,,"Biscoitos recheados, cobertos ou com chocolate (Oreo, Trakinas, Chocobiscuit etc.) ficam FORA do art. 3º, XX do Anexo II. Tributação normal / possível ICMS-ST."
19053100,BISCOITO BAUDUCCO LEITE GOTAS CHOCO 335G,1,Sem benefício (biscoito recheado/coberto),-,,00/60,,"Biscoitos recheados, cobertos ou com chocolate (Oreo, Trakinas, Chocobiscuit etc.) ficam FORA do art. 3º, XX do Anexo II. Tributação normal / possível ICMS-ST."
19053100,BISCOITO BAUDUCCO MAXI GOIABINHA 30G,1,Sem benefício (biscoito recheado/coberto),-,,00/60,,"Biscoitos recheados, cobertos ou com chocolate (Oreo, Trakinas, Chocobiscuit etc.) ficam FORA do art. 3º, XX do Anexo II. Tributação normal / possível ICMS-ST."
19053100,BISCOITO BAUDUCCO MORANGO 140G,1,Sem benefício (biscoito recheado/coberto),-,,00/60,,"Biscoitos recheados, cobertos ou com chocolate (Oreo, Trakinas, Chocobiscuit etc.) ficam FORA do art. 3º, XX do Anexo II. Tributação normal / possível ICMS-ST."
19053100,BISCOITO BAUDUCCO SPECULOOS CARAMELIZADO 84G,1,Sem benefício (biscoito recheado/coberto),-,,00/60,,"Biscoitos recheados, cobertos ou com chocolate (Oreo, Trakinas, Chocobiscuit etc.) ficam FORA do art. 3º, XX do Anexo II. Tributação normal / possível ICMS-ST."
19053100,BISCOITO BONOBON BISCUIT CHOC. E AMENDOIM 76G,1,Sem benefício (biscoito recheado/coberto),-,,00/60,,"Biscoitos recheados, cobertos ou com chocolate (Oreo, Trakinas, Chocobiscuit etc.) ficam FORA do art. 3º, XX do Anexo II. Tributação normal / possível ICMS-ST."
19053100,BISCOITO CHOCOBISCUIT AO LEITE BAUDUCCO 80G,2,Sem benefício (biscoito recheado/coberto),-,,00/60,,"Biscoitos recheados, cobertos ou com chocolate (Oreo, Trakinas, Chocobiscuit etc.) ficam FORA do art. 3º, XX do Anexo II. Tributação normal / possível ICMS-ST."
19053100,BISCOITO CHOCOBISCUIT CHOC AO LEITE 78G,1,Sem benefício (biscoito recheado/coberto),-,,00/60,,"Biscoitos recheados, cobertos ou com chocolate (Oreo, Trakinas, Chocobiscuit etc.) ficam FORA do art. 3º, XX do Anexo II. Tributação normal / possível ICMS-ST."
19053100,BISCOITO CHOCOBISCUIT MEIO AMARGO BAUDUCCO 80G,2,Sem benefício (biscoito recheado/coberto),-,,00/60,,"Biscoitos recheados, cobertos ou com chocolate (Oreo, Trakinas, Chocobiscuit etc.) ficam FORA do art. 3º, XX do Anexo II. Tributação normal / possível ICMS-ST."
19053100,BISCOITO CLUB SOCIAL CHURRAS NA BRASA 68G,1,Sem benefício (biscoito recheado/coberto),-,,00/60,,"Biscoitos recheados, cobertos ou com chocolate (Oreo, Trakinas, Chocobiscuit etc.) ficam FORA do art. 3º, XX do Anexo II. Tributação normal / possível ICMS-ST."
19053100,BISCOITO CLUB SOCIAL PIZZA MARGUERITA 68G,1,Sem benefício (biscoito recheado/coberto),-,,00/60,,"Biscoitos recheados, cobertos ou com chocolate (Oreo, Trakinas, Chocobiscuit etc.) ficam FORA do art. 3º, XX do Anexo II. Tributação normal / possível ICMS-ST."
19053100,BISCOITO KELLOGGS SUCRILHOS RECH.CHOCOLATE 85G,1,Sem benefício (biscoito recheado/coberto),-,,00/60,,"Biscoitos recheados, cobertos ou com chocolate (Oreo, Trakinas, Chocobiscuit etc.) ficam FORA do art. 3º, XX do Anexo II. Tributação normal / possível ICMS-ST."
19053100,BISCOITO KELLOGGS SUCRILHOS RECH.LEITE 85G,1,Sem benefício (biscoito recheado/coberto),-,,00/60,,"Biscoitos recheados, cobertos ou com chocolate (Oreo, Trakinas, Chocobiscuit etc.) ficam FORA do art. 3º, XX do Anexo II. Tributação normal / possível ICMS-ST."
19053100,BISCOITO LOWY RECHEADO TRIPLO CHOCOLATE 50G,1,Sem benefício (biscoito recheado/coberto),-,,00/60,,"Biscoitos recheados, cobertos ou com chocolate (Oreo, Trakinas, Chocobiscuit etc.) ficam FORA do art. 3º, XX do Anexo II. Tributação normal / possível ICMS-ST."
19053100,BISCOITO MABEL ROSQUINHA COCO 300G,1,Sem benefício (biscoito recheado/coberto),-,,00/60,,"Biscoitos recheados, cobertos ou com chocolate (Oreo, Trakinas, Chocobiscuit etc.) ficam FORA do art. 3º, XX do Anexo II. Tributação normal / possível ICMS-ST."
19053100,BISCOITO MINI OREO 35G.,1,Sem benefício (biscoito recheado/coberto),-,,00/60,,"Biscoitos recheados, cobertos ou com chocolate (Oreo, Trakinas, Chocobiscuit etc.) ficam FORA do art. 3º, XX do Anexo II. Tributação normal / possível ICMS-ST."
19053100,BISCOITO OREO ORIGINAL 90G,1,Sem benefício (biscoito recheado/coberto),-,,00/60,,"Biscoitos recheados, cobertos ou com chocolate (Oreo, Trakinas, Chocobiscuit etc.) ficam FORA do art. 3º, XX do Anexo II. Tributação normal / possível ICMS-ST."
19053100,BISCOITO PASSA TEMPO NESCAU 140G,1,Sem benefício (biscoito recheado/coberto),-,,00/60,,"Biscoitos recheados, cobertos ou com chocolate (Oreo, Trakinas, Chocobiscuit etc.) ficam FORA do art. 3º, XX do Anexo II. Tributação normal / possível ICMS-ST."
19053100,BISCOITO PASSATEMPO LEITE 150G,1,Sem benefício (biscoito recheado/coberto),-,,00/60,,"Biscoitos recheados, cobertos ou com chocolate (Oreo, Trakinas, Chocobiscuit etc.) ficam FORA do art. 3º, XX do Anexo II. Tributação normal / possível ICMS-ST."
19053100,BISCOITO PASSATEMPO MORANGO 130G,1,Sem benefício (biscoito recheado/coberto),-,,00/60,,"Biscoitos recheados, cobertos ou com chocolate (Oreo, Trakinas, Chocobiscuit etc.) ficam FORA do art. 3º, XX do Anexo II. Tributação normal / possível ICMS-ST."
19053100,BISCOITO PASSATEMPO RECHEADO CHOCOLATE 130G,1,Sem benefício (biscoito recheado/coberto),-,,00/60,,"Biscoitos recheados, cobertos ou com chocolate (Oreo, Trakinas, Chocobiscuit etc.) ficam FORA do art. 3º, XX do Anexo II. Tributação normal / possível ICMS-ST."
19053100,BISCOITO PASSATEMPO RECHEADO CHOCOLATE MIX130G,1,Sem benefício (biscoito recheado/coberto),-,,00/60,,"Biscoitos recheados, cobertos ou com chocolate (Oreo, Trakinas, Chocobiscuit etc.) ficam FORA do art. 3º, XX do Anexo II. Tributação normal / possível ICMS-ST."
19053100,BISCOITO TODDY RECHEADO CHOCO 100G,1,Sem benefício (biscoito recheado/coberto),-,,00/60,,"Biscoitos recheados, cobertos ou com chocolate (Oreo, Trakinas, Chocobiscuit etc.) ficam FORA do art. 3º, XX do Anexo II. Tributação normal / possível ICMS-ST."
19053100,BISCOITO TODDY RECHEADO MORANGO 100G,1,Sem benefício (biscoito recheado/coberto),-,,00/60,,"Biscoitos recheados, cobertos ou com chocolate (Oreo, Trakinas, Chocobiscuit etc.) ficam FORA do art. 3º, XX do Anexo II. Tributação normal / possível ICMS-ST."
19053100,BISCOITO TRAKINAS CHOCOLATE 126G,1,Sem benefício (biscoito recheado/coberto),-,,00/60,,"Biscoitos recheados, cobertos ou com chocolate (Oreo, Trakinas, Chocobiscuit etc.) ficam FORA do art. 3º, XX do Anexo II. Tributação normal / possível ICMS-ST."
19053100,BISCOITO TRAKINAS MEIO A MEIO CHOCO MORANGO 126G,1,Sem benefício (biscoito recheado/coberto),-,,00/60,,"Biscoitos recheados, cobertos ou com chocolate (Oreo, Trakinas, Chocobiscuit etc.) ficam FORA do art. 3º, XX do Anexo II. Tributação normal / possível ICMS-ST."
19053100,BISCOITO WAFER MY MOTTO CACAU 30G,1,Sem benefício (biscoito recheado/coberto),-,,00/60,,"Biscoitos recheados, cobertos ou com chocolate (Oreo, Trakinas, Chocobiscuit etc.) ficam FORA do art. 3º, XX do Anexo II. Tributação normal / possível ICMS-ST."
19053100,BISCOITOS DE PACOTE SABORES SORTIDOS SEGREDOS,1,Sem benefício (biscoito recheado/coberto),-,,00/60,,"Biscoitos recheados, cobertos ou com chocolate (Oreo, Trakinas, Chocobiscuit etc.) ficam FORA do art. 3º, XX do Anexo II. Tributação normal / possível ICMS-ST."
19053100,CHOCOLATE TWIX 40G,1,Sem benefício (biscoito recheado/coberto),-,,00/60,,"Biscoitos recheados, cobertos ou com chocolate (Oreo, Trakinas, Chocobiscuit etc.) ficam FORA do art. 3º, XX do Anexo II. Tributação normal / possível ICMS-ST."
19053100,COOKIES BAUDUCCO CHOCOLATE COM GOTAS CHOC 100G,1,Sem benefício (biscoito recheado/coberto),-,,00/60,,"Biscoitos recheados, cobertos ou com chocolate (Oreo, Trakinas, Chocobiscuit etc.) ficam FORA do art. 3º, XX do Anexo II. Tributação normal / possível ICMS-ST."
19053100,COOKIES BAUDUCCO MAXI 96G,1,Sem benefício (biscoito recheado/coberto),-,,00/60,,"Biscoitos recheados, cobertos ou com chocolate (Oreo, Trakinas, Chocobiscuit etc.) ficam FORA do art. 3º, XX do Anexo II. Tributação normal / possível ICMS-ST."
19053100,COOKIES BAUDUCCO ORIGINAL COM GOTAS CHOCOLATE 100G,1,Sem benefício (biscoito recheado/coberto),-,,00/60,,"Biscoitos recheados, cobertos ou com chocolate (Oreo, Trakinas, Chocobiscuit etc.) ficam FORA do art. 3º, XX do Anexo II. Tributação normal / possível ICMS-ST."
19053100,COOKIES TODDY BAUNILHA C GOTAS DE CHOCOLATE 133G,1,Sem benefício (biscoito recheado/coberto),-,,00/60,,"Biscoitos recheados, cobertos ou com chocolate (Oreo, Trakinas, Chocobiscuit etc.) ficam FORA do art. 3º, XX do Anexo II. Tributação normal / possível ICMS-ST."
19053100,PETIT FOUR DECORADO VOVO TOTA 90G,1,Sem benefício (biscoito recheado/coberto),-,,00/60,,"Biscoitos recheados, cobertos ou com chocolate (Oreo, Trakinas, Chocobiscuit etc.) ficam FORA do art. 3º, XX do Anexo II. Tributação normal / possível ICMS-ST."
19053200,BARRA NUTRATA WHEY COOKIES E CREAM 40G,1,Sem benefício identificado (tributação normal / possível ICMS-ST),-,,00/60/61,,"Não foi identificado dispositivo de isenção, redução, diferimento ou suspensão do RICMS-SP para este item. Muitos produtos industrializados (chocolates, biscoitos recheados, salgadinhos, sorvetes, refrigerados diversos) estão sujeitos a ICMS-ST, que dispensa cBenef na revenda (CST 60/61)."
19053200,BISCOITO STROOPWAFEL WAFFLE HOLANDES 230G,1,Sem benefício identificado (tributação normal / possível ICMS-ST),-,,00/60/61,,"Não foi identificado dispositivo de isenção, redução, diferimento ou suspensão do RICMS-SP para este item. Muitos produtos industrializados (chocolates, biscoitos recheados, salgadinhos, sorvetes, refrigerados diversos) estão sujeitos a ICMS-ST, que dispensa cBenef na revenda (CST 60/61)."
19053200,BISCOITO WAFER BAUDUCCO CHOCOLATE 140G,2,Sem benefício identificado (tributação normal / possível ICMS-ST),-,,00/60/61,,"Não foi identificado dispositivo de isenção, redução, diferimento ou suspensão do RICMS-SP para este item. Muitos produtos industrializados (chocolates, biscoitos recheados, salgadinhos, sorvetes, refrigerados diversos) estão sujeitos a ICMS-ST, que dispensa cBenef na revenda (CST 60/61)."
19053200,BISCOITO WAFER BAUDUCCO CHOCOLATE COM  AVELA 140G,1,Sem benefício identificado (tributação normal / possível ICMS-ST),-,,00/60/61,,"Não foi identificado dispositivo de isenção, redução, diferimento ou suspensão do RICMS-SP para este item. Muitos produtos industrializados (chocolates, biscoitos recheados, salgadinhos, sorvetes, refrigerados diversos) estão sujeitos a ICMS-ST, que dispensa cBenef na revenda (CST 60/61)."
19053200,BISCOITO WAFER BAUDUCCO MAXI CHOCOLATE 104G,1,Sem benefício identificado (tributação normal / possível ICMS-ST),-,,00/60/61,,"Não foi identificado dispositivo de isenção, redução, diferimento ou suspensão do RICMS-SP para este item. Muitos produtos industrializados (chocolates, biscoitos recheados, salgadinhos, sorvetes, refrigerados diversos) estão sujeitos a ICMS-ST, que dispensa cBenef na revenda (CST 60/61)."
19053200,BISCOITO WAFER BAUDUCCO MORANGO 140G,1,Sem benefício identificado (tributação normal / possível ICMS-ST),-,,00/60/61,,"Não foi identificado dispositivo de isenção, redução, diferimento ou suspensão do RICMS-SP para este item. Muitos produtos industrializados (chocolates, biscoitos recheados, salgadinhos, sorvetes, refrigerados diversos) estão sujeitos a ICMS-ST, que dispensa cBenef na revenda (CST 60/61)."
19053200,BISCOITO WAFER BAUDUCCO TRIPLO CHOCOLATE 140G,1,Sem benefício identificado (tributação normal / possível ICMS-ST),-,,00/60/61,,"Não foi identificado dispositivo de isenção, redução, diferimento ou suspensão do RICMS-SP para este item. Muitos produtos industrializados (chocolates, biscoitos recheados, salgadinhos, sorvetes, refrigerados diversos) estão sujeitos a ICMS-ST, que dispensa cBenef na revenda (CST 60/61)."
19053200,BISCOITO WAFER LOOK ITAMARATY CHOCOLATE 55G,1,Sem benefício identificado (tributação normal / possível ICMS-ST),-,,00/60/61,,"Não foi identificado dispositivo de isenção, redução, diferimento ou suspensão do RICMS-SP para este item. Muitos produtos industrializados (chocolates, biscoitos recheados, salgadinhos, sorvetes, refrigerados diversos) estão sujeitos a ICMS-ST, que dispensa cBenef na revenda (CST 60/61)."
19053200,"BOMBOM LACTA OREO 20,1G",1,Sem benefício identificado (tributação normal / possível ICMS-ST),-,,00/60/61,,"Não foi identificado dispositivo de isenção, redução, diferimento ou suspensão do RICMS-SP para este item. Muitos produtos industrializados (chocolates, biscoitos recheados, salgadinhos, sorvetes, refrigerados diversos) estão sujeitos a ICMS-ST, que dispensa cBenef na revenda (CST 60/61)."
19053200,BOMBOM LACTA OURO BRANCO,1,Sem benefício identificado (tributação normal / possível ICMS-ST),-,,00/60/61,,"Não foi identificado dispositivo de isenção, redução, diferimento ou suspensão do RICMS-SP para este item. Muitos produtos industrializados (chocolates, biscoitos recheados, salgadinhos, sorvetes, refrigerados diversos) estão sujeitos a ICMS-ST, que dispensa cBenef na revenda (CST 60/61)."
19053200,BOMBOM SONHO DE VALSA,1,Sem benefício identificado (tributação normal / possível ICMS-ST),-,,00/60/61,,"Não foi identificado dispositivo de isenção, redução, diferimento ou suspensão do RICMS-SP para este item. Muitos produtos industrializados (chocolates, biscoitos recheados, salgadinhos, sorvetes, refrigerados diversos) estão sujeitos a ICMS-ST, que dispensa cBenef na revenda (CST 60/61)."
19053200,CHOCOLATE AMANDITA 200G,1,Sem benefício identificado (tributação normal / possível ICMS-ST),-,,00/60/61,,"Não foi identificado dispositivo de isenção, redução, diferimento ou suspensão do RICMS-SP para este item. Muitos produtos industrializados (chocolates, biscoitos recheados, salgadinhos, sorvetes, refrigerados diversos) estão sujeitos a ICMS-ST, que dispensa cBenef na revenda (CST 60/61)."
19053200,"CHOCOLATE BIS AO LEITE 100,8G",1,Sem benefício identificado (tributação normal / possível ICMS-ST),-,,00/60/61,,"Não foi identificado dispositivo de isenção, redução, diferimento ou suspensão do RICMS-SP para este item. Muitos produtos industrializados (chocolates, biscoitos recheados, salgadinhos, sorvetes, refrigerados diversos) estão sujeitos a ICMS-ST, que dispensa cBenef na revenda (CST 60/61)."
19053200,"CHOCOLATE BIS BLACK 100,8G",1,Sem benefício identificado (tributação normal / possível ICMS-ST),-,,00/60/61,,"Não foi identificado dispositivo de isenção, redução, diferimento ou suspensão do RICMS-SP para este item. Muitos produtos industrializados (chocolates, biscoitos recheados, salgadinhos, sorvetes, refrigerados diversos) estão sujeitos a ICMS-ST, que dispensa cBenef na revenda (CST 60/61)."
19053200,"CHOCOLATE BIS LAKA BRANCO 100,8G",1,Sem benefício identificado (tributação normal / possível ICMS-ST),-,,00/60/61,,"Não foi identificado dispositivo de isenção, redução, diferimento ou suspensão do RICMS-SP para este item. Muitos produtos industrializados (chocolates, biscoitos recheados, salgadinhos, sorvetes, refrigerados diversos) estão sujeitos a ICMS-ST, que dispensa cBenef na revenda (CST 60/61)."
19053200,"CHOCOLATE BIS OREO 100,8G",1,Sem benefício identificado (tributação normal / possível ICMS-ST),-,,00/60/61,,"Não foi identificado dispositivo de isenção, redução, diferimento ou suspensão do RICMS-SP para este item. Muitos produtos industrializados (chocolates, biscoitos recheados, salgadinhos, sorvetes, refrigerados diversos) estão sujeitos a ICMS-ST, que dispensa cBenef na revenda (CST 60/61)."
19053200,CHOCOLATE CACAUZISSIMO 51% CACAU ZERO ACUCAR 25G,1,Sem benefício identificado (tributação normal / possível ICMS-ST),-,,00/60/61,,"Não foi identificado dispositivo de isenção, redução, diferimento ou suspensão do RICMS-SP para este item. Muitos produtos industrializados (chocolates, biscoitos recheados, salgadinhos, sorvetes, refrigerados diversos) estão sujeitos a ICMS-ST, que dispensa cBenef na revenda (CST 60/61)."
19053200,CHOCOLATE KINDER BUENO 43G,1,Sem benefício identificado (tributação normal / possível ICMS-ST),-,,00/60/61,,"Não foi identificado dispositivo de isenção, redução, diferimento ou suspensão do RICMS-SP para este item. Muitos produtos industrializados (chocolates, biscoitos recheados, salgadinhos, sorvetes, refrigerados diversos) estão sujeitos a ICMS-ST, que dispensa cBenef na revenda (CST 60/61)."
19053200,CHOCOLATE KINDER BUENO WHITE 39G,1,Sem benefício identificado (tributação normal / possível ICMS-ST),-,,00/60/61,,"Não foi identificado dispositivo de isenção, redução, diferimento ou suspensão do RICMS-SP para este item. Muitos produtos industrializados (chocolates, biscoitos recheados, salgadinhos, sorvetes, refrigerados diversos) estão sujeitos a ICMS-ST, que dispensa cBenef na revenda (CST 60/61)."
19053200,"CHOCOLATE KITKAT CEREJA 41,5G UN",1,Sem benefício identificado (tributação normal / possível ICMS-ST),-,,00/60/61,,"Não foi identificado dispositivo de isenção, redução, diferimento ou suspensão do RICMS-SP para este item. Muitos produtos industrializados (chocolates, biscoitos recheados, salgadinhos, sorvetes, refrigerados diversos) estão sujeitos a ICMS-ST, que dispensa cBenef na revenda (CST 60/61)."
19053200,"CHOCOLATE KITKAT MINT DARK 41,5G UN",1,Sem benefício identificado (tributação normal / possível ICMS-ST),-,,00/60/61,,"Não foi identificado dispositivo de isenção, redução, diferimento ou suspensão do RICMS-SP para este item. Muitos produtos industrializados (chocolates, biscoitos recheados, salgadinhos, sorvetes, refrigerados diversos) estão sujeitos a ICMS-ST, que dispensa cBenef na revenda (CST 60/61)."
19053200,"CHOCOLATE KITKAT TUTTI-FRUTTI 41,5G UN",1,Sem benefício identificado (tributação normal / possível ICMS-ST),-,,00/60/61,,"Não foi identificado dispositivo de isenção, redução, diferimento ou suspensão do RICMS-SP para este item. Muitos produtos industrializados (chocolates, biscoitos recheados, salgadinhos, sorvetes, refrigerados diversos) estão sujeitos a ICMS-ST, que dispensa cBenef na revenda (CST 60/61)."
19053200,"CHOCOLATE NESTLE KIT KAT AO LEITE 41,5G",1,Sem benefício identificado (tributação normal / possível ICMS-ST),-,,00/60/61,,"Não foi identificado dispositivo de isenção, redução, diferimento ou suspensão do RICMS-SP para este item. Muitos produtos industrializados (chocolates, biscoitos recheados, salgadinhos, sorvetes, refrigerados diversos) estão sujeitos a ICMS-ST, que dispensa cBenef na revenda (CST 60/61)."
19053200,"CHOCOLATE NESTLE KIT KAT BRANCO NESTLE 41,5G",1,Sem benefício identificado (tributação normal / possível ICMS-ST),-,,00/60/61,,"Não foi identificado dispositivo de isenção, redução, diferimento ou suspensão do RICMS-SP para este item. Muitos produtos industrializados (chocolates, biscoitos recheados, salgadinhos, sorvetes, refrigerados diversos) estão sujeitos a ICMS-ST, que dispensa cBenef na revenda (CST 60/61)."
19053200,"CHOCOLATE NESTLE KIT KAT DARK 41,5G",1,Sem benefício identificado (tributação normal / possível ICMS-ST),-,,00/60/61,,"Não foi identificado dispositivo de isenção, redução, diferimento ou suspensão do RICMS-SP para este item. Muitos produtos industrializados (chocolates, biscoitos recheados, salgadinhos, sorvetes, refrigerados diversos) estão sujeitos a ICMS-ST, que dispensa cBenef na revenda (CST 60/61)."
19053200,NUTELLA B READY WAFER RECHEADO 22G,1,Sem benefício identificado (tributação normal / possível ICMS-ST),-,,00/60/61,,"Não foi identificado dispositivo de isenção, redução, diferimento ou suspensão do RICMS-SP para este item. Muitos produtos industrializados (chocolates, biscoitos recheados, salgadinhos, sorvetes, refrigerados diversos) estão sujeitos a ICMS-ST, que dispensa cBenef na revenda (CST 60/61)."
19053200,PASSION ARCOR WAFER CHOCO 80G,1,Sem benefício identificado (tributação normal / possível ICMS-ST),-,,00/60/61,,"Não foi identificado dispositivo de isenção, redução, diferimento ou suspensão do RICMS-SP para este item. Muitos produtos industrializados (chocolates, biscoitos recheados, salgadinhos, sorvetes, refrigerados diversos) estão sujeitos a ICMS-ST, que dispensa cBenef na revenda (CST 60/61)."
19053200,PASSION ARCOR WAFER CHOCO BRANCO 80G,1,Sem benefício identificado (tributação normal / possível ICMS-ST),-,,00/60/61,,"Não foi identificado dispositivo de isenção, redução, diferimento ou suspensão do RICMS-SP para este item. Muitos produtos industrializados (chocolates, biscoitos recheados, salgadinhos, sorvetes, refrigerados diversos) estão sujeitos a ICMS-ST, que dispensa cBenef na revenda (CST 60/61)."
19053200,WAFER CHOCOBISCUIT TUBE BAUDUCCO 80G,1,Sem benefício identificado (tributação normal / possível ICMS-ST),-,,00/60/61,,"Não foi identificado dispositivo de isenção, redução, diferimento ou suspensão do RICMS-SP para este item. Muitos produtos industrializados (chocolates, biscoitos recheados, salgadinhos, sorvetes, refrigerados diversos) estão sujeitos a ICMS-ST, que dispensa cBenef na revenda (CST 60/61)."
19053200,WAFER TRIUNFO CHOCO 105G,1,Sem benefício identificado (tributação normal / possível ICMS-ST),-,,00/60/61,,"Não foi identificado dispositivo de isenção, redução, diferimento ou suspensão do RICMS-SP para este item. Muitos produtos industrializados (chocolates, biscoitos recheados, salgadinhos, sorvetes, refrigerados diversos) estão sujeitos a ICMS-ST, que dispensa cBenef na revenda (CST 60/61)."
19053200,WAFER TRIUNFO CHOCO AVELA 105G,1,Sem benefício identificado (tributação normal / possível ICMS-ST),-,,00/60/61,,"Não foi identificado dispositivo de isenção, redução, diferimento ou suspensão do RICMS-SP para este item. Muitos produtos industrializados (chocolates, biscoitos recheados, salgadinhos, sorvetes, refrigerados diversos) estão sujeitos a ICMS-ST, que dispensa cBenef na revenda (CST 60/61)."
19053200,WAFER TRIUNFO MOR 105G,1,Sem benefício identificado (tributação normal / possível ICMS-ST),-,,00/60/61,,"Não foi identificado dispositivo de isenção, redução, diferimento ou suspensão do RICMS-SP para este item. Muitos produtos industrializados (chocolates, biscoitos recheados, salgadinhos, sorvetes, refrigerados diversos) estão sujeitos a ICMS-ST, que dispensa cBenef na revenda (CST 60/61)."
19054000,TORRADA BAUDUCCO INTEGRAL 142G,1,Sem benefício identificado (tributação normal / possível ICMS-ST),-,,00/60/61,,"Não foi identificado dispositivo de isenção, redução, diferimento ou suspensão do RICMS-SP para este item. Muitos produtos industrializados (chocolates, biscoitos recheados, salgadinhos, sorvetes, refrigerados diversos) estão sujeitos a ICMS-ST, que dispensa cBenef na revenda (CST 60/61)."
19054000,TORRADA BAUDUCCO TRADICIONAL 142G,1,Sem benefício identificado (tributação normal / possível ICMS-ST),-,,00/60/61,,"Não foi identificado dispositivo de isenção, redução, diferimento ou suspensão do RICMS-SP para este item. Muitos produtos industrializados (chocolates, biscoitos recheados, salgadinhos, sorvetes, refrigerados diversos) estão sujeitos a ICMS-ST, que dispensa cBenef na revenda (CST 60/61)."
19054000,TORRADINHA CASTELLI 150G,1,Sem benefício identificado (tributação normal / possível ICMS-ST),-,,00/60/61,,"Não foi identificado dispositivo de isenção, redução, diferimento ou suspensão do RICMS-SP para este item. Muitos produtos industrializados (chocolates, biscoitos recheados, salgadinhos, sorvetes, refrigerados diversos) estão sujeitos a ICMS-ST, que dispensa cBenef na revenda (CST 60/61)."
19059020,BISCOITO CLUB SOCIAL INTEGRAL 144G,1,Sem benefício identificado (tributação normal / possível ICMS-ST),-,,00/60/61,,"Não foi identificado dispositivo de isenção, redução, diferimento ou suspensão do RICMS-SP para este item. Muitos produtos industrializados (chocolates, biscoitos recheados, salgadinhos, sorvetes, refrigerados diversos) estão sujeitos a ICMS-ST, que dispensa cBenef na revenda (CST 60/61)."
19059020,BISCOITO CLUB SOCIAL ORIGINAL 144GR,1,Sem benefício identificado (tributação normal / possível ICMS-ST),-,,00/60/61,,"Não foi identificado dispositivo de isenção, redução, diferimento ou suspensão do RICMS-SP para este item. Muitos produtos industrializados (chocolates, biscoitos recheados, salgadinhos, sorvetes, refrigerados diversos) estão sujeitos a ICMS-ST, que dispensa cBenef na revenda (CST 60/61)."
19059020,BISCOITO CLUB SOCIAL QUEIJO PARMESAO 68G,1,Sem benefício identificado (tributação normal / possível ICMS-ST),-,,00/60/61,,"Não foi identificado dispositivo de isenção, redução, diferimento ou suspensão do RICMS-SP para este item. Muitos produtos industrializados (chocolates, biscoitos recheados, salgadinhos, sorvetes, refrigerados diversos) estão sujeitos a ICMS-ST, que dispensa cBenef na revenda (CST 60/61)."
19059020,BISCOITO PADARIA PALITO DE CHOCOLATE KG,1,Sem benefício identificado (tributação normal / possível ICMS-ST),-,,00/60/61,,"Não foi identificado dispositivo de isenção, redução, diferimento ou suspensão do RICMS-SP para este item. Muitos produtos industrializados (chocolates, biscoitos recheados, salgadinhos, sorvetes, refrigerados diversos) estão sujeitos a ICMS-ST, que dispensa cBenef na revenda (CST 60/61)."
19059090,ALFAJOR DR PEANUT COOKIES CREAM 35G,1,Sem benefício identificado (tributação normal / possível ICMS-ST),-,,00/60/61,,"Não foi identificado dispositivo de isenção, redução, diferimento ou suspensão do RICMS-SP para este item. Muitos produtos industrializados (chocolates, biscoitos recheados, salgadinhos, sorvetes, refrigerados diversos) estão sujeitos a ICMS-ST, que dispensa cBenef na revenda (CST 60/61)."
19059090,ANA MARIA CHOCO BAUN 70G,1,Sem benefício identificado (tributação normal / possível ICMS-ST),-,,00/60/61,,"Não foi identificado dispositivo de isenção, redução, diferimento ou suspensão do RICMS-SP para este item. Muitos produtos industrializados (chocolates, biscoitos recheados, salgadinhos, sorvetes, refrigerados diversos) estão sujeitos a ICMS-ST, que dispensa cBenef na revenda (CST 60/61)."
19059090,ANA MARIA TRADICIONAL BAUNILHA 70G,1,Sem benefício identificado (tributação normal / possível ICMS-ST),-,,00/60/61,,"Não foi identificado dispositivo de isenção, redução, diferimento ou suspensão do RICMS-SP para este item. Muitos produtos industrializados (chocolates, biscoitos recheados, salgadinhos, sorvetes, refrigerados diversos) estão sujeitos a ICMS-ST, que dispensa cBenef na revenda (CST 60/61)."
19059090,BISCOITO DE POLVILHO CASSINI SALGADO 100G,1,Sem benefício identificado (tributação normal / possível ICMS-ST),-,,00/60/61,,"Não foi identificado dispositivo de isenção, redução, diferimento ou suspensão do RICMS-SP para este item. Muitos produtos industrializados (chocolates, biscoitos recheados, salgadinhos, sorvetes, refrigerados diversos) estão sujeitos a ICMS-ST, que dispensa cBenef na revenda (CST 60/61)."
19059090,BISCOITO DE POLVILHO TEMPERADO TRADICIONAL 100G,1,Sem benefício identificado (tributação normal / possível ICMS-ST),-,,00/60/61,,"Não foi identificado dispositivo de isenção, redução, diferimento ou suspensão do RICMS-SP para este item. Muitos produtos industrializados (chocolates, biscoitos recheados, salgadinhos, sorvetes, refrigerados diversos) estão sujeitos a ICMS-ST, que dispensa cBenef na revenda (CST 60/61)."
19059090,BOLINHO ANA MARIA COB CHOCOLATE 42G,1,Sem benefício identificado (tributação normal / possível ICMS-ST),-,,00/60/61,,"Não foi identificado dispositivo de isenção, redução, diferimento ou suspensão do RICMS-SP para este item. Muitos produtos industrializados (chocolates, biscoitos recheados, salgadinhos, sorvetes, refrigerados diversos) estão sujeitos a ICMS-ST, que dispensa cBenef na revenda (CST 60/61)."
19059090,BOLINHO ANA MARIA DUPLO CHOCOLATE 35G.,1,Sem benefício identificado (tributação normal / possível ICMS-ST),-,,00/60/61,,"Não foi identificado dispositivo de isenção, redução, diferimento ou suspensão do RICMS-SP para este item. Muitos produtos industrializados (chocolates, biscoitos recheados, salgadinhos, sorvetes, refrigerados diversos) estão sujeitos a ICMS-ST, que dispensa cBenef na revenda (CST 60/61)."
19059090,BOLINHO ANA MARIA GOTAS DE CHOCOLATE 70G,1,Sem benefício identificado (tributação normal / possível ICMS-ST),-,,00/60/61,,"Não foi identificado dispositivo de isenção, redução, diferimento ou suspensão do RICMS-SP para este item. Muitos produtos industrializados (chocolates, biscoitos recheados, salgadinhos, sorvetes, refrigerados diversos) estão sujeitos a ICMS-ST, que dispensa cBenef na revenda (CST 60/61)."
19059090,BOLO PULLMAN CHOCOLATE 250G,1,Sem benefício identificado (tributação normal / possível ICMS-ST),-,,00/60/61,,"Não foi identificado dispositivo de isenção, redução, diferimento ou suspensão do RICMS-SP para este item. Muitos produtos industrializados (chocolates, biscoitos recheados, salgadinhos, sorvetes, refrigerados diversos) estão sujeitos a ICMS-ST, que dispensa cBenef na revenda (CST 60/61)."
19059090,BOLO PULLMAN FRAPE 250G,1,Sem benefício identificado (tributação normal / possível ICMS-ST),-,,00/60/61,,"Não foi identificado dispositivo de isenção, redução, diferimento ou suspensão do RICMS-SP para este item. Muitos produtos industrializados (chocolates, biscoitos recheados, salgadinhos, sorvetes, refrigerados diversos) estão sujeitos a ICMS-ST, que dispensa cBenef na revenda (CST 60/61)."
19059090,BOLO PULLMAN GOTAS CHOCOLATE 250G,1,Sem benefício identificado (tributação normal / possível ICMS-ST),-,,00/60/61,,"Não foi identificado dispositivo de isenção, redução, diferimento ou suspensão do RICMS-SP para este item. Muitos produtos industrializados (chocolates, biscoitos recheados, salgadinhos, sorvetes, refrigerados diversos) estão sujeitos a ICMS-ST, que dispensa cBenef na revenda (CST 60/61)."
19059090,BOLO PULLMAN LARANJA 250G,1,Sem benefício identificado (tributação normal / possível ICMS-ST),-,,00/60/61,,"Não foi identificado dispositivo de isenção, redução, diferimento ou suspensão do RICMS-SP para este item. Muitos produtos industrializados (chocolates, biscoitos recheados, salgadinhos, sorvetes, refrigerados diversos) estão sujeitos a ICMS-ST, que dispensa cBenef na revenda (CST 60/61)."
19059090,BOLO TOCA DO BOLO BAN CAN PAS NOZ 450G,1,Sem benefício identificado (tributação normal / possível ICMS-ST),-,,00/60/61,,"Não foi identificado dispositivo de isenção, redução, diferimento ou suspensão do RICMS-SP para este item. Muitos produtos industrializados (chocolates, biscoitos recheados, salgadinhos, sorvetes, refrigerados diversos) estão sujeitos a ICMS-ST, que dispensa cBenef na revenda (CST 60/61)."
19059090,BOLO TOCA DO BOLO CENOURA COM  GOTAS CHOCOLATE 450G,1,Sem benefício identificado (tributação normal / possível ICMS-ST),-,,00/60/61,,"Não foi identificado dispositivo de isenção, redução, diferimento ou suspensão do RICMS-SP para este item. Muitos produtos industrializados (chocolates, biscoitos recheados, salgadinhos, sorvetes, refrigerados diversos) estão sujeitos a ICMS-ST, que dispensa cBenef na revenda (CST 60/61)."
19059090,BOLO TOCA DO BOLO CENOURA COM CHOCOLATE 500G,1,Sem benefício identificado (tributação normal / possível ICMS-ST),-,,00/60/61,,"Não foi identificado dispositivo de isenção, redução, diferimento ou suspensão do RICMS-SP para este item. Muitos produtos industrializados (chocolates, biscoitos recheados, salgadinhos, sorvetes, refrigerados diversos) estão sujeitos a ICMS-ST, que dispensa cBenef na revenda (CST 60/61)."
19059090,BOLO TOCA DO BOLO CHOCOLATE 500G,1,Sem benefício identificado (tributação normal / possível ICMS-ST),-,,00/60/61,,"Não foi identificado dispositivo de isenção, redução, diferimento ou suspensão do RICMS-SP para este item. Muitos produtos industrializados (chocolates, biscoitos recheados, salgadinhos, sorvetes, refrigerados diversos) estão sujeitos a ICMS-ST, que dispensa cBenef na revenda (CST 60/61)."
19059090,BOLO TOCA DO BOLO CHURROS 570G,1,Sem benefício identificado (tributação normal / possível ICMS-ST),-,,00/60/61,,"Não foi identificado dispositivo de isenção, redução, diferimento ou suspensão do RICMS-SP para este item. Muitos produtos industrializados (chocolates, biscoitos recheados, salgadinhos, sorvetes, refrigerados diversos) estão sujeitos a ICMS-ST, que dispensa cBenef na revenda (CST 60/61)."
19059090,BOLO TOCA DO BOLO LARANJA 500G,1,Sem benefício identificado (tributação normal / possível ICMS-ST),-,,00/60/61,,"Não foi identificado dispositivo de isenção, redução, diferimento ou suspensão do RICMS-SP para este item. Muitos produtos industrializados (chocolates, biscoitos recheados, salgadinhos, sorvetes, refrigerados diversos) estão sujeitos a ICMS-ST, que dispensa cBenef na revenda (CST 60/61)."
19059090,BOLO TOCA DO BOLO MILHO COM QUEIJO 650G,1,Sem benefício identificado (tributação normal / possível ICMS-ST),-,,00/60/61,,"Não foi identificado dispositivo de isenção, redução, diferimento ou suspensão do RICMS-SP para este item. Muitos produtos industrializados (chocolates, biscoitos recheados, salgadinhos, sorvetes, refrigerados diversos) estão sujeitos a ICMS-ST, que dispensa cBenef na revenda (CST 60/61)."
19059090,BRIOCHE KG,1,Sem benefício identificado (tributação normal / possível ICMS-ST),-,,00/60/61,,"Não foi identificado dispositivo de isenção, redução, diferimento ou suspensão do RICMS-SP para este item. Muitos produtos industrializados (chocolates, biscoitos recheados, salgadinhos, sorvetes, refrigerados diversos) estão sujeitos a ICMS-ST, que dispensa cBenef na revenda (CST 60/61)."
19059090,DOCE MUFFIN AMPM PADARIA UNID,1,Sem benefício identificado (tributação normal / possível ICMS-ST),-,,00/60/61,,"Não foi identificado dispositivo de isenção, redução, diferimento ou suspensão do RICMS-SP para este item. Muitos produtos industrializados (chocolates, biscoitos recheados, salgadinhos, sorvetes, refrigerados diversos) estão sujeitos a ICMS-ST, que dispensa cBenef na revenda (CST 60/61)."
19059090,LANCHE MANIA FOODS SABORES,1,Sem benefício identificado (tributação normal / possível ICMS-ST),-,,00/60/61,,"Não foi identificado dispositivo de isenção, redução, diferimento ou suspensão do RICMS-SP para este item. Muitos produtos industrializados (chocolates, biscoitos recheados, salgadinhos, sorvetes, refrigerados diversos) estão sujeitos a ICMS-ST, que dispensa cBenef na revenda (CST 60/61)."
19059090,LASCAS DE POLVILHO AZEITONA PRETA CHEF DI SERIO 80G,1,Sem benefício identificado (tributação normal / possível ICMS-ST),-,,00/60/61,,"Não foi identificado dispositivo de isenção, redução, diferimento ou suspensão do RICMS-SP para este item. Muitos produtos industrializados (chocolates, biscoitos recheados, salgadinhos, sorvetes, refrigerados diversos) estão sujeitos a ICMS-ST, que dispensa cBenef na revenda (CST 60/61)."
19059090,LASCAS DE POLVILHO BATATA DOCE C GERGELIM 80G,1,Sem benefício identificado (tributação normal / possível ICMS-ST),-,,00/60/61,,"Não foi identificado dispositivo de isenção, redução, diferimento ou suspensão do RICMS-SP para este item. Muitos produtos industrializados (chocolates, biscoitos recheados, salgadinhos, sorvetes, refrigerados diversos) estão sujeitos a ICMS-ST, que dispensa cBenef na revenda (CST 60/61)."
19059090,LASCAS DE POLVILHO C PARMESAO CHEF DI SERIO 80G,1,Sem benefício identificado (tributação normal / possível ICMS-ST),-,,00/60/61,,"Não foi identificado dispositivo de isenção, redução, diferimento ou suspensão do RICMS-SP para este item. Muitos produtos industrializados (chocolates, biscoitos recheados, salgadinhos, sorvetes, refrigerados diversos) estão sujeitos a ICMS-ST, que dispensa cBenef na revenda (CST 60/61)."
19059090,LASCAS DE POLVILHO PAPRICA PICANTE CHEF DI SERIO 80G,1,Sem benefício identificado (tributação normal / possível ICMS-ST),-,,00/60/61,,"Não foi identificado dispositivo de isenção, redução, diferimento ou suspensão do RICMS-SP para este item. Muitos produtos industrializados (chocolates, biscoitos recheados, salgadinhos, sorvetes, refrigerados diversos) estão sujeitos a ICMS-ST, que dispensa cBenef na revenda (CST 60/61)."
19059090,LASCAS DE POLVILHO PIMENT LIMAO CHEF DI SERIO 80G,1,Sem benefício identificado (tributação normal / possível ICMS-ST),-,,00/60/61,,"Não foi identificado dispositivo de isenção, redução, diferimento ou suspensão do RICMS-SP para este item. Muitos produtos industrializados (chocolates, biscoitos recheados, salgadinhos, sorvetes, refrigerados diversos) estão sujeitos a ICMS-ST, que dispensa cBenef na revenda (CST 60/61)."
19059090,LASCAS DE POLVILHO TRADICIONAL CHEF DI SERIO 80G,1,Sem benefício identificado (tributação normal / possível ICMS-ST),-,,00/60/61,,"Não foi identificado dispositivo de isenção, redução, diferimento ou suspensão do RICMS-SP para este item. Muitos produtos industrializados (chocolates, biscoitos recheados, salgadinhos, sorvetes, refrigerados diversos) estão sujeitos a ICMS-ST, que dispensa cBenef na revenda (CST 60/61)."
19059090,PACOTAO PRES E QJO,1,Sem benefício identificado (tributação normal / possível ICMS-ST),-,,00/60/61,,"Não foi identificado dispositivo de isenção, redução, diferimento ou suspensão do RICMS-SP para este item. Muitos produtos industrializados (chocolates, biscoitos recheados, salgadinhos, sorvetes, refrigerados diversos) estão sujeitos a ICMS-ST, que dispensa cBenef na revenda (CST 60/61)."
19059090,PAO DE ALHO ZINHO BAGUETE TRADICIONAL 300G,1,Sem benefício identificado (tributação normal / possível ICMS-ST),-,,00/60/61,,"Não foi identificado dispositivo de isenção, redução, diferimento ou suspensão do RICMS-SP para este item. Muitos produtos industrializados (chocolates, biscoitos recheados, salgadinhos, sorvetes, refrigerados diversos) estão sujeitos a ICMS-ST, que dispensa cBenef na revenda (CST 60/61)."
19059090,PAO DE HAMBURGUER PULLMAN BRIOCHE 520G,1,Sem benefício identificado (tributação normal / possível ICMS-ST),-,,00/60/61,,"Não foi identificado dispositivo de isenção, redução, diferimento ou suspensão do RICMS-SP para este item. Muitos produtos industrializados (chocolates, biscoitos recheados, salgadinhos, sorvetes, refrigerados diversos) estão sujeitos a ICMS-ST, que dispensa cBenef na revenda (CST 60/61)."
19059090,PAO DE HAMBURGUER PULLMAN GERGELIM 420G.,1,Sem benefício identificado (tributação normal / possível ICMS-ST),-,,00/60/61,,"Não foi identificado dispositivo de isenção, redução, diferimento ou suspensão do RICMS-SP para este item. Muitos produtos industrializados (chocolates, biscoitos recheados, salgadinhos, sorvetes, refrigerados diversos) estão sujeitos a ICMS-ST, que dispensa cBenef na revenda (CST 60/61)."
19059090,PAO DE LEITE KG,1,Sem benefício identificado (tributação normal / possível ICMS-ST),-,,00/60/61,,"Não foi identificado dispositivo de isenção, redução, diferimento ou suspensão do RICMS-SP para este item. Muitos produtos industrializados (chocolates, biscoitos recheados, salgadinhos, sorvetes, refrigerados diversos) estão sujeitos a ICMS-ST, que dispensa cBenef na revenda (CST 60/61)."
19059090,PAO DE MEL BELIVE S/ ACUCAR 45G,1,Sem benefício identificado (tributação normal / possível ICMS-ST),-,,00/60/61,,"Não foi identificado dispositivo de isenção, redução, diferimento ou suspensão do RICMS-SP para este item. Muitos produtos industrializados (chocolates, biscoitos recheados, salgadinhos, sorvetes, refrigerados diversos) estão sujeitos a ICMS-ST, que dispensa cBenef na revenda (CST 60/61)."
19059090,PAO DE MEL SIAREG COBERTO CHOC 44G,1,Sem benefício identificado (tributação normal / possível ICMS-ST),-,,00/60/61,,"Não foi identificado dispositivo de isenção, redução, diferimento ou suspensão do RICMS-SP para este item. Muitos produtos industrializados (chocolates, biscoitos recheados, salgadinhos, sorvetes, refrigerados diversos) estão sujeitos a ICMS-ST, que dispensa cBenef na revenda (CST 60/61)."
19059090,PAO DE QUEIJO RECHEADO KG,2,Sem benefício identificado (tributação normal / possível ICMS-ST),-,,00/60/61,,"Não foi identificado dispositivo de isenção, redução, diferimento ou suspensão do RICMS-SP para este item. Muitos produtos industrializados (chocolates, biscoitos recheados, salgadinhos, sorvetes, refrigerados diversos) estão sujeitos a ICMS-ST, que dispensa cBenef na revenda (CST 60/61)."
19059090,PAO NA CHAPA COM MANTEIGA AVIACAO,1,Sem benefício identificado (tributação normal / possível ICMS-ST),-,,00/60/61,,"Não foi identificado dispositivo de isenção, redução, diferimento ou suspensão do RICMS-SP para este item. Muitos produtos industrializados (chocolates, biscoitos recheados, salgadinhos, sorvetes, refrigerados diversos) estão sujeitos a ICMS-ST, que dispensa cBenef na revenda (CST 60/61)."
19059090,PIZZA DE CALABRESA PRONTO 280G,1,Sem benefício identificado (tributação normal / possível ICMS-ST),-,,00/60/61,,"Não foi identificado dispositivo de isenção, redução, diferimento ou suspensão do RICMS-SP para este item. Muitos produtos industrializados (chocolates, biscoitos recheados, salgadinhos, sorvetes, refrigerados diversos) estão sujeitos a ICMS-ST, que dispensa cBenef na revenda (CST 60/61)."
19059090,PIZZA DE FRANGO C REQUEIJAO CREM PRONTO 280G,1,Sem benefício identificado (tributação normal / possível ICMS-ST),-,,00/60/61,,"Não foi identificado dispositivo de isenção, redução, diferimento ou suspensão do RICMS-SP para este item. Muitos produtos industrializados (chocolates, biscoitos recheados, salgadinhos, sorvetes, refrigerados diversos) estão sujeitos a ICMS-ST, que dispensa cBenef na revenda (CST 60/61)."
19059090,PIZZA SADIA DE LOMBO DEF REQ E MUSSAR 460G,1,Sem benefício identificado (tributação normal / possível ICMS-ST),-,,00/60/61,,"Não foi identificado dispositivo de isenção, redução, diferimento ou suspensão do RICMS-SP para este item. Muitos produtos industrializados (chocolates, biscoitos recheados, salgadinhos, sorvetes, refrigerados diversos) estão sujeitos a ICMS-ST, que dispensa cBenef na revenda (CST 60/61)."
19059090,RAP 10 INTEGRAL 297G,1,Sem benefício identificado (tributação normal / possível ICMS-ST),-,,00/60/61,,"Não foi identificado dispositivo de isenção, redução, diferimento ou suspensão do RICMS-SP para este item. Muitos produtos industrializados (chocolates, biscoitos recheados, salgadinhos, sorvetes, refrigerados diversos) estão sujeitos a ICMS-ST, que dispensa cBenef na revenda (CST 60/61)."
19059090,SALGADINHO PROTEICO BARBECUE FIT 40G,2,Sem benefício identificado (tributação normal / possível ICMS-ST),-,,00/60/61,,"Não foi identificado dispositivo de isenção, redução, diferimento ou suspensão do RICMS-SP para este item. Muitos produtos industrializados (chocolates, biscoitos recheados, salgadinhos, sorvetes, refrigerados diversos) estão sujeitos a ICMS-ST, que dispensa cBenef na revenda (CST 60/61)."
19059090,SALGADINHO PROTEICO LEMON PEPPERZIG FIT 40G,2,Sem benefício identificado (tributação normal / possível ICMS-ST),-,,00/60/61,,"Não foi identificado dispositivo de isenção, redução, diferimento ou suspensão do RICMS-SP para este item. Muitos produtos industrializados (chocolates, biscoitos recheados, salgadinhos, sorvetes, refrigerados diversos) estão sujeitos a ICMS-ST, que dispensa cBenef na revenda (CST 60/61)."
19059090,SALGADO COXINHA FRANGO SEM REQUEIJAO AMPM,1,Sem benefício identificado (tributação normal / possível ICMS-ST),-,,00/60/61,,"Não foi identificado dispositivo de isenção, redução, diferimento ou suspensão do RICMS-SP para este item. Muitos produtos industrializados (chocolates, biscoitos recheados, salgadinhos, sorvetes, refrigerados diversos) estão sujeitos a ICMS-ST, que dispensa cBenef na revenda (CST 60/61)."
19059090,SALGADO ENROLADINHOS PRES QUEIJO E SALSICHA,1,Sem benefício identificado (tributação normal / possível ICMS-ST),-,,00/60/61,,"Não foi identificado dispositivo de isenção, redução, diferimento ou suspensão do RICMS-SP para este item. Muitos produtos industrializados (chocolates, biscoitos recheados, salgadinhos, sorvetes, refrigerados diversos) estão sujeitos a ICMS-ST, que dispensa cBenef na revenda (CST 60/61)."
19059090,SALGADO ESFIHA DIVERSOS SABORES,1,Sem benefício identificado (tributação normal / possível ICMS-ST),-,,00/60/61,,"Não foi identificado dispositivo de isenção, redução, diferimento ou suspensão do RICMS-SP para este item. Muitos produtos industrializados (chocolates, biscoitos recheados, salgadinhos, sorvetes, refrigerados diversos) estão sujeitos a ICMS-ST, que dispensa cBenef na revenda (CST 60/61)."
19059090,SALGADO ESPETINHO FRANGO,1,Sem benefício identificado (tributação normal / possível ICMS-ST),-,,00/60/61,,"Não foi identificado dispositivo de isenção, redução, diferimento ou suspensão do RICMS-SP para este item. Muitos produtos industrializados (chocolates, biscoitos recheados, salgadinhos, sorvetes, refrigerados diversos) estão sujeitos a ICMS-ST, que dispensa cBenef na revenda (CST 60/61)."
19059090,SALGADO KIBE DE CARNE E DE REQUEIJAO,1,Sem benefício identificado (tributação normal / possível ICMS-ST),-,,00/60/61,,"Não foi identificado dispositivo de isenção, redução, diferimento ou suspensão do RICMS-SP para este item. Muitos produtos industrializados (chocolates, biscoitos recheados, salgadinhos, sorvetes, refrigerados diversos) estão sujeitos a ICMS-ST, que dispensa cBenef na revenda (CST 60/61)."
19059090,SALGADO PAO DE BATATA SABORES,1,Sem benefício identificado (tributação normal / possível ICMS-ST),-,,00/60/61,,"Não foi identificado dispositivo de isenção, redução, diferimento ou suspensão do RICMS-SP para este item. Muitos produtos industrializados (chocolates, biscoitos recheados, salgadinhos, sorvetes, refrigerados diversos) estão sujeitos a ICMS-ST, que dispensa cBenef na revenda (CST 60/61)."
19059090,SNACKS BACONZITOS 86G,1,Sem benefício identificado (tributação normal / possível ICMS-ST),-,,00/60/61,,"Não foi identificado dispositivo de isenção, redução, diferimento ou suspensão do RICMS-SP para este item. Muitos produtos industrializados (chocolates, biscoitos recheados, salgadinhos, sorvetes, refrigerados diversos) estão sujeitos a ICMS-ST, que dispensa cBenef na revenda (CST 60/61)."
19059090,SNACKS DORITOS DINAM FLAMIN HOT 60G,1,Sem benefício identificado (tributação normal / possível ICMS-ST),-,,00/60/61,,"Não foi identificado dispositivo de isenção, redução, diferimento ou suspensão do RICMS-SP para este item. Muitos produtos industrializados (chocolates, biscoitos recheados, salgadinhos, sorvetes, refrigerados diversos) estão sujeitos a ICMS-ST, que dispensa cBenef na revenda (CST 60/61)."
19059090,SNACKS DORITOS DINAMITA PIMENTA MEXICANA110G,1,Sem benefício identificado (tributação normal / possível ICMS-ST),-,,00/60/61,,"Não foi identificado dispositivo de isenção, redução, diferimento ou suspensão do RICMS-SP para este item. Muitos produtos industrializados (chocolates, biscoitos recheados, salgadinhos, sorvetes, refrigerados diversos) estão sujeitos a ICMS-ST, que dispensa cBenef na revenda (CST 60/61)."
19059090,SNACKS DORITOS QUEIJO NACHO 120G,1,Sem benefício identificado (tributação normal / possível ICMS-ST),-,,00/60/61,,"Não foi identificado dispositivo de isenção, redução, diferimento ou suspensão do RICMS-SP para este item. Muitos produtos industrializados (chocolates, biscoitos recheados, salgadinhos, sorvetes, refrigerados diversos) estão sujeitos a ICMS-ST, que dispensa cBenef na revenda (CST 60/61)."
19059090,SNACKS DORITOS QUEIJO NACHO 210GR,1,Sem benefício identificado (tributação normal / possível ICMS-ST),-,,00/60/61,,"Não foi identificado dispositivo de isenção, redução, diferimento ou suspensão do RICMS-SP para este item. Muitos produtos industrializados (chocolates, biscoitos recheados, salgadinhos, sorvetes, refrigerados diversos) estão sujeitos a ICMS-ST, que dispensa cBenef na revenda (CST 60/61)."
19059090,SNACKS ELMA CHIPS PINGO DOURO BACON 76G,1,Sem benefício identificado (tributação normal / possível ICMS-ST),-,,00/60/61,,"Não foi identificado dispositivo de isenção, redução, diferimento ou suspensão do RICMS-SP para este item. Muitos produtos industrializados (chocolates, biscoitos recheados, salgadinhos, sorvetes, refrigerados diversos) estão sujeitos a ICMS-ST, que dispensa cBenef na revenda (CST 60/61)."
19059090,SNACKS ELMA CHIPS STIKSY 76G,1,Sem benefício identificado (tributação normal / possível ICMS-ST),-,,00/60/61,,"Não foi identificado dispositivo de isenção, redução, diferimento ou suspensão do RICMS-SP para este item. Muitos produtos industrializados (chocolates, biscoitos recheados, salgadinhos, sorvetes, refrigerados diversos) estão sujeitos a ICMS-ST, que dispensa cBenef na revenda (CST 60/61)."
19059090,SNACKS TAKIS FUEGO 56G,1,Sem benefício identificado (tributação normal / possível ICMS-ST),-,,00/60/61,,"Não foi identificado dispositivo de isenção, redução, diferimento ou suspensão do RICMS-SP para este item. Muitos produtos industrializados (chocolates, biscoitos recheados, salgadinhos, sorvetes, refrigerados diversos) estão sujeitos a ICMS-ST, que dispensa cBenef na revenda (CST 60/61)."
19059090,SNACKS TAKIS INTENSE NACHO 56G,1,Sem benefício identificado (tributação normal / possível ICMS-ST),-,,00/60/61,,"Não foi identificado dispositivo de isenção, redução, diferimento ou suspensão do RICMS-SP para este item. Muitos produtos industrializados (chocolates, biscoitos recheados, salgadinhos, sorvetes, refrigerados diversos) estão sujeitos a ICMS-ST, que dispensa cBenef na revenda (CST 60/61)."
19059090,SNACKS TAKIS XPLOSION 56G,1,Sem benefício identificado (tributação normal / possível ICMS-ST),-,,00/60/61,,"Não foi identificado dispositivo de isenção, redução, diferimento ou suspensão do RICMS-SP para este item. Muitos produtos industrializados (chocolates, biscoitos recheados, salgadinhos, sorvetes, refrigerados diversos) estão sujeitos a ICMS-ST, que dispensa cBenef na revenda (CST 60/61)."
19059090,SNACKS TORCIDA BACON 60G,1,Sem benefício identificado (tributação normal / possível ICMS-ST),-,,00/60/61,,"Não foi identificado dispositivo de isenção, redução, diferimento ou suspensão do RICMS-SP para este item. Muitos produtos industrializados (chocolates, biscoitos recheados, salgadinhos, sorvetes, refrigerados diversos) estão sujeitos a ICMS-ST, que dispensa cBenef na revenda (CST 60/61)."
19059090,SNACKS TORCIDA CHURRASCO 60G,1,Sem benefício identificado (tributação normal / possível ICMS-ST),-,,00/60/61,,"Não foi identificado dispositivo de isenção, redução, diferimento ou suspensão do RICMS-SP para este item. Muitos produtos industrializados (chocolates, biscoitos recheados, salgadinhos, sorvetes, refrigerados diversos) estão sujeitos a ICMS-ST, que dispensa cBenef na revenda (CST 60/61)."
19059090,SNACKS TORCIDA COSTELINHA LIMAO 60G,1,Sem benefício identificado (tributação normal / possível ICMS-ST),-,,00/60/61,,"Não foi identificado dispositivo de isenção, redução, diferimento ou suspensão do RICMS-SP para este item. Muitos produtos industrializados (chocolates, biscoitos recheados, salgadinhos, sorvetes, refrigerados diversos) estão sujeitos a ICMS-ST, que dispensa cBenef na revenda (CST 60/61)."
20029000,EXTRATO DE TOMATE ELEFANTE POTE 300G,1,Sem benefício identificado (tributação normal / possível ICMS-ST),-,,00/60/61,,"Não foi identificado dispositivo de isenção, redução, diferimento ou suspensão do RICMS-SP para este item. Muitos produtos industrializados (chocolates, biscoitos recheados, salgadinhos, sorvetes, refrigerados diversos) estão sujeitos a ICMS-ST, que dispensa cBenef na revenda (CST 60/61)."
20029000,MOLHO DE TOMATE PAGANINI POMODORI 240G,1,Sem benefício identificado (tributação normal / possível ICMS-ST),-,,00/60/61,,"Não foi identificado dispositivo de isenção, redução, diferimento ou suspensão do RICMS-SP para este item. Muitos produtos industrializados (chocolates, biscoitos recheados, salgadinhos, sorvetes, refrigerados diversos) estão sujeitos a ICMS-ST, que dispensa cBenef na revenda (CST 60/61)."
20041000,MAT PRIMA BATATA LISA 7MM AMPM KG,2,Sem benefício identificado (tributação normal / possível ICMS-ST),-,,00/60/61,,"Não foi identificado dispositivo de isenção, redução, diferimento ou suspensão do RICMS-SP para este item. Muitos produtos industrializados (chocolates, biscoitos recheados, salgadinhos, sorvetes, refrigerados diversos) estão sujeitos a ICMS-ST, que dispensa cBenef na revenda (CST 60/61)."
20052000,BATATA LAYS CLASSICAS 62G,1,Sem benefício identificado (tributação normal / possível ICMS-ST),-,,00/60/61,,"Não foi identificado dispositivo de isenção, redução, diferimento ou suspensão do RICMS-SP para este item. Muitos produtos industrializados (chocolates, biscoitos recheados, salgadinhos, sorvetes, refrigerados diversos) estão sujeitos a ICMS-ST, que dispensa cBenef na revenda (CST 60/61)."
20052000,BATATA PALHA NA MESA EXTRA FINA 90G,1,Sem benefício identificado (tributação normal / possível ICMS-ST),-,,00/60/61,,"Não foi identificado dispositivo de isenção, redução, diferimento ou suspensão do RICMS-SP para este item. Muitos produtos industrializados (chocolates, biscoitos recheados, salgadinhos, sorvetes, refrigerados diversos) estão sujeitos a ICMS-ST, que dispensa cBenef na revenda (CST 60/61)."
20052000,BATATA PALHA NA MESA TRADICIONAL 100G,1,Sem benefício identificado (tributação normal / possível ICMS-ST),-,,00/60/61,,"Não foi identificado dispositivo de isenção, redução, diferimento ou suspensão do RICMS-SP para este item. Muitos produtos industrializados (chocolates, biscoitos recheados, salgadinhos, sorvetes, refrigerados diversos) estão sujeitos a ICMS-ST, que dispensa cBenef na revenda (CST 60/61)."
20052000,BATATA RUFFLES ORIGINAL 115G,1,Sem benefício identificado (tributação normal / possível ICMS-ST),-,,00/60/61,,"Não foi identificado dispositivo de isenção, redução, diferimento ou suspensão do RICMS-SP para este item. Muitos produtos industrializados (chocolates, biscoitos recheados, salgadinhos, sorvetes, refrigerados diversos) estão sujeitos a ICMS-ST, que dispensa cBenef na revenda (CST 60/61)."
20052000,BATATA RUFFLES ORIGINAL 68G,1,Sem benefício identificado (tributação normal / possível ICMS-ST),-,,00/60/61,,"Não foi identificado dispositivo de isenção, redução, diferimento ou suspensão do RICMS-SP para este item. Muitos produtos industrializados (chocolates, biscoitos recheados, salgadinhos, sorvetes, refrigerados diversos) estão sujeitos a ICMS-ST, que dispensa cBenef na revenda (CST 60/61)."
20052000,SNACKS BATATA RUFFLES CEBOLA SALSA 68G,1,Sem benefício identificado (tributação normal / possível ICMS-ST),-,,00/60/61,,"Não foi identificado dispositivo de isenção, redução, diferimento ou suspensão do RICMS-SP para este item. Muitos produtos industrializados (chocolates, biscoitos recheados, salgadinhos, sorvetes, refrigerados diversos) estão sujeitos a ICMS-ST, que dispensa cBenef na revenda (CST 60/61)."
20052000,SNACKS CHEETOS LUA 80G,1,Sem benefício identificado (tributação normal / possível ICMS-ST),-,,00/60/61,,"Não foi identificado dispositivo de isenção, redução, diferimento ou suspensão do RICMS-SP para este item. Muitos produtos industrializados (chocolates, biscoitos recheados, salgadinhos, sorvetes, refrigerados diversos) estão sujeitos a ICMS-ST, que dispensa cBenef na revenda (CST 60/61)."
20052000,SNACKS LAYS COPA PICANHA 62G,1,Sem benefício identificado (tributação normal / possível ICMS-ST),-,,00/60/61,,"Não foi identificado dispositivo de isenção, redução, diferimento ou suspensão do RICMS-SP para este item. Muitos produtos industrializados (chocolates, biscoitos recheados, salgadinhos, sorvetes, refrigerados diversos) estão sujeitos a ICMS-ST, que dispensa cBenef na revenda (CST 60/61)."
20052000,SNACKS LAYS SOUR CREAM 62G,1,Sem benefício identificado (tributação normal / possível ICMS-ST),-,,00/60/61,,"Não foi identificado dispositivo de isenção, redução, diferimento ou suspensão do RICMS-SP para este item. Muitos produtos industrializados (chocolates, biscoitos recheados, salgadinhos, sorvetes, refrigerados diversos) estão sujeitos a ICMS-ST, que dispensa cBenef na revenda (CST 60/61)."
20079910,GELEIA DE MOCOTO CASEIRA TEREZOPOLIS NATURAL 60G,1,Sem benefício identificado (tributação normal / possível ICMS-ST),-,,00/60/61,,"Não foi identificado dispositivo de isenção, redução, diferimento ou suspensão do RICMS-SP para este item. Muitos produtos industrializados (chocolates, biscoitos recheados, salgadinhos, sorvetes, refrigerados diversos) estão sujeitos a ICMS-ST, que dispensa cBenef na revenda (CST 60/61)."
20079990,BANANINHA SANTA BRANCA NO PAPEL 35GR,1,Sem benefício identificado (tributação normal / possível ICMS-ST),-,,00/60/61,,"Não foi identificado dispositivo de isenção, redução, diferimento ou suspensão do RICMS-SP para este item. Muitos produtos industrializados (chocolates, biscoitos recheados, salgadinhos, sorvetes, refrigerados diversos) estão sujeitos a ICMS-ST, que dispensa cBenef na revenda (CST 60/61)."
20079990,BANANINHA SANTA BRANCA ZERO ACUCAR 35G,1,Sem benefício identificado (tributação normal / possível ICMS-ST),-,,00/60/61,,"Não foi identificado dispositivo de isenção, redução, diferimento ou suspensão do RICMS-SP para este item. Muitos produtos industrializados (chocolates, biscoitos recheados, salgadinhos, sorvetes, refrigerados diversos) estão sujeitos a ICMS-ST, que dispensa cBenef na revenda (CST 60/61)."
20079990,COCADA EM PEDACOS COCO 40G,1,Sem benefício identificado (tributação normal / possível ICMS-ST),-,,00/60/61,,"Não foi identificado dispositivo de isenção, redução, diferimento ou suspensão do RICMS-SP para este item. Muitos produtos industrializados (chocolates, biscoitos recheados, salgadinhos, sorvetes, refrigerados diversos) estão sujeitos a ICMS-ST, que dispensa cBenef na revenda (CST 60/61)."
20079990,COCADA EM PEDACOS QUEIMADA SABORES DO COCO,1,Sem benefício identificado (tributação normal / possível ICMS-ST),-,,00/60/61,,"Não foi identificado dispositivo de isenção, redução, diferimento ou suspensão do RICMS-SP para este item. Muitos produtos industrializados (chocolates, biscoitos recheados, salgadinhos, sorvetes, refrigerados diversos) estão sujeitos a ICMS-ST, que dispensa cBenef na revenda (CST 60/61)."
20079990,DOCE DE ABOBORA IVOTI 55G,1,Sem benefício identificado (tributação normal / possível ICMS-ST),-,,00/60/61,,"Não foi identificado dispositivo de isenção, redução, diferimento ou suspensão do RICMS-SP para este item. Muitos produtos industrializados (chocolates, biscoitos recheados, salgadinhos, sorvetes, refrigerados diversos) estão sujeitos a ICMS-ST, que dispensa cBenef na revenda (CST 60/61)."
20079990,DOCE QUEBRA-QUEIXO 51G,1,Sem benefício identificado (tributação normal / possível ICMS-ST),-,,00/60/61,,"Não foi identificado dispositivo de isenção, redução, diferimento ou suspensão do RICMS-SP para este item. Muitos produtos industrializados (chocolates, biscoitos recheados, salgadinhos, sorvetes, refrigerados diversos) estão sujeitos a ICMS-ST, que dispensa cBenef na revenda (CST 60/61)."
20079990,DOCES DIVERSOS MACARONS TIEMI SABORES 22G,1,Sem benefício identificado (tributação normal / possível ICMS-ST),-,,00/60/61,,"Não foi identificado dispositivo de isenção, redução, diferimento ou suspensão do RICMS-SP para este item. Muitos produtos industrializados (chocolates, biscoitos recheados, salgadinhos, sorvetes, refrigerados diversos) estão sujeitos a ICMS-ST, que dispensa cBenef na revenda (CST 60/61)."
20081100,AMENDOIM CROKISSIMO AMENDOIM PIMENTA 400G,1,Sem benefício identificado (tributação normal / possível ICMS-ST),-,,00/60/61,,"Não foi identificado dispositivo de isenção, redução, diferimento ou suspensão do RICMS-SP para este item. Muitos produtos industrializados (chocolates, biscoitos recheados, salgadinhos, sorvetes, refrigerados diversos) estão sujeitos a ICMS-ST, que dispensa cBenef na revenda (CST 60/61)."
20081100,AMENDOIM CROKISSIMO LEV SALGADO 400G,1,Sem benefício identificado (tributação normal / possível ICMS-ST),-,,00/60/61,,"Não foi identificado dispositivo de isenção, redução, diferimento ou suspensão do RICMS-SP para este item. Muitos produtos industrializados (chocolates, biscoitos recheados, salgadinhos, sorvetes, refrigerados diversos) estão sujeitos a ICMS-ST, que dispensa cBenef na revenda (CST 60/61)."
20081100,AMENDOIM CROKISSIMO SALSA E CEBOLA 400G,1,Sem benefício identificado (tributação normal / possível ICMS-ST),-,,00/60/61,,"Não foi identificado dispositivo de isenção, redução, diferimento ou suspensão do RICMS-SP para este item. Muitos produtos industrializados (chocolates, biscoitos recheados, salgadinhos, sorvetes, refrigerados diversos) estão sujeitos a ICMS-ST, que dispensa cBenef na revenda (CST 60/61)."
20081100,AMENDOIM ELMA CHIPS OVINHOS 145G,1,Sem benefício identificado (tributação normal / possível ICMS-ST),-,,00/60/61,,"Não foi identificado dispositivo de isenção, redução, diferimento ou suspensão do RICMS-SP para este item. Muitos produtos industrializados (chocolates, biscoitos recheados, salgadinhos, sorvetes, refrigerados diversos) estão sujeitos a ICMS-ST, que dispensa cBenef na revenda (CST 60/61)."
20081100,AMENDOIM ELMA CHIPS OVINHOS 65G,1,Sem benefício identificado (tributação normal / possível ICMS-ST),-,,00/60/61,,"Não foi identificado dispositivo de isenção, redução, diferimento ou suspensão do RICMS-SP para este item. Muitos produtos industrializados (chocolates, biscoitos recheados, salgadinhos, sorvetes, refrigerados diversos) estão sujeitos a ICMS-ST, que dispensa cBenef na revenda (CST 60/61)."
20081100,AMENDOIM ELMA CHIPS SEM PELE 100G,1,Sem benefício identificado (tributação normal / possível ICMS-ST),-,,00/60/61,,"Não foi identificado dispositivo de isenção, redução, diferimento ou suspensão do RICMS-SP para este item. Muitos produtos industrializados (chocolates, biscoitos recheados, salgadinhos, sorvetes, refrigerados diversos) estão sujeitos a ICMS-ST, que dispensa cBenef na revenda (CST 60/61)."
20081100,AMENDOIM JAPONES ELMA CHIPS 145G,1,Sem benefício identificado (tributação normal / possível ICMS-ST),-,,00/60/61,,"Não foi identificado dispositivo de isenção, redução, diferimento ou suspensão do RICMS-SP para este item. Muitos produtos industrializados (chocolates, biscoitos recheados, salgadinhos, sorvetes, refrigerados diversos) estão sujeitos a ICMS-ST, que dispensa cBenef na revenda (CST 60/61)."
20081100,MIX AMEND CROCK GOLD - 500G,1,Sem benefício identificado (tributação normal / possível ICMS-ST),-,,00/60/61,,"Não foi identificado dispositivo de isenção, redução, diferimento ou suspensão do RICMS-SP para este item. Muitos produtos industrializados (chocolates, biscoitos recheados, salgadinhos, sorvetes, refrigerados diversos) estão sujeitos a ICMS-ST, que dispensa cBenef na revenda (CST 60/61)."
20081100,PACOCA AIRON AMENDOIM SEM ACUCAR PO 160G,1,Sem benefício identificado (tributação normal / possível ICMS-ST),-,,00/60/61,,"Não foi identificado dispositivo de isenção, redução, diferimento ou suspensão do RICMS-SP para este item. Muitos produtos industrializados (chocolates, biscoitos recheados, salgadinhos, sorvetes, refrigerados diversos) estão sujeitos a ICMS-ST, que dispensa cBenef na revenda (CST 60/61)."
20081100,PE DE MOLEQUE AIRON 20G,1,Sem benefício identificado (tributação normal / possível ICMS-ST),-,,00/60/61,,"Não foi identificado dispositivo de isenção, redução, diferimento ou suspensão do RICMS-SP para este item. Muitos produtos industrializados (chocolates, biscoitos recheados, salgadinhos, sorvetes, refrigerados diversos) estão sujeitos a ICMS-ST, que dispensa cBenef na revenda (CST 60/61)."
20081900,BARRA DE CEREAL EJOY COCO E AMEND 30G,1,Sem benefício identificado (tributação normal / possível ICMS-ST),-,,00/60/61,,"Não foi identificado dispositivo de isenção, redução, diferimento ou suspensão do RICMS-SP para este item. Muitos produtos industrializados (chocolates, biscoitos recheados, salgadinhos, sorvetes, refrigerados diversos) estão sujeitos a ICMS-ST, que dispensa cBenef na revenda (CST 60/61)."
20081900,BARRA DE CEREAL EJOY NOZES E CANEL 30G,1,Sem benefício identificado (tributação normal / possível ICMS-ST),-,,00/60/61,,"Não foi identificado dispositivo de isenção, redução, diferimento ou suspensão do RICMS-SP para este item. Muitos produtos industrializados (chocolates, biscoitos recheados, salgadinhos, sorvetes, refrigerados diversos) estão sujeitos a ICMS-ST, que dispensa cBenef na revenda (CST 60/61)."
20081900,CASTANHA DE CAJU IRACEMA SACHE 50G,1,Sem benefício identificado (tributação normal / possível ICMS-ST),-,,00/60/61,,"Não foi identificado dispositivo de isenção, redução, diferimento ou suspensão do RICMS-SP para este item. Muitos produtos industrializados (chocolates, biscoitos recheados, salgadinhos, sorvetes, refrigerados diversos) estão sujeitos a ICMS-ST, que dispensa cBenef na revenda (CST 60/61)."
20081900,CASTANHA DE CAJU VALEN CARAMELIZADA 100G,1,Sem benefício identificado (tributação normal / possível ICMS-ST),-,,00/60/61,,"Não foi identificado dispositivo de isenção, redução, diferimento ou suspensão do RICMS-SP para este item. Muitos produtos industrializados (chocolates, biscoitos recheados, salgadinhos, sorvetes, refrigerados diversos) estão sujeitos a ICMS-ST, que dispensa cBenef na revenda (CST 60/61)."
20081900,MIX CASTANHA  VALEN 100G,1,Sem benefício identificado (tributação normal / possível ICMS-ST),-,,00/60/61,,"Não foi identificado dispositivo de isenção, redução, diferimento ou suspensão do RICMS-SP para este item. Muitos produtos industrializados (chocolates, biscoitos recheados, salgadinhos, sorvetes, refrigerados diversos) estão sujeitos a ICMS-ST, que dispensa cBenef na revenda (CST 60/61)."
20081900,PIPOCA DE MICROONDAS YOKI TOQUE CHEF 100G,1,Sem benefício identificado (tributação normal / possível ICMS-ST),-,,00/60/61,,"Não foi identificado dispositivo de isenção, redução, diferimento ou suspensão do RICMS-SP para este item. Muitos produtos industrializados (chocolates, biscoitos recheados, salgadinhos, sorvetes, refrigerados diversos) estão sujeitos a ICMS-ST, que dispensa cBenef na revenda (CST 60/61)."
20091200,SUCO LIFE DE LARANJA 300ML,1,Sem benefício identificado (tributação normal / possível ICMS-ST),-,,00/60/61,,"Não foi identificado dispositivo de isenção, redução, diferimento ou suspensão do RICMS-SP para este item. Muitos produtos industrializados (chocolates, biscoitos recheados, salgadinhos, sorvetes, refrigerados diversos) estão sujeitos a ICMS-ST, que dispensa cBenef na revenda (CST 60/61)."
20091200,SUCO LIFE DE LARANJA 900ML,1,Sem benefício identificado (tributação normal / possível ICMS-ST),-,,00/60/61,,"Não foi identificado dispositivo de isenção, redução, diferimento ou suspensão do RICMS-SP para este item. Muitos produtos industrializados (chocolates, biscoitos recheados, salgadinhos, sorvetes, refrigerados diversos) estão sujeitos a ICMS-ST, que dispensa cBenef na revenda (CST 60/61)."
20091200,SUCO NATURELL CITRUS LARANJA 300ML,1,Sem benefício identificado (tributação normal / possível ICMS-ST),-,,00/60/61,,"Não foi identificado dispositivo de isenção, redução, diferimento ou suspensão do RICMS-SP para este item. Muitos produtos industrializados (chocolates, biscoitos recheados, salgadinhos, sorvetes, refrigerados diversos) estão sujeitos a ICMS-ST, que dispensa cBenef na revenda (CST 60/61)."
20091200,SUCO NATURELL CITRUS LARANJA 900ML,1,Sem benefício identificado (tributação normal / possível ICMS-ST),-,,00/60/61,,"Não foi identificado dispositivo de isenção, redução, diferimento ou suspensão do RICMS-SP para este item. Muitos produtos industrializados (chocolates, biscoitos recheados, salgadinhos, sorvetes, refrigerados diversos) estão sujeitos a ICMS-ST, que dispensa cBenef na revenda (CST 60/61)."
20091200,SUCO SPRES CAJU 300ML,1,Sem benefício identificado (tributação normal / possível ICMS-ST),-,,00/60/61,,"Não foi identificado dispositivo de isenção, redução, diferimento ou suspensão do RICMS-SP para este item. Muitos produtos industrializados (chocolates, biscoitos recheados, salgadinhos, sorvetes, refrigerados diversos) estão sujeitos a ICMS-ST, que dispensa cBenef na revenda (CST 60/61)."
20091200,SUCO SPRES LARANJA  900ML,1,Sem benefício identificado (tributação normal / possível ICMS-ST),-,,00/60/61,,"Não foi identificado dispositivo de isenção, redução, diferimento ou suspensão do RICMS-SP para este item. Muitos produtos industrializados (chocolates, biscoitos recheados, salgadinhos, sorvetes, refrigerados diversos) estão sujeitos a ICMS-ST, que dispensa cBenef na revenda (CST 60/61)."
20091900,SUCO PRATS DE LARANJA INT 300ML,1,Sem benefício identificado (tributação normal / possível ICMS-ST),-,,00/60/61,,"Não foi identificado dispositivo de isenção, redução, diferimento ou suspensão do RICMS-SP para este item. Muitos produtos industrializados (chocolates, biscoitos recheados, salgadinhos, sorvetes, refrigerados diversos) estão sujeitos a ICMS-ST, que dispensa cBenef na revenda (CST 60/61)."
20091900,SUCO PRATS LARANJA INT 900ML,1,Sem benefício identificado (tributação normal / possível ICMS-ST),-,,00/60/61,,"Não foi identificado dispositivo de isenção, redução, diferimento ou suspensão do RICMS-SP para este item. Muitos produtos industrializados (chocolates, biscoitos recheados, salgadinhos, sorvetes, refrigerados diversos) estão sujeitos a ICMS-ST, que dispensa cBenef na revenda (CST 60/61)."
20096100,SUCO AURORA UVA 1.5L,1,Sem benefício identificado (tributação normal / possível ICMS-ST),-,,00/60/61,,"Não foi identificado dispositivo de isenção, redução, diferimento ou suspensão do RICMS-SP para este item. Muitos produtos industrializados (chocolates, biscoitos recheados, salgadinhos, sorvetes, refrigerados diversos) estão sujeitos a ICMS-ST, que dispensa cBenef na revenda (CST 60/61)."
20096100,SUCO AURORA UVA 750ML,1,Sem benefício identificado (tributação normal / possível ICMS-ST),-,,00/60/61,,"Não foi identificado dispositivo de isenção, redução, diferimento ou suspensão do RICMS-SP para este item. Muitos produtos industrializados (chocolates, biscoitos recheados, salgadinhos, sorvetes, refrigerados diversos) estão sujeitos a ICMS-ST, que dispensa cBenef na revenda (CST 60/61)."
20096100,SUCO CAMPO LARGO UVA 900ML,1,Sem benefício identificado (tributação normal / possível ICMS-ST),-,,00/60/61,,"Não foi identificado dispositivo de isenção, redução, diferimento ou suspensão do RICMS-SP para este item. Muitos produtos industrializados (chocolates, biscoitos recheados, salgadinhos, sorvetes, refrigerados diversos) estão sujeitos a ICMS-ST, que dispensa cBenef na revenda (CST 60/61)."
20098921,AGUA DE COCO CAMPO LARGO 900ML,1,Sem benefício identificado (tributação normal / possível ICMS-ST),-,,00/60/61,,"Não foi identificado dispositivo de isenção, redução, diferimento ou suspensão do RICMS-SP para este item. Muitos produtos industrializados (chocolates, biscoitos recheados, salgadinhos, sorvetes, refrigerados diversos) estão sujeitos a ICMS-ST, que dispensa cBenef na revenda (CST 60/61)."
20098921,AGUA DE COCO KERO COCO 1L,1,Sem benefício identificado (tributação normal / possível ICMS-ST),-,,00/60/61,,"Não foi identificado dispositivo de isenção, redução, diferimento ou suspensão do RICMS-SP para este item. Muitos produtos industrializados (chocolates, biscoitos recheados, salgadinhos, sorvetes, refrigerados diversos) estão sujeitos a ICMS-ST, que dispensa cBenef na revenda (CST 60/61)."
20098921,AGUA DE COCO KERO COCO 200ML,1,Sem benefício identificado (tributação normal / possível ICMS-ST),-,,00/60/61,,"Não foi identificado dispositivo de isenção, redução, diferimento ou suspensão do RICMS-SP para este item. Muitos produtos industrializados (chocolates, biscoitos recheados, salgadinhos, sorvetes, refrigerados diversos) estão sujeitos a ICMS-ST, que dispensa cBenef na revenda (CST 60/61)."
20098990,AGUA DE COCO KERO COCO 330ML,1,Sem benefício identificado (tributação normal / possível ICMS-ST),-,,00/60/61,,"Não foi identificado dispositivo de isenção, redução, diferimento ou suspensão do RICMS-SP para este item. Muitos produtos industrializados (chocolates, biscoitos recheados, salgadinhos, sorvetes, refrigerados diversos) estão sujeitos a ICMS-ST, que dispensa cBenef na revenda (CST 60/61)."
20099000,SUCO CAMPO LARGO UVA 250ML,1,Sem benefício identificado (tributação normal / possível ICMS-ST),-,,00/60/61,,"Não foi identificado dispositivo de isenção, redução, diferimento ou suspensão do RICMS-SP para este item. Muitos produtos industrializados (chocolates, biscoitos recheados, salgadinhos, sorvetes, refrigerados diversos) estão sujeitos a ICMS-ST, que dispensa cBenef na revenda (CST 60/61)."
20099000,SUCO NATIVO FRUTAS CITRICAS 450ML,1,Sem benefício identificado (tributação normal / possível ICMS-ST),-,,00/60/61,,"Não foi identificado dispositivo de isenção, redução, diferimento ou suspensão do RICMS-SP para este item. Muitos produtos industrializados (chocolates, biscoitos recheados, salgadinhos, sorvetes, refrigerados diversos) estão sujeitos a ICMS-ST, que dispensa cBenef na revenda (CST 60/61)."
20099000,SUCO NATIVO LARANJA E ACEROLA 450ML,1,Sem benefício identificado (tributação normal / possível ICMS-ST),-,,00/60/61,,"Não foi identificado dispositivo de isenção, redução, diferimento ou suspensão do RICMS-SP para este item. Muitos produtos industrializados (chocolates, biscoitos recheados, salgadinhos, sorvetes, refrigerados diversos) estão sujeitos a ICMS-ST, que dispensa cBenef na revenda (CST 60/61)."
21011110,CAFE SOLUVEL GRANULADO 3 CORACOES 40G,1,Sem benefício identificado,-,,00/60,,"Café solúvel, cappuccino e fermento não constam do rol da cesta básica; apenas café torrado em grão/moído (NCM 0901) tem redução."
21011110,NESCAFE VIDRO 100G TRADICAO,1,Sem benefício identificado,-,,00/60,,"Café solúvel, cappuccino e fermento não constam do rol da cesta básica; apenas café torrado em grão/moído (NCM 0901) tem redução."
21011200,CAFE CAPPUCCINO 3 CORACOES CLASSIC 20G,1,Sem benefício identificado,-,,00/60,,"Café solúvel, cappuccino e fermento não constam do rol da cesta básica; apenas café torrado em grão/moído (NCM 0901) tem redução."
21011200,CAPUCCINO EM PO TRES CORACOES CAPUCCINO DIET 150G,1,Sem benefício identificado,-,,00/60,,"Café solúvel, cappuccino e fermento não constam do rol da cesta básica; apenas café torrado em grão/moído (NCM 0901) tem redução."
21011200,MAT PRIMA CAPUCCINO PADARIA KG,1,Sem benefício identificado,-,,00/60,,"Café solúvel, cappuccino e fermento não constam do rol da cesta básica; apenas café torrado em grão/moído (NCM 0901) tem redução."
21011200,"MATERIA PRIMA CAPPUCINO NESCAFE EMB 1,3 KG",1,Sem benefício identificado,-,,00/60,,"Café solúvel, cappuccino e fermento não constam do rol da cesta básica; apenas café torrado em grão/moído (NCM 0901) tem redução."
21021090,FERMENTO BIOLOGICO GELADO KG,1,Sem benefício identificado (tributação normal / possível ICMS-ST),-,,00/60/61,"Art. 39, Anexo II (redução, carga 12%) — só para fabricante/atacadista, excluída venda a consumidor final","Não há isenção/redução aplicável à venda ao consumidor final. O art. 39, Anexo II reduz a carga para 12% nesses capítulos, mas só para saídas de FABRICANTE OU ATACADISTA, e expressamente NÃO se aplica quando o destinatário é consumidor final — o que é sempre o caso na sua loja."
21023000,FERMENTO ROYAL EM PO 100G,1,Sem benefício identificado (tributação normal / possível ICMS-ST),-,,00/60/61,"Art. 39, Anexo II (redução, carga 12%) — só para fabricante/atacadista, excluída venda a consumidor final","Não há isenção/redução aplicável à venda ao consumidor final. O art. 39, Anexo II reduz a carga para 12% nesses capítulos, mas só para saídas de FABRICANTE OU ATACADISTA, e expressamente NÃO se aplica quando o destinatário é consumidor final — o que é sempre o caso na sua loja."
21023000,MAT PRIMA FERMENTO EM PO KG,1,Sem benefício identificado (tributação normal / possível ICMS-ST),-,,00/60/61,"Art. 39, Anexo II (redução, carga 12%) — só para fabricante/atacadista, excluída venda a consumidor final","Não há isenção/redução aplicável à venda ao consumidor final. O art. 39, Anexo II reduz a carga para 12% nesses capítulos, mas só para saídas de FABRICANTE OU ATACADISTA, e expressamente NÃO se aplica quando o destinatário é consumidor final — o que é sempre o caso na sua loja."
21023000,MATERIA PRIMA FERMENTO EM PO QUIMICO DINIZ 1KG,1,Sem benefício identificado (tributação normal / possível ICMS-ST),-,,00/60/61,"Art. 39, Anexo II (redução, carga 12%) — só para fabricante/atacadista, excluída venda a consumidor final","Não há isenção/redução aplicável à venda ao consumidor final. O art. 39, Anexo II reduz a carga para 12% nesses capítulos, mas só para saídas de FABRICANTE OU ATACADISTA, e expressamente NÃO se aplica quando o destinatário é consumidor final — o que é sempre o caso na sua loja."
21031010,MOLHO SHOYU SATIS INTENSO 150ML,1,Sem benefício identificado (tributação normal / possível ICMS-ST),-,,00/60/61,"Art. 39, Anexo II (redução, carga 12%) — só para fabricante/atacadista, excluída venda a consumidor final","Não há isenção/redução aplicável à venda ao consumidor final. O art. 39, Anexo II reduz a carga para 12% nesses capítulos, mas só para saídas de FABRICANTE OU ATACADISTA, e expressamente NÃO se aplica quando o destinatário é consumidor final — o que é sempre o caso na sua loja."
21032010,CATCHUP HEINZ SACHE 7G,1,Sem benefício identificado (tributação normal / possível ICMS-ST),-,,00/60/61,"Art. 39, Anexo II (redução, carga 12%) — só para fabricante/atacadista, excluída venda a consumidor final","Não há isenção/redução aplicável à venda ao consumidor final. O art. 39, Anexo II reduz a carga para 12% nesses capítulos, mas só para saídas de FABRICANTE OU ATACADISTA, e expressamente NÃO se aplica quando o destinatário é consumidor final — o que é sempre o caso na sua loja."
21032010,KETCHUP HEINZ 397G,1,Sem benefício identificado (tributação normal / possível ICMS-ST),-,,00/60/61,"Art. 39, Anexo II (redução, carga 12%) — só para fabricante/atacadista, excluída venda a consumidor final","Não há isenção/redução aplicável à venda ao consumidor final. O art. 39, Anexo II reduz a carga para 12% nesses capítulos, mas só para saídas de FABRICANTE OU ATACADISTA, e expressamente NÃO se aplica quando o destinatário é consumidor final — o que é sempre o caso na sua loja."
21032010,KETCHUP HEINZ ZERO ADIÇÃO DE AÇUCAR 373G,1,Sem benefício identificado (tributação normal / possível ICMS-ST),-,,00/60/61,"Art. 39, Anexo II (redução, carga 12%) — só para fabricante/atacadista, excluída venda a consumidor final","Não há isenção/redução aplicável à venda ao consumidor final. O art. 39, Anexo II reduz a carga para 12% nesses capítulos, mas só para saídas de FABRICANTE OU ATACADISTA, e expressamente NÃO se aplica quando o destinatário é consumidor final — o que é sempre o caso na sua loja."
21032010,KETCHUP QUERO TRADICIONAL 200G,1,Sem benefício identificado (tributação normal / possível ICMS-ST),-,,00/60/61,"Art. 39, Anexo II (redução, carga 12%) — só para fabricante/atacadista, excluída venda a consumidor final","Não há isenção/redução aplicável à venda ao consumidor final. O art. 39, Anexo II reduz a carga para 12% nesses capítulos, mas só para saídas de FABRICANTE OU ATACADISTA, e expressamente NÃO se aplica quando o destinatário é consumidor final — o que é sempre o caso na sua loja."
21032010,MOLHO DE TOMATE POMAROLA MANJERICAO SACHE 300G,1,Sem benefício identificado (tributação normal / possível ICMS-ST),-,,00/60/61,"Art. 39, Anexo II (redução, carga 12%) — só para fabricante/atacadista, excluída venda a consumidor final","Não há isenção/redução aplicável à venda ao consumidor final. O art. 39, Anexo II reduz a carga para 12% nesses capítulos, mas só para saídas de FABRICANTE OU ATACADISTA, e expressamente NÃO se aplica quando o destinatário é consumidor final — o que é sempre o caso na sua loja."
21033021,MOSTARDA QUERO 190G,1,Sem benefício identificado (tributação normal / possível ICMS-ST),-,,00/60/61,"Art. 39, Anexo II (redução, carga 12%) — só para fabricante/atacadista, excluída venda a consumidor final","Não há isenção/redução aplicável à venda ao consumidor final. O art. 39, Anexo II reduz a carga para 12% nesses capítulos, mas só para saídas de FABRICANTE OU ATACADISTA, e expressamente NÃO se aplica quando o destinatário é consumidor final — o que é sempre o caso na sua loja."
21039011,MAIONESE HEINZ SACHE 7G,1,Sem benefício identificado (tributação normal / possível ICMS-ST),-,,00/60/61,"Art. 39, Anexo II (redução, carga 12%) — só para fabricante/atacadista, excluída venda a consumidor final","Não há isenção/redução aplicável à venda ao consumidor final. O art. 39, Anexo II reduz a carga para 12% nesses capítulos, mas só para saídas de FABRICANTE OU ATACADISTA, e expressamente NÃO se aplica quando o destinatário é consumidor final — o que é sempre o caso na sua loja."
21039011,MAIONESE HELLMANNS 500G,1,Sem benefício identificado (tributação normal / possível ICMS-ST),-,,00/60/61,"Art. 39, Anexo II (redução, carga 12%) — só para fabricante/atacadista, excluída venda a consumidor final","Não há isenção/redução aplicável à venda ao consumidor final. O art. 39, Anexo II reduz a carga para 12% nesses capítulos, mas só para saídas de FABRICANTE OU ATACADISTA, e expressamente NÃO se aplica quando o destinatário é consumidor final — o que é sempre o caso na sua loja."
21039019,MAT PRIMA MAIONESE KG,1,Sem benefício identificado (tributação normal / possível ICMS-ST),-,,00/60/61,"Art. 39, Anexo II (redução, carga 12%) — só para fabricante/atacadista, excluída venda a consumidor final","Não há isenção/redução aplicável à venda ao consumidor final. O art. 39, Anexo II reduz a carga para 12% nesses capítulos, mas só para saídas de FABRICANTE OU ATACADISTA, e expressamente NÃO se aplica quando o destinatário é consumidor final — o que é sempre o caso na sua loja."
21039021,MOLHO D AJUDA SACHE CASEIRO 3ML,1,Sem benefício identificado (tributação normal / possível ICMS-ST),-,,00/60/61,"Art. 39, Anexo II (redução, carga 12%) — só para fabricante/atacadista, excluída venda a consumidor final","Não há isenção/redução aplicável à venda ao consumidor final. O art. 39, Anexo II reduz a carga para 12% nesses capítulos, mas só para saídas de FABRICANTE OU ATACADISTA, e expressamente NÃO se aplica quando o destinatário é consumidor final — o que é sempre o caso na sua loja."
21039021,MOLHO SAKURA TARÊ 180ML,1,Sem benefício identificado (tributação normal / possível ICMS-ST),-,,00/60/61,"Art. 39, Anexo II (redução, carga 12%) — só para fabricante/atacadista, excluída venda a consumidor final","Não há isenção/redução aplicável à venda ao consumidor final. O art. 39, Anexo II reduz a carga para 12% nesses capítulos, mas só para saídas de FABRICANTE OU ATACADISTA, e expressamente NÃO se aplica quando o destinatário é consumidor final — o que é sempre o caso na sua loja."
21050010,ACAI FRUTA BRASILEIRA C/ GUARANA 1020KG,2,Sem benefício identificado (tributação normal / possível ICMS-ST),-,,00/60/61,"Art. 39, Anexo II (redução, carga 12%) — só para fabricante/atacadista, excluída venda a consumidor final","Não há isenção/redução aplicável à venda ao consumidor final. O art. 39, Anexo II reduz a carga para 12% nesses capítulos, mas só para saídas de FABRICANTE OU ATACADISTA, e expressamente NÃO se aplica quando o destinatário é consumidor final — o que é sempre o caso na sua loja."
21050010,PICOLE ESKIBON 48ML,1,Sem benefício identificado (tributação normal / possível ICMS-ST),-,,00/60/61,"Art. 39, Anexo II (redução, carga 12%) — só para fabricante/atacadista, excluída venda a consumidor final","Não há isenção/redução aplicável à venda ao consumidor final. O art. 39, Anexo II reduz a carga para 12% nesses capítulos, mas só para saídas de FABRICANTE OU ATACADISTA, e expressamente NÃO se aplica quando o destinatário é consumidor final — o que é sempre o caso na sua loja."
21050010,PICOLE KIBON BRIGADEIRO 52G,1,Sem benefício identificado (tributação normal / possível ICMS-ST),-,,00/60/61,"Art. 39, Anexo II (redução, carga 12%) — só para fabricante/atacadista, excluída venda a consumidor final","Não há isenção/redução aplicável à venda ao consumidor final. O art. 39, Anexo II reduz a carga para 12% nesses capítulos, mas só para saídas de FABRICANTE OU ATACADISTA, e expressamente NÃO se aplica quando o destinatário é consumidor final — o que é sempre o caso na sua loja."
21050010,PICOLE KIBON CHICABON 60ML,1,Sem benefício identificado (tributação normal / possível ICMS-ST),-,,00/60/61,"Art. 39, Anexo II (redução, carga 12%) — só para fabricante/atacadista, excluída venda a consumidor final","Não há isenção/redução aplicável à venda ao consumidor final. O art. 39, Anexo II reduz a carga para 12% nesses capítulos, mas só para saídas de FABRICANTE OU ATACADISTA, e expressamente NÃO se aplica quando o destinatário é consumidor final — o que é sempre o caso na sua loja."
21050010,PICOLE KIBON FRUTILLY MORANGO 54ML,1,Sem benefício identificado (tributação normal / possível ICMS-ST),-,,00/60/61,"Art. 39, Anexo II (redução, carga 12%) — só para fabricante/atacadista, excluída venda a consumidor final","Não há isenção/redução aplicável à venda ao consumidor final. O art. 39, Anexo II reduz a carga para 12% nesses capítulos, mas só para saídas de FABRICANTE OU ATACADISTA, e expressamente NÃO se aplica quando o destinatário é consumidor final — o que é sempre o caso na sua loja."
21050010,PICOLE KIBON HARRY POTTER EXPECTO PATRONUM 54ML,1,Sem benefício identificado (tributação normal / possível ICMS-ST),-,,00/60/61,"Art. 39, Anexo II (redução, carga 12%) — só para fabricante/atacadista, excluída venda a consumidor final","Não há isenção/redução aplicável à venda ao consumidor final. O art. 39, Anexo II reduz a carga para 12% nesses capítulos, mas só para saídas de FABRICANTE OU ATACADISTA, e expressamente NÃO se aplica quando o destinatário é consumidor final — o que é sempre o caso na sua loja."
21050010,PICOLE KIBON HARRY POTTER GRIFINORIA 58G,1,Sem benefício identificado (tributação normal / possível ICMS-ST),-,,00/60/61,"Art. 39, Anexo II (redução, carga 12%) — só para fabricante/atacadista, excluída venda a consumidor final","Não há isenção/redução aplicável à venda ao consumidor final. O art. 39, Anexo II reduz a carga para 12% nesses capítulos, mas só para saídas de FABRICANTE OU ATACADISTA, e expressamente NÃO se aplica quando o destinatário é consumidor final — o que é sempre o caso na sua loja."
21050010,PICOLE KIBON MAGNUM CLASSICO 90ML,1,Sem benefício identificado (tributação normal / possível ICMS-ST),-,,00/60/61,"Art. 39, Anexo II (redução, carga 12%) — só para fabricante/atacadista, excluída venda a consumidor final","Não há isenção/redução aplicável à venda ao consumidor final. O art. 39, Anexo II reduz a carga para 12% nesses capítulos, mas só para saídas de FABRICANTE OU ATACADISTA, e expressamente NÃO se aplica quando o destinatário é consumidor final — o que é sempre o caso na sua loja."
21050010,PICOLE KIBON TABLITO 3 CHOCOLATES 61G,1,Sem benefício identificado (tributação normal / possível ICMS-ST),-,,00/60/61,"Art. 39, Anexo II (redução, carga 12%) — só para fabricante/atacadista, excluída venda a consumidor final","Não há isenção/redução aplicável à venda ao consumidor final. O art. 39, Anexo II reduz a carga para 12% nesses capítulos, mas só para saídas de FABRICANTE OU ATACADISTA, e expressamente NÃO se aplica quando o destinatário é consumidor final — o que é sempre o caso na sua loja."
21050010,PICOLE KIBON TABLITO 72ML,1,Sem benefício identificado (tributação normal / possível ICMS-ST),-,,00/60/61,"Art. 39, Anexo II (redução, carga 12%) — só para fabricante/atacadista, excluída venda a consumidor final","Não há isenção/redução aplicável à venda ao consumidor final. O art. 39, Anexo II reduz a carga para 12% nesses capítulos, mas só para saídas de FABRICANTE OU ATACADISTA, e expressamente NÃO se aplica quando o destinatário é consumidor final — o que é sempre o caso na sua loja."
21050010,SORVETE BEN JERRYS HALFBAKED 458ML,1,Sem benefício identificado (tributação normal / possível ICMS-ST),-,,00/60/61,"Art. 39, Anexo II (redução, carga 12%) — só para fabricante/atacadista, excluída venda a consumidor final","Não há isenção/redução aplicável à venda ao consumidor final. O art. 39, Anexo II reduz a carga para 12% nesses capítulos, mas só para saídas de FABRICANTE OU ATACADISTA, e expressamente NÃO se aplica quando o destinatário é consumidor final — o que é sempre o caso na sua loja."
21050010,SORVETE ESKIBON MINI 117ML,1,Sem benefício identificado (tributação normal / possível ICMS-ST),-,,00/60/61,"Art. 39, Anexo II (redução, carga 12%) — só para fabricante/atacadista, excluída venda a consumidor final","Não há isenção/redução aplicável à venda ao consumidor final. O art. 39, Anexo II reduz a carga para 12% nesses capítulos, mas só para saídas de FABRICANTE OU ATACADISTA, e expressamente NÃO se aplica quando o destinatário é consumidor final — o que é sempre o caso na sua loja."
21050010,SORVETE KIBON BOMBOM DOCE DE LEITE POTE 184G,1,Sem benefício identificado (tributação normal / possível ICMS-ST),-,,00/60/61,"Art. 39, Anexo II (redução, carga 12%) — só para fabricante/atacadista, excluída venda a consumidor final","Não há isenção/redução aplicável à venda ao consumidor final. O art. 39, Anexo II reduz a carga para 12% nesses capítulos, mas só para saídas de FABRICANTE OU ATACADISTA, e expressamente NÃO se aplica quando o destinatário é consumidor final — o que é sempre o caso na sua loja."
21050010,"SORVETE KIBON CHICABON DUO 1,5L",1,Sem benefício identificado (tributação normal / possível ICMS-ST),-,,00/60/61,"Art. 39, Anexo II (redução, carga 12%) — só para fabricante/atacadista, excluída venda a consumidor final","Não há isenção/redução aplicável à venda ao consumidor final. O art. 39, Anexo II reduz a carga para 12% nesses capítulos, mas só para saídas de FABRICANTE OU ATACADISTA, e expressamente NÃO se aplica quando o destinatário é consumidor final — o que é sempre o caso na sua loja."
21050010,SORVETE KIBON CHICABON ZERO 800ML,1,Sem benefício identificado (tributação normal / possível ICMS-ST),-,,00/60/61,"Art. 39, Anexo II (redução, carga 12%) — só para fabricante/atacadista, excluída venda a consumidor final","Não há isenção/redução aplicável à venda ao consumidor final. O art. 39, Anexo II reduz a carga para 12% nesses capítulos, mas só para saídas de FABRICANTE OU ATACADISTA, e expressamente NÃO se aplica quando o destinatário é consumidor final — o que é sempre o caso na sua loja."
21050010,SORVETE KIBON CORNETTO CHOMIX 90ML,1,Sem benefício identificado (tributação normal / possível ICMS-ST),-,,00/60/61,"Art. 39, Anexo II (redução, carga 12%) — só para fabricante/atacadista, excluída venda a consumidor final","Não há isenção/redução aplicável à venda ao consumidor final. O art. 39, Anexo II reduz a carga para 12% nesses capítulos, mas só para saídas de FABRICANTE OU ATACADISTA, e expressamente NÃO se aplica quando o destinatário é consumidor final — o que é sempre o caso na sua loja."
21050010,SORVETE KIBON CORNETTO CROCANTE 90ML,1,Sem benefício identificado (tributação normal / possível ICMS-ST),-,,00/60/61,"Art. 39, Anexo II (redução, carga 12%) — só para fabricante/atacadista, excluída venda a consumidor final","Não há isenção/redução aplicável à venda ao consumidor final. O art. 39, Anexo II reduz a carga para 12% nesses capítulos, mas só para saídas de FABRICANTE OU ATACADISTA, e expressamente NÃO se aplica quando o destinatário é consumidor final — o que é sempre o caso na sua loja."
21050010,SORVETE KIBON CORNETTO M E MS 90ML,1,Sem benefício identificado (tributação normal / possível ICMS-ST),-,,00/60/61,"Art. 39, Anexo II (redução, carga 12%) — só para fabricante/atacadista, excluída venda a consumidor final","Não há isenção/redução aplicável à venda ao consumidor final. O art. 39, Anexo II reduz a carga para 12% nesses capítulos, mas só para saídas de FABRICANTE OU ATACADISTA, e expressamente NÃO se aplica quando o destinatário é consumidor final — o que é sempre o caso na sua loja."
21050010,SORVETE KIBON CORNETTO MORANGO 90ML,1,Sem benefício identificado (tributação normal / possível ICMS-ST),-,,00/60/61,"Art. 39, Anexo II (redução, carga 12%) — só para fabricante/atacadista, excluída venda a consumidor final","Não há isenção/redução aplicável à venda ao consumidor final. O art. 39, Anexo II reduz a carga para 12% nesses capítulos, mas só para saídas de FABRICANTE OU ATACADISTA, e expressamente NÃO se aplica quando o destinatário é consumidor final — o que é sempre o caso na sua loja."
21050010,SORVETE KIBON CREMOSISSIMO 4 EM 1 CHOCO 4X2L,1,Sem benefício identificado (tributação normal / possível ICMS-ST),-,,00/60/61,"Art. 39, Anexo II (redução, carga 12%) — só para fabricante/atacadista, excluída venda a consumidor final","Não há isenção/redução aplicável à venda ao consumidor final. O art. 39, Anexo II reduz a carga para 12% nesses capítulos, mas só para saídas de FABRICANTE OU ATACADISTA, e expressamente NÃO se aplica quando o destinatário é consumidor final — o que é sempre o caso na sua loja."
21050010,"SORVETE KIBON CREMOSISSIMO CHOCOLATE 1,5L",1,Sem benefício identificado (tributação normal / possível ICMS-ST),-,,00/60/61,"Art. 39, Anexo II (redução, carga 12%) — só para fabricante/atacadista, excluída venda a consumidor final","Não há isenção/redução aplicável à venda ao consumidor final. O art. 39, Anexo II reduz a carga para 12% nesses capítulos, mas só para saídas de FABRICANTE OU ATACADISTA, e expressamente NÃO se aplica quando o destinatário é consumidor final — o que é sempre o caso na sua loja."
21050010,"SORVETE KIBON CREMOSISSIMO CREME 1,5L",1,Sem benefício identificado (tributação normal / possível ICMS-ST),-,,00/60/61,"Art. 39, Anexo II (redução, carga 12%) — só para fabricante/atacadista, excluída venda a consumidor final","Não há isenção/redução aplicável à venda ao consumidor final. O art. 39, Anexo II reduz a carga para 12% nesses capítulos, mas só para saídas de FABRICANTE OU ATACADISTA, e expressamente NÃO se aplica quando o destinatário é consumidor final — o que é sempre o caso na sua loja."
21050010,"SORVETE KIBON CREMOSISSIMO FLOCOS 1,5L",1,Sem benefício identificado (tributação normal / possível ICMS-ST),-,,00/60/61,"Art. 39, Anexo II (redução, carga 12%) — só para fabricante/atacadista, excluída venda a consumidor final","Não há isenção/redução aplicável à venda ao consumidor final. O art. 39, Anexo II reduz a carga para 12% nesses capítulos, mas só para saídas de FABRICANTE OU ATACADISTA, e expressamente NÃO se aplica quando o destinatário é consumidor final — o que é sempre o caso na sua loja."
21050010,"SORVETE KIBON DUO LIMAO MARACUJA 1,5L",1,Sem benefício identificado (tributação normal / possível ICMS-ST),-,,00/60/61,"Art. 39, Anexo II (redução, carga 12%) — só para fabricante/atacadista, excluída venda a consumidor final","Não há isenção/redução aplicável à venda ao consumidor final. O art. 39, Anexo II reduz a carga para 12% nesses capítulos, mas só para saídas de FABRICANTE OU ATACADISTA, e expressamente NÃO se aplica quando o destinatário é consumidor final — o que é sempre o caso na sua loja."
21050010,SORVETE KIBON ESKIBON MINI MORANGO 92G,1,Sem benefício identificado (tributação normal / possível ICMS-ST),-,,00/60/61,"Art. 39, Anexo II (redução, carga 12%) — só para fabricante/atacadista, excluída venda a consumidor final","Não há isenção/redução aplicável à venda ao consumidor final. O art. 39, Anexo II reduz a carga para 12% nesses capítulos, mas só para saídas de FABRICANTE OU ATACADISTA, e expressamente NÃO se aplica quando o destinatário é consumidor final — o que é sempre o caso na sua loja."
21050010,SORVETE KIBON MINI CHICABON 114ML,1,Sem benefício identificado (tributação normal / possível ICMS-ST),-,,00/60/61,"Art. 39, Anexo II (redução, carga 12%) — só para fabricante/atacadista, excluída venda a consumidor final","Não há isenção/redução aplicável à venda ao consumidor final. O art. 39, Anexo II reduz a carga para 12% nesses capítulos, mas só para saídas de FABRICANTE OU ATACADISTA, e expressamente NÃO se aplica quando o destinatário é consumidor final — o que é sempre o caso na sua loja."
21050010,SORVETE KIBON MINI DOCE DE LEITE BOMBOM 92G,1,Sem benefício identificado (tributação normal / possível ICMS-ST),-,,00/60/61,"Art. 39, Anexo II (redução, carga 12%) — só para fabricante/atacadista, excluída venda a consumidor final","Não há isenção/redução aplicável à venda ao consumidor final. O art. 39, Anexo II reduz a carga para 12% nesses capítulos, mas só para saídas de FABRICANTE OU ATACADISTA, e expressamente NÃO se aplica quando o destinatário é consumidor final — o que é sempre o caso na sua loja."
21050010,SORVETE KIBON OVOMALTINE POTE 800ML,1,Sem benefício identificado (tributação normal / possível ICMS-ST),-,,00/60/61,"Art. 39, Anexo II (redução, carga 12%) — só para fabricante/atacadista, excluída venda a consumidor final","Não há isenção/redução aplicável à venda ao consumidor final. O art. 39, Anexo II reduz a carga para 12% nesses capítulos, mas só para saídas de FABRICANTE OU ATACADISTA, e expressamente NÃO se aplica quando o destinatário é consumidor final — o que é sempre o caso na sua loja."
21050010,SORVETE KIBON SNICKERS POTE 800ML,1,Sem benefício identificado (tributação normal / possível ICMS-ST),-,,00/60/61,"Art. 39, Anexo II (redução, carga 12%) — só para fabricante/atacadista, excluída venda a consumidor final","Não há isenção/redução aplicável à venda ao consumidor final. O art. 39, Anexo II reduz a carga para 12% nesses capítulos, mas só para saídas de FABRICANTE OU ATACADISTA, e expressamente NÃO se aplica quando o destinatário é consumidor final — o que é sempre o caso na sua loja."
21050010,"SORVETE KIBON SUNDAE CHOCOLATE TRUFADO 1,4L",1,Sem benefício identificado (tributação normal / possível ICMS-ST),-,,00/60/61,"Art. 39, Anexo II (redução, carga 12%) — só para fabricante/atacadista, excluída venda a consumidor final","Não há isenção/redução aplicável à venda ao consumidor final. O art. 39, Anexo II reduz a carga para 12% nesses capítulos, mas só para saídas de FABRICANTE OU ATACADISTA, e expressamente NÃO se aplica quando o destinatário é consumidor final — o que é sempre o caso na sua loja."
21050010,"SORVETE KIBON SUNDAE LEITE TRUFADO 1,4L",1,Sem benefício identificado (tributação normal / possível ICMS-ST),-,,00/60/61,"Art. 39, Anexo II (redução, carga 12%) — só para fabricante/atacadista, excluída venda a consumidor final","Não há isenção/redução aplicável à venda ao consumidor final. O art. 39, Anexo II reduz a carga para 12% nesses capítulos, mas só para saídas de FABRICANTE OU ATACADISTA, e expressamente NÃO se aplica quando o destinatário é consumidor final — o que é sempre o caso na sua loja."
21061000,BARRA DE CEREAL CHOCO WHEYFER ZERO COOKIES 25G,1,Sem benefício identificado (tributação normal / possível ICMS-ST),-,,00/60/61,"Art. 39, Anexo II (redução, carga 12%) — só para fabricante/atacadista, excluída venda a consumidor final","Não há isenção/redução aplicável à venda ao consumidor final. O art. 39, Anexo II reduz a carga para 12% nesses capítulos, mas só para saídas de FABRICANTE OU ATACADISTA, e expressamente NÃO se aplica quando o destinatário é consumidor final — o que é sempre o caso na sua loja."
21061000,BARRA DE PROTEINA YOPRO NUTRATA CAPPUCCINO C/ 55G,1,Sem benefício identificado (tributação normal / possível ICMS-ST),-,,00/60/61,"Art. 39, Anexo II (redução, carga 12%) — só para fabricante/atacadista, excluída venda a consumidor final","Não há isenção/redução aplicável à venda ao consumidor final. O art. 39, Anexo II reduz a carga para 12% nesses capítulos, mas só para saídas de FABRICANTE OU ATACADISTA, e expressamente NÃO se aplica quando o destinatário é consumidor final — o que é sempre o caso na sua loja."
21061000,BARRA DE PROTEINA YOPRO NUTRATA CHOCOLATE 55G,1,Sem benefício identificado (tributação normal / possível ICMS-ST),-,,00/60/61,"Art. 39, Anexo II (redução, carga 12%) — só para fabricante/atacadista, excluída venda a consumidor final","Não há isenção/redução aplicável à venda ao consumidor final. O art. 39, Anexo II reduz a carga para 12% nesses capítulos, mas só para saídas de FABRICANTE OU ATACADISTA, e expressamente NÃO se aplica quando o destinatário é consumidor final — o que é sempre o caso na sua loja."
21069010,REFRESCO EM PO TANG LIMAO 18G,1,Sem benefício identificado (tributação normal / possível ICMS-ST),-,,00/60/61,"Art. 39, Anexo II (redução, carga 12%) — só para fabricante/atacadista, excluída venda a consumidor final","Não há isenção/redução aplicável à venda ao consumidor final. O art. 39, Anexo II reduz a carga para 12% nesses capítulos, mas só para saídas de FABRICANTE OU ATACADISTA, e expressamente NÃO se aplica quando o destinatário é consumidor final — o que é sempre o caso na sua loja."
21069010,REFRESCO EM PO TANG MARAGUJA 18G,1,Sem benefício identificado (tributação normal / possível ICMS-ST),-,,00/60/61,"Art. 39, Anexo II (redução, carga 12%) — só para fabricante/atacadista, excluída venda a consumidor final","Não há isenção/redução aplicável à venda ao consumidor final. O art. 39, Anexo II reduz a carga para 12% nesses capítulos, mas só para saídas de FABRICANTE OU ATACADISTA, e expressamente NÃO se aplica quando o destinatário é consumidor final — o que é sempre o caso na sua loja."
21069010,XAROPE DILUTE FRUTAS VERMELHAS 500ML,1,Sem benefício identificado (tributação normal / possível ICMS-ST),-,,00/60/61,"Art. 39, Anexo II (redução, carga 12%) — só para fabricante/atacadista, excluída venda a consumidor final","Não há isenção/redução aplicável à venda ao consumidor final. O art. 39, Anexo II reduz a carga para 12% nesses capítulos, mas só para saídas de FABRICANTE OU ATACADISTA, e expressamente NÃO se aplica quando o destinatário é consumidor final — o que é sempre o caso na sua loja."
21069010,XAROPE DILUTE FRUTAS VERMELHAS SEM ACUCAR 500ML,1,Sem benefício identificado (tributação normal / possível ICMS-ST),-,,00/60/61,"Art. 39, Anexo II (redução, carga 12%) — só para fabricante/atacadista, excluída venda a consumidor final","Não há isenção/redução aplicável à venda ao consumidor final. O art. 39, Anexo II reduz a carga para 12% nesses capítulos, mas só para saídas de FABRICANTE OU ATACADISTA, e expressamente NÃO se aplica quando o destinatário é consumidor final — o que é sempre o caso na sua loja."
21069010,XAROPE DILUTE MACA VERDE ZERO 500ML,1,Sem benefício identificado (tributação normal / possível ICMS-ST),-,,00/60/61,"Art. 39, Anexo II (redução, carga 12%) — só para fabricante/atacadista, excluída venda a consumidor final","Não há isenção/redução aplicável à venda ao consumidor final. O art. 39, Anexo II reduz a carga para 12% nesses capítulos, mas só para saídas de FABRICANTE OU ATACADISTA, e expressamente NÃO se aplica quando o destinatário é consumidor final — o que é sempre o caso na sua loja."
21069010,XAROPE DILUTE MELANCIA 500ML,1,Sem benefício identificado (tributação normal / possível ICMS-ST),-,,00/60/61,"Art. 39, Anexo II (redução, carga 12%) — só para fabricante/atacadista, excluída venda a consumidor final","Não há isenção/redução aplicável à venda ao consumidor final. O art. 39, Anexo II reduz a carga para 12% nesses capítulos, mas só para saídas de FABRICANTE OU ATACADISTA, e expressamente NÃO se aplica quando o destinatário é consumidor final — o que é sempre o caso na sua loja."
21069030,BARRA DE CEREAL CHOCO WHEYFER ZERO BAUNILHA 25G,1,Sem benefício identificado (tributação normal / possível ICMS-ST),-,,00/60/61,"Art. 39, Anexo II (redução, carga 12%) — só para fabricante/atacadista, excluída venda a consumidor final","Não há isenção/redução aplicável à venda ao consumidor final. O art. 39, Anexo II reduz a carga para 12% nesses capítulos, mas só para saídas de FABRICANTE OU ATACADISTA, e expressamente NÃO se aplica quando o destinatário é consumidor final — o que é sempre o caso na sua loja."
21069030,BARRA DE CEREAL PROTEIN CRISP BAR BROWNIE CHOC 45G,1,Sem benefício identificado (tributação normal / possível ICMS-ST),-,,00/60/61,"Art. 39, Anexo II (redução, carga 12%) — só para fabricante/atacadista, excluída venda a consumidor final","Não há isenção/redução aplicável à venda ao consumidor final. O art. 39, Anexo II reduz a carga para 12% nesses capítulos, mas só para saídas de FABRICANTE OU ATACADISTA, e expressamente NÃO se aplica quando o destinatário é consumidor final — o que é sempre o caso na sua loja."
21069030,BARRA DE CEREAL PROTEIN CRISP BAR LEITE NINO 45G,1,Sem benefício identificado (tributação normal / possível ICMS-ST),-,,00/60/61,"Art. 39, Anexo II (redução, carga 12%) — só para fabricante/atacadista, excluída venda a consumidor final","Não há isenção/redução aplicável à venda ao consumidor final. O art. 39, Anexo II reduz a carga para 12% nesses capítulos, mas só para saídas de FABRICANTE OU ATACADISTA, e expressamente NÃO se aplica quando o destinatário é consumidor final — o que é sempre o caso na sua loja."
21069030,BARRA DE CEREAL PROTEIN CRISP BAR OVOMALTINE 45G,1,Sem benefício identificado (tributação normal / possível ICMS-ST),-,,00/60/61,"Art. 39, Anexo II (redução, carga 12%) — só para fabricante/atacadista, excluída venda a consumidor final","Não há isenção/redução aplicável à venda ao consumidor final. O art. 39, Anexo II reduz a carga para 12% nesses capítulos, mas só para saídas de FABRICANTE OU ATACADISTA, e expressamente NÃO se aplica quando o destinatário é consumidor final — o que é sempre o caso na sua loja."
21069030,BARRA DE CEREAL PROTEIN CRISP BAR TRUFA AVELA 45G,1,Sem benefício identificado (tributação normal / possível ICMS-ST),-,,00/60/61,"Art. 39, Anexo II (redução, carga 12%) — só para fabricante/atacadista, excluída venda a consumidor final","Não há isenção/redução aplicável à venda ao consumidor final. O art. 39, Anexo II reduz a carga para 12% nesses capítulos, mas só para saídas de FABRICANTE OU ATACADISTA, e expressamente NÃO se aplica quando o destinatário é consumidor final — o que é sempre o caso na sua loja."
21069030,BARRA DE PROTEINA BOLD BOMBOM CROCANTE 60G.,1,Sem benefício identificado (tributação normal / possível ICMS-ST),-,,00/60/61,"Art. 39, Anexo II (redução, carga 12%) — só para fabricante/atacadista, excluída venda a consumidor final","Não há isenção/redução aplicável à venda ao consumidor final. O art. 39, Anexo II reduz a carga para 12% nesses capítulos, mas só para saídas de FABRICANTE OU ATACADISTA, e expressamente NÃO se aplica quando o destinatário é consumidor final — o que é sempre o caso na sua loja."
21069030,BARRA DE PROTEINA BOLD COOKIES BLACK 60G.,1,Sem benefício identificado (tributação normal / possível ICMS-ST),-,,00/60/61,"Art. 39, Anexo II (redução, carga 12%) — só para fabricante/atacadista, excluída venda a consumidor final","Não há isenção/redução aplicável à venda ao consumidor final. O art. 39, Anexo II reduz a carga para 12% nesses capítulos, mas só para saídas de FABRICANTE OU ATACADISTA, e expressamente NÃO se aplica quando o destinatário é consumidor final — o que é sempre o caso na sua loja."
21069030,BARRA DE PROTEINA MORANGUETE 45G,1,Sem benefício identificado (tributação normal / possível ICMS-ST),-,,00/60/61,"Art. 39, Anexo II (redução, carga 12%) — só para fabricante/atacadista, excluída venda a consumidor final","Não há isenção/redução aplicável à venda ao consumidor final. O art. 39, Anexo II reduz a carga para 12% nesses capítulos, mas só para saídas de FABRICANTE OU ATACADISTA, e expressamente NÃO se aplica quando o destinatário é consumidor final — o que é sempre o caso na sua loja."
21069030,BARRA DE PROTEINA POWER AVE COC 90G,1,Sem benefício identificado (tributação normal / possível ICMS-ST),-,,00/60/61,"Art. 39, Anexo II (redução, carga 12%) — só para fabricante/atacadista, excluída venda a consumidor final","Não há isenção/redução aplicável à venda ao consumidor final. O art. 39, Anexo II reduz a carga para 12% nesses capítulos, mas só para saídas de FABRICANTE OU ATACADISTA, e expressamente NÃO se aplica quando o destinatário é consumidor final — o que é sempre o caso na sua loja."
21069030,BARRA DE PROTEINA YOPRO NUTRATA MORANGO C/ CHOC BCO 55G,1,Sem benefício identificado (tributação normal / possível ICMS-ST),-,,00/60/61,"Art. 39, Anexo II (redução, carga 12%) — só para fabricante/atacadista, excluída venda a consumidor final","Não há isenção/redução aplicável à venda ao consumidor final. O art. 39, Anexo II reduz a carga para 12% nesses capítulos, mas só para saídas de FABRICANTE OU ATACADISTA, e expressamente NÃO se aplica quando o destinatário é consumidor final — o que é sempre o caso na sua loja."
21069030,BARRA NUTRATA WHEY GREGO BAR DULCE DE LECHE ZERO 40G,1,Sem benefício identificado (tributação normal / possível ICMS-ST),-,,00/60/61,"Art. 39, Anexo II (redução, carga 12%) — só para fabricante/atacadista, excluída venda a consumidor final","Não há isenção/redução aplicável à venda ao consumidor final. O art. 39, Anexo II reduz a carga para 12% nesses capítulos, mas só para saídas de FABRICANTE OU ATACADISTA, e expressamente NÃO se aplica quando o destinatário é consumidor final — o que é sempre o caso na sua loja."
21069030,BARRA POWER PROTEIN CHOC TRUFFLE 90G,1,Sem benefício identificado (tributação normal / possível ICMS-ST),-,,00/60/61,"Art. 39, Anexo II (redução, carga 12%) — só para fabricante/atacadista, excluída venda a consumidor final","Não há isenção/redução aplicável à venda ao consumidor final. O art. 39, Anexo II reduz a carga para 12% nesses capítulos, mas só para saídas de FABRICANTE OU ATACADISTA, e expressamente NÃO se aplica quando o destinatário é consumidor final — o que é sempre o caso na sua loja."
21069030,BARRA PROTEICA DOCTOR BAR AVELA 62G,1,Sem benefício identificado (tributação normal / possível ICMS-ST),-,,00/60/61,"Art. 39, Anexo II (redução, carga 12%) — só para fabricante/atacadista, excluída venda a consumidor final","Não há isenção/redução aplicável à venda ao consumidor final. O art. 39, Anexo II reduz a carga para 12% nesses capítulos, mas só para saídas de FABRICANTE OU ATACADISTA, e expressamente NÃO se aplica quando o destinatário é consumidor final — o que é sempre o caso na sua loja."
21069030,BARRA PROTEICA DOCTOR BAR DOCE LEITE 62G,1,Sem benefício identificado (tributação normal / possível ICMS-ST),-,,00/60/61,"Art. 39, Anexo II (redução, carga 12%) — só para fabricante/atacadista, excluída venda a consumidor final","Não há isenção/redução aplicável à venda ao consumidor final. O art. 39, Anexo II reduz a carga para 12% nesses capítulos, mas só para saídas de FABRICANTE OU ATACADISTA, e expressamente NÃO se aplica quando o destinatário é consumidor final — o que é sempre o caso na sua loja."
21069030,BARRA PROTEICA MAX POWER COOKIES 41G,1,Sem benefício identificado (tributação normal / possível ICMS-ST),-,,00/60/61,"Art. 39, Anexo II (redução, carga 12%) — só para fabricante/atacadista, excluída venda a consumidor final","Não há isenção/redução aplicável à venda ao consumidor final. O art. 39, Anexo II reduz a carga para 12% nesses capítulos, mas só para saídas de FABRICANTE OU ATACADISTA, e expressamente NÃO se aplica quando o destinatário é consumidor final — o que é sempre o caso na sua loja."
21069030,BATON CHOCOSTICK CARIBE 24G,1,Sem benefício identificado (tributação normal / possível ICMS-ST),-,,00/60/61,"Art. 39, Anexo II (redução, carga 12%) — só para fabricante/atacadista, excluída venda a consumidor final","Não há isenção/redução aplicável à venda ao consumidor final. O art. 39, Anexo II reduz a carga para 12% nesses capítulos, mas só para saídas de FABRICANTE OU ATACADISTA, e expressamente NÃO se aplica quando o destinatário é consumidor final — o que é sempre o caso na sua loja."
21069030,BATON CHOCOSTICK TRIPLO CHOCOLATE 26G,1,Sem benefício identificado (tributação normal / possível ICMS-ST),-,,00/60/61,"Art. 39, Anexo II (redução, carga 12%) — só para fabricante/atacadista, excluída venda a consumidor final","Não há isenção/redução aplicável à venda ao consumidor final. O art. 39, Anexo II reduz a carga para 12% nesses capítulos, mas só para saídas de FABRICANTE OU ATACADISTA, e expressamente NÃO se aplica quando o destinatário é consumidor final — o que é sempre o caso na sua loja."
21069030,BEBIDA MOVING HYDRO PROTEIN MELANCIA E LIMAO 500ML,1,Sem benefício identificado (tributação normal / possível ICMS-ST),-,,00/60/61,"Art. 39, Anexo II (redução, carga 12%) — só para fabricante/atacadista, excluída venda a consumidor final","Não há isenção/redução aplicável à venda ao consumidor final. O art. 39, Anexo II reduz a carga para 12% nesses capítulos, mas só para saídas de FABRICANTE OU ATACADISTA, e expressamente NÃO se aplica quando o destinatário é consumidor final — o que é sempre o caso na sua loja."
21069030,BEBIDA MOVING HYDRO PROTEIN TANGERINA 500ML,1,Sem benefício identificado (tributação normal / possível ICMS-ST),-,,00/60/61,"Art. 39, Anexo II (redução, carga 12%) — só para fabricante/atacadista, excluída venda a consumidor final","Não há isenção/redução aplicável à venda ao consumidor final. O art. 39, Anexo II reduz a carga para 12% nesses capítulos, mas só para saídas de FABRICANTE OU ATACADISTA, e expressamente NÃO se aplica quando o destinatário é consumidor final — o que é sempre o caso na sua loja."
21069030,BEBIDA MOVING HYDRO PROTEIN UVA 500ML,1,Sem benefício identificado (tributação normal / possível ICMS-ST),-,,00/60/61,"Art. 39, Anexo II (redução, carga 12%) — só para fabricante/atacadista, excluída venda a consumidor final","Não há isenção/redução aplicável à venda ao consumidor final. O art. 39, Anexo II reduz a carga para 12% nesses capítulos, mas só para saídas de FABRICANTE OU ATACADISTA, e expressamente NÃO se aplica quando o destinatário é consumidor final — o que é sempre o caso na sua loja."
21069030,CHOCO STICK AVELA 24G,1,Sem benefício identificado (tributação normal / possível ICMS-ST),-,,00/60/61,"Art. 39, Anexo II (redução, carga 12%) — só para fabricante/atacadista, excluída venda a consumidor final","Não há isenção/redução aplicável à venda ao consumidor final. O art. 39, Anexo II reduz a carga para 12% nesses capítulos, mas só para saídas de FABRICANTE OU ATACADISTA, e expressamente NÃO se aplica quando o destinatário é consumidor final — o que é sempre o caso na sua loja."
21069030,CHOCO STICK CARAMELO SALGADO 24G,1,Sem benefício identificado (tributação normal / possível ICMS-ST),-,,00/60/61,"Art. 39, Anexo II (redução, carga 12%) — só para fabricante/atacadista, excluída venda a consumidor final","Não há isenção/redução aplicável à venda ao consumidor final. O art. 39, Anexo II reduz a carga para 12% nesses capítulos, mas só para saídas de FABRICANTE OU ATACADISTA, e expressamente NÃO se aplica quando o destinatário é consumidor final — o que é sempre o caso na sua loja."
21069030,ENERGETICO EM PO XPLODE CAPSULAS 1UN,1,Sem benefício identificado (tributação normal / possível ICMS-ST),-,,00/60/61,"Art. 39, Anexo II (redução, carga 12%) — só para fabricante/atacadista, excluída venda a consumidor final","Não há isenção/redução aplicável à venda ao consumidor final. O art. 39, Anexo II reduz a carga para 12% nesses capítulos, mas só para saídas de FABRICANTE OU ATACADISTA, e expressamente NÃO se aplica quando o destinatário é consumidor final — o que é sempre o caso na sua loja."
21069030,MAGNESIO + INOSITOL RELIEF 3.0  350G MARACUJA TRUE SOURCE LOTE: 11879,1,Sem benefício identificado (tributação normal / possível ICMS-ST),-,,00/60/61,"Art. 39, Anexo II (redução, carga 12%) — só para fabricante/atacadista, excluída venda a consumidor final","Não há isenção/redução aplicável à venda ao consumidor final. O art. 39, Anexo II reduz a carga para 12% nesses capítulos, mas só para saídas de FABRICANTE OU ATACADISTA, e expressamente NÃO se aplica quando o destinatário é consumidor final — o que é sempre o caso na sua loja."
21069030,MAGNESIO PLUS 90CPS 690MG VITAFOR LOTE: 2401574,1,Sem benefício identificado (tributação normal / possível ICMS-ST),-,,00/60/61,"Art. 39, Anexo II (redução, carga 12%) — só para fabricante/atacadista, excluída venda a consumidor final","Não há isenção/redução aplicável à venda ao consumidor final. O art. 39, Anexo II reduz a carga para 12% nesses capítulos, mas só para saídas de FABRICANTE OU ATACADISTA, e expressamente NÃO se aplica quando o destinatário é consumidor final — o que é sempre o caso na sua loja."
21069030,MOVING PROTEIN BOOSTER PRO ABACAXI COM HORTELA LT 310ML,1,Sem benefício identificado (tributação normal / possível ICMS-ST),-,,00/60/61,"Art. 39, Anexo II (redução, carga 12%) — só para fabricante/atacadista, excluída venda a consumidor final","Não há isenção/redução aplicável à venda ao consumidor final. O art. 39, Anexo II reduz a carga para 12% nesses capítulos, mas só para saídas de FABRICANTE OU ATACADISTA, e expressamente NÃO se aplica quando o destinatário é consumidor final — o que é sempre o caso na sua loja."
21069030,MOVING PROTEIN BOOSTER PRO MORANG E ACEROLA LT 310ML,1,Sem benefício identificado (tributação normal / possível ICMS-ST),-,,00/60/61,"Art. 39, Anexo II (redução, carga 12%) — só para fabricante/atacadista, excluída venda a consumidor final","Não há isenção/redução aplicável à venda ao consumidor final. O art. 39, Anexo II reduz a carga para 12% nesses capítulos, mas só para saídas de FABRICANTE OU ATACADISTA, e expressamente NÃO se aplica quando o destinatário é consumidor final — o que é sempre o caso na sua loja."
21069030,POWER PROTEIN BAR MORANGO SENSATION 41G,1,Sem benefício identificado (tributação normal / possível ICMS-ST),-,,00/60/61,"Art. 39, Anexo II (redução, carga 12%) — só para fabricante/atacadista, excluída venda a consumidor final","Não há isenção/redução aplicável à venda ao consumidor final. O art. 39, Anexo II reduz a carga para 12% nesses capítulos, mas só para saídas de FABRICANTE OU ATACADISTA, e expressamente NÃO se aplica quando o destinatário é consumidor final — o que é sempre o caso na sua loja."
21069030,SUPERCOFFE SUPLEMENTO SMART LAJOTINHA 380G,1,Sem benefício identificado (tributação normal / possível ICMS-ST),-,,00/60/61,"Art. 39, Anexo II (redução, carga 12%) — só para fabricante/atacadista, excluída venda a consumidor final","Não há isenção/redução aplicável à venda ao consumidor final. O art. 39, Anexo II reduz a carga para 12% nesses capítulos, mas só para saídas de FABRICANTE OU ATACADISTA, e expressamente NÃO se aplica quando o destinatário é consumidor final — o que é sempre o caso na sua loja."
21069050,CHICLETE MENTOS PURE FRESH MINT BIG GARRAFA 92G,1,Sem benefício identificado (tributação normal / possível ICMS-ST),-,,00/60/61,"Art. 39, Anexo II (redução, carga 12%) — só para fabricante/atacadista, excluída venda a consumidor final","Não há isenção/redução aplicável à venda ao consumidor final. O art. 39, Anexo II reduz a carga para 12% nesses capítulos, mas só para saídas de FABRICANTE OU ATACADISTA, e expressamente NÃO se aplica quando o destinatário é consumidor final — o que é sempre o caso na sua loja."
21069050,CHICLETE MENTOS PURE FRESH TUTTI BIG GARRAFA 92G,1,Sem benefício identificado (tributação normal / possível ICMS-ST),-,,00/60/61,"Art. 39, Anexo II (redução, carga 12%) — só para fabricante/atacadista, excluída venda a consumidor final","Não há isenção/redução aplicável à venda ao consumidor final. O art. 39, Anexo II reduz a carga para 12% nesses capítulos, mas só para saídas de FABRICANTE OU ATACADISTA, e expressamente NÃO se aplica quando o destinatário é consumidor final — o que é sempre o caso na sua loja."
21069050,CHICLETE MENTOS PURE FRESH WINTERG BIG GARRAFA 92G,1,Sem benefício identificado (tributação normal / possível ICMS-ST),-,,00/60/61,"Art. 39, Anexo II (redução, carga 12%) — só para fabricante/atacadista, excluída venda a consumidor final","Não há isenção/redução aplicável à venda ao consumidor final. O art. 39, Anexo II reduz a carga para 12% nesses capítulos, mas só para saídas de FABRICANTE OU ATACADISTA, e expressamente NÃO se aplica quando o destinatário é consumidor final — o que é sempre o caso na sua loja."
21069050,CHICLETE MENTOS PURE FRESH WINTERGREEN GARRAFA 56G,1,Sem benefício identificado (tributação normal / possível ICMS-ST),-,,00/60/61,"Art. 39, Anexo II (redução, carga 12%) — só para fabricante/atacadista, excluída venda a consumidor final","Não há isenção/redução aplicável à venda ao consumidor final. O art. 39, Anexo II reduz a carga para 12% nesses capítulos, mas só para saídas de FABRICANTE OU ATACADISTA, e expressamente NÃO se aplica quando o destinatário é consumidor final — o que é sempre o caso na sua loja."
21069050,CHICLETE MENTOS PURE FRUIT MORANGO 56G,1,Sem benefício identificado (tributação normal / possível ICMS-ST),-,,00/60/61,"Art. 39, Anexo II (redução, carga 12%) — só para fabricante/atacadista, excluída venda a consumidor final","Não há isenção/redução aplicável à venda ao consumidor final. O art. 39, Anexo II reduz a carga para 12% nesses capítulos, mas só para saídas de FABRICANTE OU ATACADISTA, e expressamente NÃO se aplica quando o destinatário é consumidor final — o que é sempre o caso na sua loja."
21069050,"CHICLETE TRIDENT 14S BLUEBERRY 25,2G",1,Sem benefício identificado (tributação normal / possível ICMS-ST),-,,00/60/61,"Art. 39, Anexo II (redução, carga 12%) — só para fabricante/atacadista, excluída venda a consumidor final","Não há isenção/redução aplicável à venda ao consumidor final. O art. 39, Anexo II reduz a carga para 12% nesses capítulos, mas só para saídas de FABRICANTE OU ATACADISTA, e expressamente NÃO se aplica quando o destinatário é consumidor final — o que é sempre o caso na sua loja."
21069050,"CHICLETE TRIDENT 14S MENTA 25,2G",1,Sem benefício identificado (tributação normal / possível ICMS-ST),-,,00/60/61,"Art. 39, Anexo II (redução, carga 12%) — só para fabricante/atacadista, excluída venda a consumidor final","Não há isenção/redução aplicável à venda ao consumidor final. O art. 39, Anexo II reduz a carga para 12% nesses capítulos, mas só para saídas de FABRICANTE OU ATACADISTA, e expressamente NÃO se aplica quando o destinatário é consumidor final — o que é sempre o caso na sua loja."
21069050,"CHICLETE TRIDENT 14S XFRESH INTENSE 26,6G",1,Sem benefício identificado (tributação normal / possível ICMS-ST),-,,00/60/61,"Art. 39, Anexo II (redução, carga 12%) — só para fabricante/atacadista, excluída venda a consumidor final","Não há isenção/redução aplicável à venda ao consumidor final. O art. 39, Anexo II reduz a carga para 12% nesses capítulos, mas só para saídas de FABRICANTE OU ATACADISTA, e expressamente NÃO se aplica quando o destinatário é consumidor final — o que é sempre o caso na sua loja."
21069050,CHICLETE TRIDENT CANELA 8G,1,Sem benefício identificado (tributação normal / possível ICMS-ST),-,,00/60/61,"Art. 39, Anexo II (redução, carga 12%) — só para fabricante/atacadista, excluída venda a consumidor final","Não há isenção/redução aplicável à venda ao consumidor final. O art. 39, Anexo II reduz a carga para 12% nesses capítulos, mas só para saídas de FABRICANTE OU ATACADISTA, e expressamente NÃO se aplica quando o destinatário é consumidor final — o que é sempre o caso na sua loja."
21069050,CHICLETE TRIDENT FRESH CEREJA ICE 8G,1,Sem benefício identificado (tributação normal / possível ICMS-ST),-,,00/60/61,"Art. 39, Anexo II (redução, carga 12%) — só para fabricante/atacadista, excluída venda a consumidor final","Não há isenção/redução aplicável à venda ao consumidor final. O art. 39, Anexo II reduz a carga para 12% nesses capítulos, mas só para saídas de FABRICANTE OU ATACADISTA, e expressamente NÃO se aplica quando o destinatário é consumidor final — o que é sempre o caso na sua loja."
21069050,CHICLETE TRIDENT FRESH INTENSE 8G,1,Sem benefício identificado (tributação normal / possível ICMS-ST),-,,00/60/61,"Art. 39, Anexo II (redução, carga 12%) — só para fabricante/atacadista, excluída venda a consumidor final","Não há isenção/redução aplicável à venda ao consumidor final. O art. 39, Anexo II reduz a carga para 12% nesses capítulos, mas só para saídas de FABRICANTE OU ATACADISTA, e expressamente NÃO se aplica quando o destinatário é consumidor final — o que é sempre o caso na sua loja."
21069050,CHICLETE TRIDENT HORTELA 54G,1,Sem benefício identificado (tributação normal / possível ICMS-ST),-,,00/60/61,"Art. 39, Anexo II (redução, carga 12%) — só para fabricante/atacadista, excluída venda a consumidor final","Não há isenção/redução aplicável à venda ao consumidor final. O art. 39, Anexo II reduz a carga para 12% nesses capítulos, mas só para saídas de FABRICANTE OU ATACADISTA, e expressamente NÃO se aplica quando o destinatário é consumidor final — o que é sempre o caso na sua loja."
21069050,"CHICLETE TRIDENT MAX BLUEBERRY 16,5G",1,Sem benefício identificado (tributação normal / possível ICMS-ST),-,,00/60/61,"Art. 39, Anexo II (redução, carga 12%) — só para fabricante/atacadista, excluída venda a consumidor final","Não há isenção/redução aplicável à venda ao consumidor final. O art. 39, Anexo II reduz a carga para 12% nesses capítulos, mas só para saídas de FABRICANTE OU ATACADISTA, e expressamente NÃO se aplica quando o destinatário é consumidor final — o que é sempre o caso na sua loja."
21069050,"CHICLETE TRIDENT MAX COOL RASPBERRY 16,5G",1,Sem benefício identificado (tributação normal / possível ICMS-ST),-,,00/60/61,"Art. 39, Anexo II (redução, carga 12%) — só para fabricante/atacadista, excluída venda a consumidor final","Não há isenção/redução aplicável à venda ao consumidor final. O art. 39, Anexo II reduz a carga para 12% nesses capítulos, mas só para saídas de FABRICANTE OU ATACADISTA, e expressamente NÃO se aplica quando o destinatário é consumidor final — o que é sempre o caso na sua loja."
21069050,"CHICLETE TRIDENT MAX HORTELA 16,5G",1,Sem benefício identificado (tributação normal / possível ICMS-ST),-,,00/60/61,"Art. 39, Anexo II (redução, carga 12%) — só para fabricante/atacadista, excluída venda a consumidor final","Não há isenção/redução aplicável à venda ao consumidor final. O art. 39, Anexo II reduz a carga para 12% nesses capítulos, mas só para saídas de FABRICANTE OU ATACADISTA, e expressamente NÃO se aplica quando o destinatário é consumidor final — o que é sempre o caso na sua loja."
21069050,CHICLETE TRIDENT MELANCIA 8G,1,Sem benefício identificado (tributação normal / possível ICMS-ST),-,,00/60/61,"Art. 39, Anexo II (redução, carga 12%) — só para fabricante/atacadista, excluída venda a consumidor final","Não há isenção/redução aplicável à venda ao consumidor final. O art. 39, Anexo II reduz a carga para 12% nesses capítulos, mas só para saídas de FABRICANTE OU ATACADISTA, e expressamente NÃO se aplica quando o destinatário é consumidor final — o que é sempre o caso na sua loja."
21069050,CHICLETE TRIDENT MELANCIA MINT 54G,1,Sem benefício identificado (tributação normal / possível ICMS-ST),-,,00/60/61,"Art. 39, Anexo II (redução, carga 12%) — só para fabricante/atacadista, excluída venda a consumidor final","Não há isenção/redução aplicável à venda ao consumidor final. O art. 39, Anexo II reduz a carga para 12% nesses capítulos, mas só para saídas de FABRICANTE OU ATACADISTA, e expressamente NÃO se aplica quando o destinatário é consumidor final — o que é sempre o caso na sua loja."
21069050,CHICLETE TRIDENT MENTA 8G,2,Sem benefício identificado (tributação normal / possível ICMS-ST),-,,00/60/61,"Art. 39, Anexo II (redução, carga 12%) — só para fabricante/atacadista, excluída venda a consumidor final","Não há isenção/redução aplicável à venda ao consumidor final. O art. 39, Anexo II reduz a carga para 12% nesses capítulos, mas só para saídas de FABRICANTE OU ATACADISTA, e expressamente NÃO se aplica quando o destinatário é consumidor final — o que é sempre o caso na sua loja."
21069050,CHICLETE TRIDENT MORANGO 8G,1,Sem benefício identificado (tributação normal / possível ICMS-ST),-,,00/60/61,"Art. 39, Anexo II (redução, carga 12%) — só para fabricante/atacadista, excluída venda a consumidor final","Não há isenção/redução aplicável à venda ao consumidor final. O art. 39, Anexo II reduz a carga para 12% nesses capítulos, mas só para saídas de FABRICANTE OU ATACADISTA, e expressamente NÃO se aplica quando o destinatário é consumidor final — o que é sempre o caso na sua loja."
21069050,CHICLETE TRIDENT MORANGO LIME 54G,1,Sem benefício identificado (tributação normal / possível ICMS-ST),-,,00/60/61,"Art. 39, Anexo II (redução, carga 12%) — só para fabricante/atacadista, excluída venda a consumidor final","Não há isenção/redução aplicável à venda ao consumidor final. O art. 39, Anexo II reduz a carga para 12% nesses capítulos, mas só para saídas de FABRICANTE OU ATACADISTA, e expressamente NÃO se aplica quando o destinatário é consumidor final — o que é sempre o caso na sua loja."
21069050,CHICLETE TRIDENT REGULAR HORTELA 8G,1,Sem benefício identificado (tributação normal / possível ICMS-ST),-,,00/60/61,"Art. 39, Anexo II (redução, carga 12%) — só para fabricante/atacadista, excluída venda a consumidor final","Não há isenção/redução aplicável à venda ao consumidor final. O art. 39, Anexo II reduz a carga para 12% nesses capítulos, mas só para saídas de FABRICANTE OU ATACADISTA, e expressamente NÃO se aplica quando o destinatário é consumidor final — o que é sempre o caso na sua loja."
21069050,CHICLETE TRIDENT TUTTI FRUTTI 8G,1,Sem benefício identificado (tributação normal / possível ICMS-ST),-,,00/60/61,"Art. 39, Anexo II (redução, carga 12%) — só para fabricante/atacadista, excluída venda a consumidor final","Não há isenção/redução aplicável à venda ao consumidor final. O art. 39, Anexo II reduz a carga para 12% nesses capítulos, mas só para saídas de FABRICANTE OU ATACADISTA, e expressamente NÃO se aplica quando o destinatário é consumidor final — o que é sempre o caso na sua loja."
21069050,CHICLETE TRIDENT X SENSES SPEARMINT 54G,1,Sem benefício identificado (tributação normal / possível ICMS-ST),-,,00/60/61,"Art. 39, Anexo II (redução, carga 12%) — só para fabricante/atacadista, excluída venda a consumidor final","Não há isenção/redução aplicável à venda ao consumidor final. O art. 39, Anexo II reduz a carga para 12% nesses capítulos, mas só para saídas de FABRICANTE OU ATACADISTA, e expressamente NÃO se aplica quando o destinatário é consumidor final — o que é sempre o caso na sua loja."
21069060,BALA FLOPI FRUTAS 40G,1,Sem benefício identificado (tributação normal / possível ICMS-ST),-,,00/60/61,"Art. 39, Anexo II (redução, carga 12%) — só para fabricante/atacadista, excluída venda a consumidor final","Não há isenção/redução aplicável à venda ao consumidor final. O art. 39, Anexo II reduz a carga para 12% nesses capítulos, mas só para saídas de FABRICANTE OU ATACADISTA, e expressamente NÃO se aplica quando o destinatário é consumidor final — o que é sempre o caso na sua loja."
21069060,BALA MENTOS KISS MINT LT AZUL 35G,1,Sem benefício identificado (tributação normal / possível ICMS-ST),-,,00/60/61,"Art. 39, Anexo II (redução, carga 12%) — só para fabricante/atacadista, excluída venda a consumidor final","Não há isenção/redução aplicável à venda ao consumidor final. O art. 39, Anexo II reduz a carga para 12% nesses capítulos, mas só para saídas de FABRICANTE OU ATACADISTA, e expressamente NÃO se aplica quando o destinatário é consumidor final — o que é sempre o caso na sua loja."
21069060,BALA MENTOS KISS MORANGO 35G,1,Sem benefício identificado (tributação normal / possível ICMS-ST),-,,00/60/61,"Art. 39, Anexo II (redução, carga 12%) — só para fabricante/atacadista, excluída venda a consumidor final","Não há isenção/redução aplicável à venda ao consumidor final. O art. 39, Anexo II reduz a carga para 12% nesses capítulos, mas só para saídas de FABRICANTE OU ATACADISTA, e expressamente NÃO se aplica quando o destinatário é consumidor final — o que é sempre o caso na sua loja."
21069060,"PASTILHA TIC TAC TWO FRAMBOESA E LIMAO 38,5G",1,Sem benefício identificado (tributação normal / possível ICMS-ST),-,,00/60/61,"Art. 39, Anexo II (redução, carga 12%) — só para fabricante/atacadista, excluída venda a consumidor final","Não há isenção/redução aplicável à venda ao consumidor final. O art. 39, Anexo II reduz a carga para 12% nesses capítulos, mas só para saídas de FABRICANTE OU ATACADISTA, e expressamente NÃO se aplica quando o destinatário é consumidor final — o que é sempre o caso na sua loja."
21069090,ACAI FROOTY ORGINAL TUBE 80G,1,Sem benefício identificado (tributação normal / possível ICMS-ST),-,,00/60/61,"Art. 39, Anexo II (redução, carga 12%) — só para fabricante/atacadista, excluída venda a consumidor final","Não há isenção/redução aplicável à venda ao consumidor final. O art. 39, Anexo II reduz a carga para 12% nesses capítulos, mas só para saídas de FABRICANTE OU ATACADISTA, e expressamente NÃO se aplica quando o destinatário é consumidor final — o que é sempre o caso na sua loja."
21069090,ACAI FRUTA BRASILEIRA BANANA C/ GRANOLA 220ML,1,Sem benefício identificado (tributação normal / possível ICMS-ST),-,,00/60/61,"Art. 39, Anexo II (redução, carga 12%) — só para fabricante/atacadista, excluída venda a consumidor final","Não há isenção/redução aplicável à venda ao consumidor final. O art. 39, Anexo II reduz a carga para 12% nesses capítulos, mas só para saídas de FABRICANTE OU ATACADISTA, e expressamente NÃO se aplica quando o destinatário é consumidor final — o que é sempre o caso na sua loja."
21069090,ACAI FRUTA BRASILEIRA C GUARANA 500G,1,Sem benefício identificado (tributação normal / possível ICMS-ST),-,,00/60/61,"Art. 39, Anexo II (redução, carga 12%) — só para fabricante/atacadista, excluída venda a consumidor final","Não há isenção/redução aplicável à venda ao consumidor final. O art. 39, Anexo II reduz a carga para 12% nesses capítulos, mas só para saídas de FABRICANTE OU ATACADISTA, e expressamente NÃO se aplica quando o destinatário é consumidor final — o que é sempre o caso na sua loja."
21069090,ADOCANTE LIQ ZERO CAL SACARINA 100ML,1,Sem benefício identificado (tributação normal / possível ICMS-ST),-,,00/60/61,"Art. 39, Anexo II (redução, carga 12%) — só para fabricante/atacadista, excluída venda a consumidor final","Não há isenção/redução aplicável à venda ao consumidor final. O art. 39, Anexo II reduz a carga para 12% nesses capítulos, mas só para saídas de FABRICANTE OU ATACADISTA, e expressamente NÃO se aplica quando o destinatário é consumidor final — o que é sempre o caso na sua loja."
21069090,ADOCANTE PARA USO,2,Sem benefício identificado (tributação normal / possível ICMS-ST),-,,00/60/61,"Art. 39, Anexo II (redução, carga 12%) — só para fabricante/atacadista, excluída venda a consumidor final","Não há isenção/redução aplicável à venda ao consumidor final. O art. 39, Anexo II reduz a carga para 12% nesses capítulos, mas só para saídas de FABRICANTE OU ATACADISTA, e expressamente NÃO se aplica quando o destinatário é consumidor final — o que é sempre o caso na sua loja."
21069090,BARRA NUTRATA WHEY GREGO BAR TORTA DE LIMAO 40G,1,Sem benefício identificado (tributação normal / possível ICMS-ST),-,,00/60/61,"Art. 39, Anexo II (redução, carga 12%) — só para fabricante/atacadista, excluída venda a consumidor final","Não há isenção/redução aplicável à venda ao consumidor final. O art. 39, Anexo II reduz a carga para 12% nesses capítulos, mas só para saídas de FABRICANTE OU ATACADISTA, e expressamente NÃO se aplica quando o destinatário é consumidor final — o que é sempre o caso na sua loja."
21069090,BARRA NUTRATA WHEY GREGO DOCE LEIT HAVANNA 40G,1,Sem benefício identificado (tributação normal / possível ICMS-ST),-,,00/60/61,"Art. 39, Anexo II (redução, carga 12%) — só para fabricante/atacadista, excluída venda a consumidor final","Não há isenção/redução aplicável à venda ao consumidor final. O art. 39, Anexo II reduz a carga para 12% nesses capítulos, mas só para saídas de FABRICANTE OU ATACADISTA, e expressamente NÃO se aplica quando o destinatário é consumidor final — o que é sempre o caso na sua loja."
21069090,CHA DR OETKER MISTO 15G,1,Sem benefício identificado (tributação normal / possível ICMS-ST),-,,00/60/61,"Art. 39, Anexo II (redução, carga 12%) — só para fabricante/atacadista, excluída venda a consumidor final","Não há isenção/redução aplicável à venda ao consumidor final. O art. 39, Anexo II reduz a carga para 12% nesses capítulos, mas só para saídas de FABRICANTE OU ATACADISTA, e expressamente NÃO se aplica quando o destinatário é consumidor final — o que é sempre o caso na sua loja."
21069090,CHA OETKER DOCES SONHOS 15G,1,Sem benefício identificado (tributação normal / possível ICMS-ST),-,,00/60/61,"Art. 39, Anexo II (redução, carga 12%) — só para fabricante/atacadista, excluída venda a consumidor final","Não há isenção/redução aplicável à venda ao consumidor final. O art. 39, Anexo II reduz a carga para 12% nesses capítulos, mas só para saídas de FABRICANTE OU ATACADISTA, e expressamente NÃO se aplica quando o destinatário é consumidor final — o que é sempre o caso na sua loja."
21069090,COBERTURA PARA SORVETE DR OETKER CHOCOLATE 190G,1,Sem benefício identificado (tributação normal / possível ICMS-ST),-,,00/60/61,"Art. 39, Anexo II (redução, carga 12%) — só para fabricante/atacadista, excluída venda a consumidor final","Não há isenção/redução aplicável à venda ao consumidor final. O art. 39, Anexo II reduz a carga para 12% nesses capítulos, mas só para saídas de FABRICANTE OU ATACADISTA, e expressamente NÃO se aplica quando o destinatário é consumidor final — o que é sempre o caso na sua loja."
21069090,COBERTURA PARA SORVETE DR OETKER MORANGO 190G,1,Sem benefício identificado (tributação normal / possível ICMS-ST),-,,00/60/61,"Art. 39, Anexo II (redução, carga 12%) — só para fabricante/atacadista, excluída venda a consumidor final","Não há isenção/redução aplicável à venda ao consumidor final. O art. 39, Anexo II reduz a carga para 12% nesses capítulos, mas só para saídas de FABRICANTE OU ATACADISTA, e expressamente NÃO se aplica quando o destinatário é consumidor final — o que é sempre o caso na sua loja."
21069090,GELEIA DE MOCOTO CASEIRA TEREZOPOLIS C/ CANELA 60G,1,Sem benefício identificado (tributação normal / possível ICMS-ST),-,,00/60/61,"Art. 39, Anexo II (redução, carga 12%) — só para fabricante/atacadista, excluída venda a consumidor final","Não há isenção/redução aplicável à venda ao consumidor final. O art. 39, Anexo II reduz a carga para 12% nesses capítulos, mas só para saídas de FABRICANTE OU ATACADISTA, e expressamente NÃO se aplica quando o destinatário é consumidor final — o que é sempre o caso na sua loja."
21069090,MAT PRIMA CHANTILLY 1L,1,Sem benefício identificado (tributação normal / possível ICMS-ST),-,,00/60/61,"Art. 39, Anexo II (redução, carga 12%) — só para fabricante/atacadista, excluída venda a consumidor final","Não há isenção/redução aplicável à venda ao consumidor final. O art. 39, Anexo II reduz a carga para 12% nesses capítulos, mas só para saídas de FABRICANTE OU ATACADISTA, e expressamente NÃO se aplica quando o destinatário é consumidor final — o que é sempre o caso na sua loja."
21069090,MAT PRIMA CREME DE LEITE KG,1,Sem benefício identificado (tributação normal / possível ICMS-ST),-,,00/60/61,"Art. 39, Anexo II (redução, carga 12%) — só para fabricante/atacadista, excluída venda a consumidor final","Não há isenção/redução aplicável à venda ao consumidor final. O art. 39, Anexo II reduz a carga para 12% nesses capítulos, mas só para saídas de FABRICANTE OU ATACADISTA, e expressamente NÃO se aplica quando o destinatário é consumidor final — o que é sempre o caso na sua loja."
21069090,PRONTO CARNE MOIDA 300G,1,Sem benefício identificado (tributação normal / possível ICMS-ST),-,,00/60/61,"Art. 39, Anexo II (redução, carga 12%) — só para fabricante/atacadista, excluída venda a consumidor final","Não há isenção/redução aplicável à venda ao consumidor final. O art. 39, Anexo II reduz a carga para 12% nesses capítulos, mas só para saídas de FABRICANTE OU ATACADISTA, e expressamente NÃO se aplica quando o destinatário é consumidor final — o que é sempre o caso na sua loja."
21069090,PRONTO PICADINHO DE FRALDINHA 300G,1,Sem benefício identificado (tributação normal / possível ICMS-ST),-,,00/60/61,"Art. 39, Anexo II (redução, carga 12%) — só para fabricante/atacadista, excluída venda a consumidor final","Não há isenção/redução aplicável à venda ao consumidor final. O art. 39, Anexo II reduz a carga para 12% nesses capítulos, mas só para saídas de FABRICANTE OU ATACADISTA, e expressamente NÃO se aplica quando o destinatário é consumidor final — o que é sempre o caso na sua loja."
21069090,PRONTO STROGONOFF DE FRANGO 300G,1,Sem benefício identificado (tributação normal / possível ICMS-ST),-,,00/60/61,"Art. 39, Anexo II (redução, carga 12%) — só para fabricante/atacadista, excluída venda a consumidor final","Não há isenção/redução aplicável à venda ao consumidor final. O art. 39, Anexo II reduz a carga para 12% nesses capítulos, mas só para saídas de FABRICANTE OU ATACADISTA, e expressamente NÃO se aplica quando o destinatário é consumidor final — o que é sempre o caso na sua loja."
22011000,AGUA MINERAL ACQUISSIMA  C/ GAS 510ML,1,Sem benefício de ICMS (produto sujeito a ICMS-ST),-,,60,,"Bebidas em geral estão no regime de Substituição Tributária em SP; ICMS já recolhido pelo fabricante/distribuidor. Sem cBenef na revenda ao consumidor final (exceto água mineral em galão retornável de 10 ou 20 litros, que tem isenção própria — não identificado nesta lista)."
22011000,AGUA MINERAL ACQUISSIMA PERSON S/G 510ML,1,Sem benefício de ICMS (produto sujeito a ICMS-ST),-,,60,,"Bebidas em geral estão no regime de Substituição Tributária em SP; ICMS já recolhido pelo fabricante/distribuidor. Sem cBenef na revenda ao consumidor final (exceto água mineral em galão retornável de 10 ou 20 litros, que tem isenção própria — não identificado nesta lista)."
22011000,AGUA MINERAL BIOLEVE SEM GAS 1.5L,1,Sem benefício de ICMS (produto sujeito a ICMS-ST),-,,60,,"Bebidas em geral estão no regime de Substituição Tributária em SP; ICMS já recolhido pelo fabricante/distribuidor. Sem cBenef na revenda ao consumidor final (exceto água mineral em galão retornável de 10 ou 20 litros, que tem isenção própria — não identificado nesta lista)."
22011000,"AGUA MINERAL CRYSTAL COM GAS 1,5L",1,Sem benefício de ICMS (produto sujeito a ICMS-ST),-,,60,,"Bebidas em geral estão no regime de Substituição Tributária em SP; ICMS já recolhido pelo fabricante/distribuidor. Sem cBenef na revenda ao consumidor final (exceto água mineral em galão retornável de 10 ou 20 litros, que tem isenção própria — não identificado nesta lista)."
22011000,AGUA MINERAL CRYSTAL COM GAS 500ML,1,Sem benefício de ICMS (produto sujeito a ICMS-ST),-,,60,,"Bebidas em geral estão no regime de Substituição Tributária em SP; ICMS já recolhido pelo fabricante/distribuidor. Sem cBenef na revenda ao consumidor final (exceto água mineral em galão retornável de 10 ou 20 litros, que tem isenção própria — não identificado nesta lista)."
22011000,"AGUA MINERAL CRYSTAL SEM GAS 1,5L",1,Sem benefício de ICMS (produto sujeito a ICMS-ST),-,,60,,"Bebidas em geral estão no regime de Substituição Tributária em SP; ICMS já recolhido pelo fabricante/distribuidor. Sem cBenef na revenda ao consumidor final (exceto água mineral em galão retornável de 10 ou 20 litros, que tem isenção própria — não identificado nesta lista)."
22011000,AGUA MINERAL CRYSTAL SEM GAS 500ML,1,Sem benefício de ICMS (produto sujeito a ICMS-ST),-,,60,,"Bebidas em geral estão no regime de Substituição Tributária em SP; ICMS já recolhido pelo fabricante/distribuidor. Sem cBenef na revenda ao consumidor final (exceto água mineral em galão retornável de 10 ou 20 litros, que tem isenção própria — não identificado nesta lista)."
22011000,AGUA MINERAL LEVITY C/ GAS 510ML,1,Sem benefício de ICMS (produto sujeito a ICMS-ST),-,,60,,"Bebidas em geral estão no regime de Substituição Tributária em SP; ICMS já recolhido pelo fabricante/distribuidor. Sem cBenef na revenda ao consumidor final (exceto água mineral em galão retornável de 10 ou 20 litros, que tem isenção própria — não identificado nesta lista)."
22011000,AGUA MINERAL LEVITY S/ GAS 1500ML,1,Sem benefício de ICMS (produto sujeito a ICMS-ST),-,,60,,"Bebidas em geral estão no regime de Substituição Tributária em SP; ICMS já recolhido pelo fabricante/distribuidor. Sem cBenef na revenda ao consumidor final (exceto água mineral em galão retornável de 10 ou 20 litros, que tem isenção própria — não identificado nesta lista)."
22011000,AGUA MINERAL LEVITY S/ GAS 510ML,1,Sem benefício de ICMS (produto sujeito a ICMS-ST),-,,60,,"Bebidas em geral estão no regime de Substituição Tributária em SP; ICMS já recolhido pelo fabricante/distribuidor. Sem cBenef na revenda ao consumidor final (exceto água mineral em galão retornável de 10 ou 20 litros, que tem isenção própria — não identificado nesta lista)."
22011000,AGUA MINERAL MINALBA COM GAS 510ML,1,Sem benefício de ICMS (produto sujeito a ICMS-ST),-,,60,,"Bebidas em geral estão no regime de Substituição Tributária em SP; ICMS já recolhido pelo fabricante/distribuidor. Sem cBenef na revenda ao consumidor final (exceto água mineral em galão retornável de 10 ou 20 litros, que tem isenção própria — não identificado nesta lista)."
22011000,"AGUA MINERAL MINALBA SEM GAS 1,5L",1,Sem benefício de ICMS (produto sujeito a ICMS-ST),-,,60,,"Bebidas em geral estão no regime de Substituição Tributária em SP; ICMS já recolhido pelo fabricante/distribuidor. Sem cBenef na revenda ao consumidor final (exceto água mineral em galão retornável de 10 ou 20 litros, que tem isenção própria — não identificado nesta lista)."
22011000,AGUA MINERAL MINALBA SEM GAS 500ML,1,Sem benefício de ICMS (produto sujeito a ICMS-ST),-,,60,,"Bebidas em geral estão no regime de Substituição Tributária em SP; ICMS já recolhido pelo fabricante/distribuidor. Sem cBenef na revenda ao consumidor final (exceto água mineral em galão retornável de 10 ou 20 litros, que tem isenção própria — não identificado nesta lista)."
22011000,AGUA MINERAL MINALICE 5L,1,Sem benefício de ICMS (produto sujeito a ICMS-ST),-,,60,,"Bebidas em geral estão no regime de Substituição Tributária em SP; ICMS já recolhido pelo fabricante/distribuidor. Sem cBenef na revenda ao consumidor final (exceto água mineral em galão retornável de 10 ou 20 litros, que tem isenção própria — não identificado nesta lista)."
22011000,AGUA MINERAL SAO LOURENCO COM GAS 300ML,1,Sem benefício de ICMS (produto sujeito a ICMS-ST),-,,60,,"Bebidas em geral estão no regime de Substituição Tributária em SP; ICMS já recolhido pelo fabricante/distribuidor. Sem cBenef na revenda ao consumidor final (exceto água mineral em galão retornável de 10 ou 20 litros, que tem isenção própria — não identificado nesta lista)."
22011000,"SODA ACQUAMIX 1,5 LTS",1,Sem benefício de ICMS (produto sujeito a ICMS-ST),-,,60,,"Bebidas em geral estão no regime de Substituição Tributária em SP; ICMS já recolhido pelo fabricante/distribuidor. Sem cBenef na revenda ao consumidor final (exceto água mineral em galão retornável de 10 ou 20 litros, que tem isenção própria — não identificado nesta lista)."
22019000,GELO CUBO SACO DE 2KG.,1,Sem benefício de ICMS (produto sujeito a ICMS-ST),-,,60,,"Bebidas em geral estão no regime de Substituição Tributária em SP; ICMS já recolhido pelo fabricante/distribuidor. Sem cBenef na revenda ao consumidor final (exceto água mineral em galão retornável de 10 ou 20 litros, que tem isenção própria — não identificado nesta lista)."
22019000,GELO CUBO SACO DE 5KG,1,Sem benefício de ICMS (produto sujeito a ICMS-ST),-,,60,,"Bebidas em geral estão no regime de Substituição Tributária em SP; ICMS já recolhido pelo fabricante/distribuidor. Sem cBenef na revenda ao consumidor final (exceto água mineral em galão retornável de 10 ou 20 litros, que tem isenção própria — não identificado nesta lista)."
22019000,GELO MOIDO SACO DE 10KG,1,Sem benefício de ICMS (produto sujeito a ICMS-ST),-,,60,,"Bebidas em geral estão no regime de Substituição Tributária em SP; ICMS já recolhido pelo fabricante/distribuidor. Sem cBenef na revenda ao consumidor final (exceto água mineral em galão retornável de 10 ou 20 litros, que tem isenção própria — não identificado nesta lista)."
22021000,"AGUA SABORIZADA H2OH LIMAO 1,5L",1,Sem benefício de ICMS (produto sujeito a ICMS-ST),-,,60,,"Bebidas em geral estão no regime de Substituição Tributária em SP; ICMS já recolhido pelo fabricante/distribuidor. Sem cBenef na revenda ao consumidor final (exceto água mineral em galão retornável de 10 ou 20 litros, que tem isenção própria — não identificado nesta lista)."
22021000,AGUA SABORIZADA H2OH LIMAO 500ML,1,Sem benefício de ICMS (produto sujeito a ICMS-ST),-,,60,,"Bebidas em geral estão no regime de Substituição Tributária em SP; ICMS já recolhido pelo fabricante/distribuidor. Sem cBenef na revenda ao consumidor final (exceto água mineral em galão retornável de 10 ou 20 litros, que tem isenção própria — não identificado nesta lista)."
22021000,"AGUA SABORIZADA H2OH LIMONETO 1,5L",1,Sem benefício de ICMS (produto sujeito a ICMS-ST),-,,60,,"Bebidas em geral estão no regime de Substituição Tributária em SP; ICMS já recolhido pelo fabricante/distribuidor. Sem cBenef na revenda ao consumidor final (exceto água mineral em galão retornável de 10 ou 20 litros, que tem isenção própria — não identificado nesta lista)."
22021000,AGUA SABORIZADA H2OH LIMONETO 500ML,1,Sem benefício de ICMS (produto sujeito a ICMS-ST),-,,60,,"Bebidas em geral estão no regime de Substituição Tributária em SP; ICMS já recolhido pelo fabricante/distribuidor. Sem cBenef na revenda ao consumidor final (exceto água mineral em galão retornável de 10 ou 20 litros, que tem isenção própria — não identificado nesta lista)."
22021000,AGUA TONICA ANTARCTICA 350ML,2,Sem benefício de ICMS (produto sujeito a ICMS-ST),-,,60,,"Bebidas em geral estão no regime de Substituição Tributária em SP; ICMS já recolhido pelo fabricante/distribuidor. Sem cBenef na revenda ao consumidor final (exceto água mineral em galão retornável de 10 ou 20 litros, que tem isenção própria — não identificado nesta lista)."
22021000,AGUA TONICA ANTARCTICA ZERO 350ML,2,Sem benefício de ICMS (produto sujeito a ICMS-ST),-,,60,,"Bebidas em geral estão no regime de Substituição Tributária em SP; ICMS já recolhido pelo fabricante/distribuidor. Sem cBenef na revenda ao consumidor final (exceto água mineral em galão retornável de 10 ou 20 litros, que tem isenção própria — não identificado nesta lista)."
22021000,AGUA TONICA SCHWEPPES  350ML,1,Sem benefício de ICMS (produto sujeito a ICMS-ST),-,,60,,"Bebidas em geral estão no regime de Substituição Tributária em SP; ICMS já recolhido pelo fabricante/distribuidor. Sem cBenef na revenda ao consumidor final (exceto água mineral em galão retornável de 10 ou 20 litros, que tem isenção própria — não identificado nesta lista)."
22021000,CHA PRONTO LEAO FUZE PESSEGO 450ML,1,Sem benefício de ICMS (produto sujeito a ICMS-ST),-,,60,,"Bebidas em geral estão no regime de Substituição Tributária em SP; ICMS já recolhido pelo fabricante/distribuidor. Sem cBenef na revenda ao consumidor final (exceto água mineral em galão retornável de 10 ou 20 litros, que tem isenção própria — não identificado nesta lista)."
22021000,CHA PRONTO MATTE LEAO LIMAO 450ML,1,Sem benefício de ICMS (produto sujeito a ICMS-ST),-,,60,,"Bebidas em geral estão no regime de Substituição Tributária em SP; ICMS já recolhido pelo fabricante/distribuidor. Sem cBenef na revenda ao consumidor final (exceto água mineral em galão retornável de 10 ou 20 litros, que tem isenção própria — não identificado nesta lista)."
22021000,"CHA PRONTO MATTE LEAO MATE LIMAO 1,5L",1,Sem benefício de ICMS (produto sujeito a ICMS-ST),-,,60,,"Bebidas em geral estão no regime de Substituição Tributária em SP; ICMS já recolhido pelo fabricante/distribuidor. Sem cBenef na revenda ao consumidor final (exceto água mineral em galão retornável de 10 ou 20 litros, que tem isenção própria — não identificado nesta lista)."
22021000,CHA PRONTO MATTE LEAO NAT 450ML,1,Sem benefício de ICMS (produto sujeito a ICMS-ST),-,,60,,"Bebidas em geral estão no regime de Substituição Tributária em SP; ICMS já recolhido pelo fabricante/distribuidor. Sem cBenef na revenda ao consumidor final (exceto água mineral em galão retornável de 10 ou 20 litros, que tem isenção própria — não identificado nesta lista)."
22021000,COCA COLA 1L VIDRO,1,Sem benefício de ICMS (produto sujeito a ICMS-ST),-,,60,,"Bebidas em geral estão no regime de Substituição Tributária em SP; ICMS já recolhido pelo fabricante/distribuidor. Sem cBenef na revenda ao consumidor final (exceto água mineral em galão retornável de 10 ou 20 litros, que tem isenção própria — não identificado nesta lista)."
22021000,COCA COLA 2 LT RETORNÁVEL,1,Sem benefício de ICMS (produto sujeito a ICMS-ST),-,,60,,"Bebidas em geral estão no regime de Substituição Tributária em SP; ICMS já recolhido pelo fabricante/distribuidor. Sem cBenef na revenda ao consumidor final (exceto água mineral em galão retornável de 10 ou 20 litros, que tem isenção própria — não identificado nesta lista)."
22021000,REFRIGERANTE ANTARCTICA GUARANA 200ML,1,Sem benefício de ICMS (produto sujeito a ICMS-ST),-,,60,,"Bebidas em geral estão no regime de Substituição Tributária em SP; ICMS já recolhido pelo fabricante/distribuidor. Sem cBenef na revenda ao consumidor final (exceto água mineral em galão retornável de 10 ou 20 litros, que tem isenção própria — não identificado nesta lista)."
22021000,REFRIGERANTE ANTARCTICA GUARANA 2L,1,Sem benefício de ICMS (produto sujeito a ICMS-ST),-,,60,,"Bebidas em geral estão no regime de Substituição Tributária em SP; ICMS já recolhido pelo fabricante/distribuidor. Sem cBenef na revenda ao consumidor final (exceto água mineral em galão retornável de 10 ou 20 litros, que tem isenção própria — não identificado nesta lista)."
22021000,REFRIGERANTE ANTARCTICA GUARANA 350ML,1,Sem benefício de ICMS (produto sujeito a ICMS-ST),-,,60,,"Bebidas em geral estão no regime de Substituição Tributária em SP; ICMS já recolhido pelo fabricante/distribuidor. Sem cBenef na revenda ao consumidor final (exceto água mineral em galão retornável de 10 ou 20 litros, que tem isenção própria — não identificado nesta lista)."
22021000,REFRIGERANTE ANTARCTICA GUARANA ZERO 350ML,1,Sem benefício de ICMS (produto sujeito a ICMS-ST),-,,60,,"Bebidas em geral estão no regime de Substituição Tributária em SP; ICMS já recolhido pelo fabricante/distribuidor. Sem cBenef na revenda ao consumidor final (exceto água mineral em galão retornável de 10 ou 20 litros, que tem isenção própria — não identificado nesta lista)."
22021000,REFRIGERANTE ANTARCTICA GUARANA ZERO 600ML,1,Sem benefício de ICMS (produto sujeito a ICMS-ST),-,,60,,"Bebidas em geral estão no regime de Substituição Tributária em SP; ICMS já recolhido pelo fabricante/distribuidor. Sem cBenef na revenda ao consumidor final (exceto água mineral em galão retornável de 10 ou 20 litros, que tem isenção própria — não identificado nesta lista)."
22021000,REFRIGERANTE COCA COLA 200ML,1,Sem benefício de ICMS (produto sujeito a ICMS-ST),-,,60,,"Bebidas em geral estão no regime de Substituição Tributária em SP; ICMS já recolhido pelo fabricante/distribuidor. Sem cBenef na revenda ao consumidor final (exceto água mineral em galão retornável de 10 ou 20 litros, que tem isenção própria — não identificado nesta lista)."
22021000,REFRIGERANTE COCA COLA 2L,1,Sem benefício de ICMS (produto sujeito a ICMS-ST),-,,60,,"Bebidas em geral estão no regime de Substituição Tributária em SP; ICMS já recolhido pelo fabricante/distribuidor. Sem cBenef na revenda ao consumidor final (exceto água mineral em galão retornável de 10 ou 20 litros, que tem isenção própria — não identificado nesta lista)."
22021000,REFRIGERANTE COCA COLA 350ML,2,Sem benefício de ICMS (produto sujeito a ICMS-ST),-,,60,,"Bebidas em geral estão no regime de Substituição Tributária em SP; ICMS já recolhido pelo fabricante/distribuidor. Sem cBenef na revenda ao consumidor final (exceto água mineral em galão retornável de 10 ou 20 litros, que tem isenção própria — não identificado nesta lista)."
22021000,REFRIGERANTE COCA COLA 600ML,1,Sem benefício de ICMS (produto sujeito a ICMS-ST),-,,60,,"Bebidas em geral estão no regime de Substituição Tributária em SP; ICMS já recolhido pelo fabricante/distribuidor. Sem cBenef na revenda ao consumidor final (exceto água mineral em galão retornável de 10 ou 20 litros, que tem isenção própria — não identificado nesta lista)."
22021000,REFRIGERANTE COCA COLA CAFE LT 220ML,1,Sem benefício de ICMS (produto sujeito a ICMS-ST),-,,60,,"Bebidas em geral estão no regime de Substituição Tributária em SP; ICMS já recolhido pelo fabricante/distribuidor. Sem cBenef na revenda ao consumidor final (exceto água mineral em galão retornável de 10 ou 20 litros, que tem isenção própria — não identificado nesta lista)."
22021000,REFRIGERANTE COCA COLA LT 220ML,1,Sem benefício de ICMS (produto sujeito a ICMS-ST),-,,60,,"Bebidas em geral estão no regime de Substituição Tributária em SP; ICMS já recolhido pelo fabricante/distribuidor. Sem cBenef na revenda ao consumidor final (exceto água mineral em galão retornável de 10 ou 20 litros, que tem isenção própria — não identificado nesta lista)."
22021000,REFRIGERANTE COCA COLA ZERO 200ML,1,Sem benefício de ICMS (produto sujeito a ICMS-ST),-,,60,,"Bebidas em geral estão no regime de Substituição Tributária em SP; ICMS já recolhido pelo fabricante/distribuidor. Sem cBenef na revenda ao consumidor final (exceto água mineral em galão retornável de 10 ou 20 litros, que tem isenção própria — não identificado nesta lista)."
22021000,REFRIGERANTE COCA COLA ZERO 2L,2,Sem benefício de ICMS (produto sujeito a ICMS-ST),-,,60,,"Bebidas em geral estão no regime de Substituição Tributária em SP; ICMS já recolhido pelo fabricante/distribuidor. Sem cBenef na revenda ao consumidor final (exceto água mineral em galão retornável de 10 ou 20 litros, que tem isenção própria — não identificado nesta lista)."
22021000,REFRIGERANTE COCA COLA ZERO 350ML,2,Sem benefício de ICMS (produto sujeito a ICMS-ST),-,,60,,"Bebidas em geral estão no regime de Substituição Tributária em SP; ICMS já recolhido pelo fabricante/distribuidor. Sem cBenef na revenda ao consumidor final (exceto água mineral em galão retornável de 10 ou 20 litros, que tem isenção própria — não identificado nesta lista)."
22021000,REFRIGERANTE COCA COLA ZERO 600ML,2,Sem benefício de ICMS (produto sujeito a ICMS-ST),-,,60,,"Bebidas em geral estão no regime de Substituição Tributária em SP; ICMS já recolhido pelo fabricante/distribuidor. Sem cBenef na revenda ao consumidor final (exceto água mineral em galão retornável de 10 ou 20 litros, que tem isenção própria — não identificado nesta lista)."
22021000,REFRIGERANTE COCA COLA ZERO LT 220ML,1,Sem benefício de ICMS (produto sujeito a ICMS-ST),-,,60,,"Bebidas em geral estão no regime de Substituição Tributária em SP; ICMS já recolhido pelo fabricante/distribuidor. Sem cBenef na revenda ao consumidor final (exceto água mineral em galão retornável de 10 ou 20 litros, que tem isenção própria — não identificado nesta lista)."
22021000,REFRIGERANTE FANTA LARANJA 2L,1,Sem benefício de ICMS (produto sujeito a ICMS-ST),-,,60,,"Bebidas em geral estão no regime de Substituição Tributária em SP; ICMS já recolhido pelo fabricante/distribuidor. Sem cBenef na revenda ao consumidor final (exceto água mineral em galão retornável de 10 ou 20 litros, que tem isenção própria — não identificado nesta lista)."
22021000,REFRIGERANTE FANTA LARANJA 350ML,1,Sem benefício de ICMS (produto sujeito a ICMS-ST),-,,60,,"Bebidas em geral estão no regime de Substituição Tributária em SP; ICMS já recolhido pelo fabricante/distribuidor. Sem cBenef na revenda ao consumidor final (exceto água mineral em galão retornável de 10 ou 20 litros, que tem isenção própria — não identificado nesta lista)."
22021000,REFRIGERANTE FANTA LARANJA 600ML,1,Sem benefício de ICMS (produto sujeito a ICMS-ST),-,,60,,"Bebidas em geral estão no regime de Substituição Tributária em SP; ICMS já recolhido pelo fabricante/distribuidor. Sem cBenef na revenda ao consumidor final (exceto água mineral em galão retornável de 10 ou 20 litros, que tem isenção própria — não identificado nesta lista)."
22021000,REFRIGERANTE FANTA UVA 350ML,1,Sem benefício de ICMS (produto sujeito a ICMS-ST),-,,60,,"Bebidas em geral estão no regime de Substituição Tributária em SP; ICMS já recolhido pelo fabricante/distribuidor. Sem cBenef na revenda ao consumidor final (exceto água mineral em galão retornável de 10 ou 20 litros, que tem isenção própria — não identificado nesta lista)."
22021000,REFRIGERANTE GUARANA ANTARCTICA 1L,1,Sem benefício de ICMS (produto sujeito a ICMS-ST),-,,60,,"Bebidas em geral estão no regime de Substituição Tributária em SP; ICMS já recolhido pelo fabricante/distribuidor. Sem cBenef na revenda ao consumidor final (exceto água mineral em galão retornável de 10 ou 20 litros, que tem isenção própria — não identificado nesta lista)."
22021000,REFRIGERANTE GUARANA ANTARCTICA GFA VD 300ML,1,Sem benefício de ICMS (produto sujeito a ICMS-ST),-,,60,,"Bebidas em geral estão no regime de Substituição Tributária em SP; ICMS já recolhido pelo fabricante/distribuidor. Sem cBenef na revenda ao consumidor final (exceto água mineral em galão retornável de 10 ou 20 litros, que tem isenção própria — não identificado nesta lista)."
22021000,REFRIGERANTE GUARANA ANTARCTICA ZERO 200ML,1,Sem benefício de ICMS (produto sujeito a ICMS-ST),-,,60,,"Bebidas em geral estão no regime de Substituição Tributária em SP; ICMS já recolhido pelo fabricante/distribuidor. Sem cBenef na revenda ao consumidor final (exceto água mineral em galão retornável de 10 ou 20 litros, que tem isenção própria — não identificado nesta lista)."
22021000,REFRIGERANTE ITUBAINA ORIGINAL TUTTI FRUTTI 500ML,1,Sem benefício de ICMS (produto sujeito a ICMS-ST),-,,60,,"Bebidas em geral estão no regime de Substituição Tributária em SP; ICMS já recolhido pelo fabricante/distribuidor. Sem cBenef na revenda ao consumidor final (exceto água mineral em galão retornável de 10 ou 20 litros, que tem isenção própria — não identificado nesta lista)."
22021000,REFRIGERANTE PEPSI BLACK ZERO 2L,1,Sem benefício de ICMS (produto sujeito a ICMS-ST),-,,60,,"Bebidas em geral estão no regime de Substituição Tributária em SP; ICMS já recolhido pelo fabricante/distribuidor. Sem cBenef na revenda ao consumidor final (exceto água mineral em galão retornável de 10 ou 20 litros, que tem isenção própria — não identificado nesta lista)."
22021000,REFRIGERANTE PEPSI BLACK ZERO 350ML,1,Sem benefício de ICMS (produto sujeito a ICMS-ST),-,,60,,"Bebidas em geral estão no regime de Substituição Tributária em SP; ICMS já recolhido pelo fabricante/distribuidor. Sem cBenef na revenda ao consumidor final (exceto água mineral em galão retornável de 10 ou 20 litros, que tem isenção própria — não identificado nesta lista)."
22021000,REFRIGERANTE PEPSI TWIST 2L,2,Sem benefício de ICMS (produto sujeito a ICMS-ST),-,,60,,"Bebidas em geral estão no regime de Substituição Tributária em SP; ICMS já recolhido pelo fabricante/distribuidor. Sem cBenef na revenda ao consumidor final (exceto água mineral em galão retornável de 10 ou 20 litros, que tem isenção própria — não identificado nesta lista)."
22021000,REFRIGERANTE PEPSI TWIST 350ML,1,Sem benefício de ICMS (produto sujeito a ICMS-ST),-,,60,,"Bebidas em geral estão no regime de Substituição Tributária em SP; ICMS já recolhido pelo fabricante/distribuidor. Sem cBenef na revenda ao consumidor final (exceto água mineral em galão retornável de 10 ou 20 litros, que tem isenção própria — não identificado nesta lista)."
22021000,"REFRIGERANTE SCHWEPPES CITRUS 1,5L",1,Sem benefício de ICMS (produto sujeito a ICMS-ST),-,,60,,"Bebidas em geral estão no regime de Substituição Tributária em SP; ICMS já recolhido pelo fabricante/distribuidor. Sem cBenef na revenda ao consumidor final (exceto água mineral em galão retornável de 10 ou 20 litros, que tem isenção própria — não identificado nesta lista)."
22021000,REFRIGERANTE SCHWEPPES CITRUS 350ML,1,Sem benefício de ICMS (produto sujeito a ICMS-ST),-,,60,,"Bebidas em geral estão no regime de Substituição Tributária em SP; ICMS já recolhido pelo fabricante/distribuidor. Sem cBenef na revenda ao consumidor final (exceto água mineral em galão retornável de 10 ou 20 litros, que tem isenção própria — não identificado nesta lista)."
22021000,REFRIGERANTE SODA LIMONADA ANTARCTICA 2L,1,Sem benefício de ICMS (produto sujeito a ICMS-ST),-,,60,,"Bebidas em geral estão no regime de Substituição Tributária em SP; ICMS já recolhido pelo fabricante/distribuidor. Sem cBenef na revenda ao consumidor final (exceto água mineral em galão retornável de 10 ou 20 litros, que tem isenção própria — não identificado nesta lista)."
22021000,REFRIGERANTE SPRITE 350ML,1,Sem benefício de ICMS (produto sujeito a ICMS-ST),-,,60,,"Bebidas em geral estão no regime de Substituição Tributária em SP; ICMS já recolhido pelo fabricante/distribuidor. Sem cBenef na revenda ao consumidor final (exceto água mineral em galão retornável de 10 ou 20 litros, que tem isenção própria — não identificado nesta lista)."
22021000,REFRIGERANTE SPRITE 600ML,1,Sem benefício de ICMS (produto sujeito a ICMS-ST),-,,60,,"Bebidas em geral estão no regime de Substituição Tributária em SP; ICMS já recolhido pelo fabricante/distribuidor. Sem cBenef na revenda ao consumidor final (exceto água mineral em galão retornável de 10 ou 20 litros, que tem isenção própria — não identificado nesta lista)."
22021000,REFRIGERANTE SPRITE LIMAO 2L,1,Sem benefício de ICMS (produto sujeito a ICMS-ST),-,,60,,"Bebidas em geral estão no regime de Substituição Tributária em SP; ICMS já recolhido pelo fabricante/distribuidor. Sem cBenef na revenda ao consumidor final (exceto água mineral em galão retornável de 10 ou 20 litros, que tem isenção própria — não identificado nesta lista)."
22021000,SUCO DEL VALLE LARANJA 200ML.,1,Sem benefício de ICMS (produto sujeito a ICMS-ST),-,,60,,"Bebidas em geral estão no regime de Substituição Tributária em SP; ICMS já recolhido pelo fabricante/distribuidor. Sem cBenef na revenda ao consumidor final (exceto água mineral em galão retornável de 10 ou 20 litros, que tem isenção própria — não identificado nesta lista)."
22021000,SUCO DEL VALLE UVA 200ML..,1,Sem benefício de ICMS (produto sujeito a ICMS-ST),-,,60,,"Bebidas em geral estão no regime de Substituição Tributária em SP; ICMS já recolhido pelo fabricante/distribuidor. Sem cBenef na revenda ao consumidor final (exceto água mineral em galão retornável de 10 ou 20 litros, que tem isenção própria — não identificado nesta lista)."
22021000,SUCO DEL VALLE UVA PET 450ML,1,Sem benefício de ICMS (produto sujeito a ICMS-ST),-,,60,,"Bebidas em geral estão no regime de Substituição Tributária em SP; ICMS já recolhido pelo fabricante/distribuidor. Sem cBenef na revenda ao consumidor final (exceto água mineral em galão retornável de 10 ou 20 litros, que tem isenção própria — não identificado nesta lista)."
22021000,SUCO MAGUARY MORANGO 200ML,1,Sem benefício de ICMS (produto sujeito a ICMS-ST),-,,60,,"Bebidas em geral estão no regime de Substituição Tributária em SP; ICMS já recolhido pelo fabricante/distribuidor. Sem cBenef na revenda ao consumidor final (exceto água mineral em galão retornável de 10 ou 20 litros, que tem isenção própria — não identificado nesta lista)."
22021000,SUCO NATIVO ACAI 450ML,1,Sem benefício de ICMS (produto sujeito a ICMS-ST),-,,60,,"Bebidas em geral estão no regime de Substituição Tributária em SP; ICMS já recolhido pelo fabricante/distribuidor. Sem cBenef na revenda ao consumidor final (exceto água mineral em galão retornável de 10 ou 20 litros, que tem isenção própria — não identificado nesta lista)."
22029900,ACAI GASEIFICADO SANDRES 500ML,1,Sem benefício de ICMS (produto sujeito a ICMS-ST),-,,60,,"Bebidas em geral estão no regime de Substituição Tributária em SP; ICMS já recolhido pelo fabricante/distribuidor. Sem cBenef na revenda ao consumidor final (exceto água mineral em galão retornável de 10 ou 20 litros, que tem isenção própria — não identificado nesta lista)."
22029900,ACHOCOLATADO TODDYNHO 200ML,1,Sem benefício de ICMS (produto sujeito a ICMS-ST),-,,60,,"Bebidas em geral estão no regime de Substituição Tributária em SP; ICMS já recolhido pelo fabricante/distribuidor. Sem cBenef na revenda ao consumidor final (exceto água mineral em galão retornável de 10 ou 20 litros, que tem isenção própria — não identificado nesta lista)."
22029900,ACHOCOLATADO TODDYNHO LEVINHO 200ML,2,Sem benefício de ICMS (produto sujeito a ICMS-ST),-,,60,,"Bebidas em geral estão no regime de Substituição Tributária em SP; ICMS já recolhido pelo fabricante/distribuidor. Sem cBenef na revenda ao consumidor final (exceto água mineral em galão retornável de 10 ou 20 litros, que tem isenção própria — não identificado nesta lista)."
22029900,BEBIDA ACTIV NESCAU ZERO LACTOSE 180ML,1,Sem benefício de ICMS (produto sujeito a ICMS-ST),-,,60,,"Bebidas em geral estão no regime de Substituição Tributária em SP; ICMS já recolhido pelo fabricante/distribuidor. Sem cBenef na revenda ao consumidor final (exceto água mineral em galão retornável de 10 ou 20 litros, que tem isenção própria — não identificado nesta lista)."
22029900,BEBIDA ENGOV AFTER SABOR CITRUS 250ML,1,Sem benefício de ICMS (produto sujeito a ICMS-ST),-,,60,,"Bebidas em geral estão no regime de Substituição Tributária em SP; ICMS já recolhido pelo fabricante/distribuidor. Sem cBenef na revenda ao consumidor final (exceto água mineral em galão retornável de 10 ou 20 litros, que tem isenção própria — não identificado nesta lista)."
22029900,BEBIDA ENGOV AFTER SABOR PINK LEM 250ML,1,Sem benefício de ICMS (produto sujeito a ICMS-ST),-,,60,,"Bebidas em geral estão no regime de Substituição Tributária em SP; ICMS já recolhido pelo fabricante/distribuidor. Sem cBenef na revenda ao consumidor final (exceto água mineral em galão retornável de 10 ou 20 litros, que tem isenção própria — não identificado nesta lista)."
22029900,BEBIDA ENGOV AFTER TANGERINA 250ML,1,Sem benefício de ICMS (produto sujeito a ICMS-ST),-,,60,,"Bebidas em geral estão no regime de Substituição Tributária em SP; ICMS já recolhido pelo fabricante/distribuidor. Sem cBenef na revenda ao consumidor final (exceto água mineral em galão retornável de 10 ou 20 litros, que tem isenção própria — não identificado nesta lista)."
22029900,BEBIDA LACT 3 CORACOES CAPP WHEY 260ML,1,Sem benefício de ICMS (produto sujeito a ICMS-ST),-,,60,,"Bebidas em geral estão no regime de Substituição Tributária em SP; ICMS já recolhido pelo fabricante/distribuidor. Sem cBenef na revenda ao consumidor final (exceto água mineral em galão retornável de 10 ou 20 litros, que tem isenção própria — não identificado nesta lista)."
22029900,BEBIDA LACT 3 CORACOES POWER WHEY CAPP CLASSICO 250ML,1,Sem benefício de ICMS (produto sujeito a ICMS-ST),-,,60,,"Bebidas em geral estão no regime de Substituição Tributária em SP; ICMS já recolhido pelo fabricante/distribuidor. Sem cBenef na revenda ao consumidor final (exceto água mineral em galão retornável de 10 ou 20 litros, que tem isenção própria — não identificado nesta lista)."
22029900,BEBIDA LACTEA ALPINO CHOCOLATE 280ML,2,Sem benefício de ICMS (produto sujeito a ICMS-ST),-,,60,,"Bebidas em geral estão no regime de Substituição Tributária em SP; ICMS já recolhido pelo fabricante/distribuidor. Sem cBenef na revenda ao consumidor final (exceto água mineral em galão retornável de 10 ou 20 litros, que tem isenção própria — não identificado nesta lista)."
22029900,BEBIDA LACTEA NESCAFE CAPPU CANEL 270ML,1,Sem benefício de ICMS (produto sujeito a ICMS-ST),-,,60,,"Bebidas em geral estão no regime de Substituição Tributária em SP; ICMS já recolhido pelo fabricante/distribuidor. Sem cBenef na revenda ao consumidor final (exceto água mineral em galão retornável de 10 ou 20 litros, que tem isenção própria — não identificado nesta lista)."
22029900,BEBIDA LACTEA NESCAFE CHOCOCINO 270ML,1,Sem benefício de ICMS (produto sujeito a ICMS-ST),-,,60,,"Bebidas em geral estão no regime de Substituição Tributária em SP; ICMS já recolhido pelo fabricante/distribuidor. Sem cBenef na revenda ao consumidor final (exceto água mineral em galão retornável de 10 ou 20 litros, que tem isenção própria — não identificado nesta lista)."
22029900,BEBIDA LACTEA NESCAFE LATTE 270ML,1,Sem benefício de ICMS (produto sujeito a ICMS-ST),-,,60,,"Bebidas em geral estão no regime de Substituição Tributária em SP; ICMS já recolhido pelo fabricante/distribuidor. Sem cBenef na revenda ao consumidor final (exceto água mineral em galão retornável de 10 ou 20 litros, que tem isenção própria — não identificado nesta lista)."
22029900,BEBIDA LACTEA NESCAFE SMOOVLATTE  270ML,1,Sem benefício de ICMS (produto sujeito a ICMS-ST),-,,60,,"Bebidas em geral estão no regime de Substituição Tributária em SP; ICMS já recolhido pelo fabricante/distribuidor. Sem cBenef na revenda ao consumidor final (exceto água mineral em galão retornável de 10 ou 20 litros, que tem isenção própria — não identificado nesta lista)."
22029900,BEBIDA LACTEA NESCAFE SMOOVLATTE 270ML,1,Sem benefício de ICMS (produto sujeito a ICMS-ST),-,,60,,"Bebidas em geral estão no regime de Substituição Tributária em SP; ICMS já recolhido pelo fabricante/distribuidor. Sem cBenef na revenda ao consumidor final (exceto água mineral em galão retornável de 10 ou 20 litros, que tem isenção própria — não identificado nesta lista)."
22029900,BEBIDA LACTEA NESCAU 180ML,1,Sem benefício de ICMS (produto sujeito a ICMS-ST),-,,60,,"Bebidas em geral estão no regime de Substituição Tributária em SP; ICMS já recolhido pelo fabricante/distribuidor. Sem cBenef na revenda ao consumidor final (exceto água mineral em galão retornável de 10 ou 20 litros, que tem isenção própria — não identificado nesta lista)."
22029900,BEBIDA LACTEA NESCAU ACTIGEN 1L,1,Sem benefício de ICMS (produto sujeito a ICMS-ST),-,,60,,"Bebidas em geral estão no regime de Substituição Tributária em SP; ICMS já recolhido pelo fabricante/distribuidor. Sem cBenef na revenda ao consumidor final (exceto água mineral em galão retornável de 10 ou 20 litros, que tem isenção própria — não identificado nesta lista)."
22029900,BEBIDA LACTEA NESCAU GARRAFA SHAKE 270ML,1,Sem benefício de ICMS (produto sujeito a ICMS-ST),-,,60,,"Bebidas em geral estão no regime de Substituição Tributária em SP; ICMS já recolhido pelo fabricante/distribuidor. Sem cBenef na revenda ao consumidor final (exceto água mineral em galão retornável de 10 ou 20 litros, que tem isenção própria — não identificado nesta lista)."
22029900,BEBIDA LACTEA NESQUIK MORANGO 180ML,1,Sem benefício de ICMS (produto sujeito a ICMS-ST),-,,60,,"Bebidas em geral estão no regime de Substituição Tributária em SP; ICMS já recolhido pelo fabricante/distribuidor. Sem cBenef na revenda ao consumidor final (exceto água mineral em galão retornável de 10 ou 20 litros, que tem isenção própria — não identificado nesta lista)."
22029900,BEBIDA LACTEA NESTON 280ML,1,Sem benefício de ICMS (produto sujeito a ICMS-ST),-,,60,,"Bebidas em geral estão no regime de Substituição Tributária em SP; ICMS já recolhido pelo fabricante/distribuidor. Sem cBenef na revenda ao consumidor final (exceto água mineral em galão retornável de 10 ou 20 litros, que tem isenção própria — não identificado nesta lista)."
22029900,BEBIDA STARBUCKS FRAPPUCCI CLASSIC 280ML,2,Sem benefício de ICMS (produto sujeito a ICMS-ST),-,,60,,"Bebidas em geral estão no regime de Substituição Tributária em SP; ICMS já recolhido pelo fabricante/distribuidor. Sem cBenef na revenda ao consumidor final (exceto água mineral em galão retornável de 10 ou 20 litros, que tem isenção própria — não identificado nesta lista)."
22029900,BEBIDA STARBUCKS FRAPPUCCI MOCHA 280ML,1,Sem benefício de ICMS (produto sujeito a ICMS-ST),-,,60,,"Bebidas em geral estão no regime de Substituição Tributária em SP; ICMS já recolhido pelo fabricante/distribuidor. Sem cBenef na revenda ao consumidor final (exceto água mineral em galão retornável de 10 ou 20 litros, que tem isenção própria — não identificado nesta lista)."
22029900,BEBIDA YOPRO 23G CHOCOLATE 250ML,1,Sem benefício de ICMS (produto sujeito a ICMS-ST),-,,60,,"Bebidas em geral estão no regime de Substituição Tributária em SP; ICMS já recolhido pelo fabricante/distribuidor. Sem cBenef na revenda ao consumidor final (exceto água mineral em galão retornável de 10 ou 20 litros, que tem isenção própria — não identificado nesta lista)."
22029900,BEBIDA YOPRO BANANA 250ML,1,Sem benefício de ICMS (produto sujeito a ICMS-ST),-,,60,,"Bebidas em geral estão no regime de Substituição Tributária em SP; ICMS já recolhido pelo fabricante/distribuidor. Sem cBenef na revenda ao consumidor final (exceto água mineral em galão retornável de 10 ou 20 litros, que tem isenção própria — não identificado nesta lista)."
22029900,BEBIDA YOPRO CAFE EXPRESSO 250ML,1,Sem benefício de ICMS (produto sujeito a ICMS-ST),-,,60,,"Bebidas em geral estão no regime de Substituição Tributária em SP; ICMS já recolhido pelo fabricante/distribuidor. Sem cBenef na revenda ao consumidor final (exceto água mineral em galão retornável de 10 ou 20 litros, que tem isenção própria — não identificado nesta lista)."
22029900,BEBIDA YOPRO CHEESECAKE DE FRUTAS VERMELHA 15G 250ML,1,Sem benefício de ICMS (produto sujeito a ICMS-ST),-,,60,,"Bebidas em geral estão no regime de Substituição Tributária em SP; ICMS já recolhido pelo fabricante/distribuidor. Sem cBenef na revenda ao consumidor final (exceto água mineral em galão retornável de 10 ou 20 litros, que tem isenção própria — não identificado nesta lista)."
22029900,BEBIDA YOPRO MORANGO 15G 250ML,1,Sem benefício de ICMS (produto sujeito a ICMS-ST),-,,60,,"Bebidas em geral estão no regime de Substituição Tributária em SP; ICMS já recolhido pelo fabricante/distribuidor. Sem cBenef na revenda ao consumidor final (exceto água mineral em galão retornável de 10 ou 20 litros, que tem isenção própria — não identificado nesta lista)."
22029900,CHA PRONTO KOMBUCHA CA VD MACA VERDE ORG 365ML,1,Sem benefício de ICMS (produto sujeito a ICMS-ST),-,,60,,"Bebidas em geral estão no regime de Substituição Tributária em SP; ICMS já recolhido pelo fabricante/distribuidor. Sem cBenef na revenda ao consumidor final (exceto água mineral em galão retornável de 10 ou 20 litros, que tem isenção própria — não identificado nesta lista)."
22029900,CHA PRONTO KOMBUCHA CA VD MORANGO E HIBISCO ORG 365ML,1,Sem benefício de ICMS (produto sujeito a ICMS-ST),-,,60,,"Bebidas em geral estão no regime de Substituição Tributária em SP; ICMS já recolhido pelo fabricante/distribuidor. Sem cBenef na revenda ao consumidor final (exceto água mineral em galão retornável de 10 ou 20 litros, que tem isenção própria — não identificado nesta lista)."
22029900,ENERGETICO BALY MACA VERDE 2L,1,Sem benefício de ICMS (produto sujeito a ICMS-ST),-,,60,,"Bebidas em geral estão no regime de Substituição Tributária em SP; ICMS já recolhido pelo fabricante/distribuidor. Sem cBenef na revenda ao consumidor final (exceto água mineral em galão retornável de 10 ou 20 litros, que tem isenção própria — não identificado nesta lista)."
22029900,ENERGETICO BALY MELANCIA 2L,1,Sem benefício de ICMS (produto sujeito a ICMS-ST),-,,60,,"Bebidas em geral estão no regime de Substituição Tributária em SP; ICMS já recolhido pelo fabricante/distribuidor. Sem cBenef na revenda ao consumidor final (exceto água mineral em galão retornável de 10 ou 20 litros, que tem isenção própria — não identificado nesta lista)."
22029900,ENERGETICO BALY MORANGO E PESSEGO 2L,1,Sem benefício de ICMS (produto sujeito a ICMS-ST),-,,60,,"Bebidas em geral estão no regime de Substituição Tributária em SP; ICMS já recolhido pelo fabricante/distribuidor. Sem cBenef na revenda ao consumidor final (exceto água mineral em galão retornável de 10 ou 20 litros, que tem isenção própria — não identificado nesta lista)."
22029900,ENERGETICO BALY TADALA 2L,1,Sem benefício de ICMS (produto sujeito a ICMS-ST),-,,60,,"Bebidas em geral estão no regime de Substituição Tributária em SP; ICMS já recolhido pelo fabricante/distribuidor. Sem cBenef na revenda ao consumidor final (exceto água mineral em galão retornável de 10 ou 20 litros, que tem isenção própria — não identificado nesta lista)."
22029900,ENERGETICO BALY TRADICIONAL 2L,1,Sem benefício de ICMS (produto sujeito a ICMS-ST),-,,60,,"Bebidas em geral estão no regime de Substituição Tributária em SP; ICMS já recolhido pelo fabricante/distribuidor. Sem cBenef na revenda ao consumidor final (exceto água mineral em galão retornável de 10 ou 20 litros, que tem isenção própria — não identificado nesta lista)."
22029900,ENERGETICO BALY TROPICAL 2L,1,Sem benefício de ICMS (produto sujeito a ICMS-ST),-,,60,,"Bebidas em geral estão no regime de Substituição Tributária em SP; ICMS já recolhido pelo fabricante/distribuidor. Sem cBenef na revenda ao consumidor final (exceto água mineral em galão retornável de 10 ou 20 litros, que tem isenção própria — não identificado nesta lista)."
22029900,ENERGETICO MONSTER ENERGY 473ML.,2,Sem benefício de ICMS (produto sujeito a ICMS-ST),-,,60,,"Bebidas em geral estão no regime de Substituição Tributária em SP; ICMS já recolhido pelo fabricante/distribuidor. Sem cBenef na revenda ao consumidor final (exceto água mineral em galão retornável de 10 ou 20 litros, que tem isenção própria — não identificado nesta lista)."
22029900,ENERGETICO MONSTER ENERGY ZERO ACUCAR 473ML,1,Sem benefício de ICMS (produto sujeito a ICMS-ST),-,,60,,"Bebidas em geral estão no regime de Substituição Tributária em SP; ICMS já recolhido pelo fabricante/distribuidor. Sem cBenef na revenda ao consumidor final (exceto água mineral em galão retornável de 10 ou 20 litros, que tem isenção própria — não identificado nesta lista)."
22029900,ENERGETICO MONSTER KHAOTIC 473ML,1,Sem benefício de ICMS (produto sujeito a ICMS-ST),-,,60,,"Bebidas em geral estão no regime de Substituição Tributária em SP; ICMS já recolhido pelo fabricante/distribuidor. Sem cBenef na revenda ao consumidor final (exceto água mineral em galão retornável de 10 ou 20 litros, que tem isenção própria — não identificado nesta lista)."
22029900,ENERGETICO MONSTER MANGO LOCO LT 473ML,1,Sem benefício de ICMS (produto sujeito a ICMS-ST),-,,60,,"Bebidas em geral estão no regime de Substituição Tributária em SP; ICMS já recolhido pelo fabricante/distribuidor. Sem cBenef na revenda ao consumidor final (exceto água mineral em galão retornável de 10 ou 20 litros, que tem isenção própria — não identificado nesta lista)."
22029900,ENERGETICO MONSTER ULTRA FIESTA MANGO 473ML,1,Sem benefício de ICMS (produto sujeito a ICMS-ST),-,,60,,"Bebidas em geral estão no regime de Substituição Tributária em SP; ICMS já recolhido pelo fabricante/distribuidor. Sem cBenef na revenda ao consumidor final (exceto água mineral em galão retornável de 10 ou 20 litros, que tem isenção própria — não identificado nesta lista)."
22029900,ENERGETICO MONSTER ULTRA LATA 473ML,1,Sem benefício de ICMS (produto sujeito a ICMS-ST),-,,60,,"Bebidas em geral estão no regime de Substituição Tributária em SP; ICMS já recolhido pelo fabricante/distribuidor. Sem cBenef na revenda ao consumidor final (exceto água mineral em galão retornável de 10 ou 20 litros, que tem isenção própria — não identificado nesta lista)."
22029900,ENERGETICO MONSTER ULTRA PEACHY 473ML,1,Sem benefício de ICMS (produto sujeito a ICMS-ST),-,,60,,"Bebidas em geral estão no regime de Substituição Tributária em SP; ICMS já recolhido pelo fabricante/distribuidor. Sem cBenef na revenda ao consumidor final (exceto água mineral em galão retornável de 10 ou 20 litros, que tem isenção própria — não identificado nesta lista)."
22029900,ENERGETICO MONSTER ULTRA STRAWBERRY 473ML,1,Sem benefício de ICMS (produto sujeito a ICMS-ST),-,,60,,"Bebidas em geral estão no regime de Substituição Tributária em SP; ICMS já recolhido pelo fabricante/distribuidor. Sem cBenef na revenda ao consumidor final (exceto água mineral em galão retornável de 10 ou 20 litros, que tem isenção própria — não identificado nesta lista)."
22029900,ENERGETICO MOOD NO SUGAR 269ML.,1,Sem benefício de ICMS (produto sujeito a ICMS-ST),-,,60,,"Bebidas em geral estão no regime de Substituição Tributária em SP; ICMS já recolhido pelo fabricante/distribuidor. Sem cBenef na revenda ao consumidor final (exceto água mineral em galão retornável de 10 ou 20 litros, que tem isenção própria — não identificado nesta lista)."
22029900,ENERGETICO RED BULL 250ML,1,Sem benefício de ICMS (produto sujeito a ICMS-ST),-,,60,,"Bebidas em geral estão no regime de Substituição Tributária em SP; ICMS já recolhido pelo fabricante/distribuidor. Sem cBenef na revenda ao consumidor final (exceto água mineral em galão retornável de 10 ou 20 litros, que tem isenção própria — não identificado nesta lista)."
22029900,ENERGETICO RED BULL 355ML,1,Sem benefício de ICMS (produto sujeito a ICMS-ST),-,,60,,"Bebidas em geral estão no regime de Substituição Tributária em SP; ICMS já recolhido pelo fabricante/distribuidor. Sem cBenef na revenda ao consumidor final (exceto água mineral em galão retornável de 10 ou 20 litros, que tem isenção própria — não identificado nesta lista)."
22029900,ENERGETICO RED BULL 473ML,1,Sem benefício de ICMS (produto sujeito a ICMS-ST),-,,60,,"Bebidas em geral estão no regime de Substituição Tributária em SP; ICMS já recolhido pelo fabricante/distribuidor. Sem cBenef na revenda ao consumidor final (exceto água mineral em galão retornável de 10 ou 20 litros, que tem isenção própria — não identificado nesta lista)."
22029900,ENERGETICO RED BULL BLUEBERRY E BAUNILHA ZERO 250ML,1,Sem benefício de ICMS (produto sujeito a ICMS-ST),-,,60,,"Bebidas em geral estão no regime de Substituição Tributária em SP; ICMS já recolhido pelo fabricante/distribuidor. Sem cBenef na revenda ao consumidor final (exceto água mineral em galão retornável de 10 ou 20 litros, que tem isenção própria — não identificado nesta lista)."
22029900,ENERGETICO RED BULL EDITION TROPICAL 250ML,1,Sem benefício de ICMS (produto sujeito a ICMS-ST),-,,60,,"Bebidas em geral estão no regime de Substituição Tributária em SP; ICMS já recolhido pelo fabricante/distribuidor. Sem cBenef na revenda ao consumidor final (exceto água mineral em galão retornável de 10 ou 20 litros, que tem isenção própria — não identificado nesta lista)."
22029900,ENERGETICO RED BULL FRUTAS VERMELHAS 250ML,1,Sem benefício de ICMS (produto sujeito a ICMS-ST),-,,60,,"Bebidas em geral estão no regime de Substituição Tributária em SP; ICMS já recolhido pelo fabricante/distribuidor. Sem cBenef na revenda ao consumidor final (exceto água mineral em galão retornável de 10 ou 20 litros, que tem isenção própria — não identificado nesta lista)."
22029900,ENERGETICO RED BULL MACA SEM ACUCAR 250ML,1,Sem benefício de ICMS (produto sujeito a ICMS-ST),-,,60,,"Bebidas em geral estão no regime de Substituição Tributária em SP; ICMS já recolhido pelo fabricante/distribuidor. Sem cBenef na revenda ao consumidor final (exceto água mineral em galão retornável de 10 ou 20 litros, que tem isenção própria — não identificado nesta lista)."
22029900,ENERGETICO RED BULL MARACUJA MELAO 250ML,1,Sem benefício de ICMS (produto sujeito a ICMS-ST),-,,60,,"Bebidas em geral estão no regime de Substituição Tributária em SP; ICMS já recolhido pelo fabricante/distribuidor. Sem cBenef na revenda ao consumidor final (exceto água mineral em galão retornável de 10 ou 20 litros, que tem isenção própria — não identificado nesta lista)."
22029900,ENERGETICO RED BULL MELANCIA 250ML,1,Sem benefício de ICMS (produto sujeito a ICMS-ST),-,,60,,"Bebidas em geral estão no regime de Substituição Tributária em SP; ICMS já recolhido pelo fabricante/distribuidor. Sem cBenef na revenda ao consumidor final (exceto água mineral em galão retornável de 10 ou 20 litros, que tem isenção própria — não identificado nesta lista)."
22029900,ENERGETICO RED BULL POMELO 250ML,1,Sem benefício de ICMS (produto sujeito a ICMS-ST),-,,60,,"Bebidas em geral estão no regime de Substituição Tributária em SP; ICMS já recolhido pelo fabricante/distribuidor. Sem cBenef na revenda ao consumidor final (exceto água mineral em galão retornável de 10 ou 20 litros, que tem isenção própria — não identificado nesta lista)."
22029900,ENERGETICO RED BULL SUGAR FREE 250ML,1,Sem benefício de ICMS (produto sujeito a ICMS-ST),-,,60,,"Bebidas em geral estão no regime de Substituição Tributária em SP; ICMS já recolhido pelo fabricante/distribuidor. Sem cBenef na revenda ao consumidor final (exceto água mineral em galão retornável de 10 ou 20 litros, que tem isenção própria — não identificado nesta lista)."
22029900,ENERGETICO RED BULL SUGAR FREE 355ML.,1,Sem benefício de ICMS (produto sujeito a ICMS-ST),-,,60,,"Bebidas em geral estão no regime de Substituição Tributária em SP; ICMS já recolhido pelo fabricante/distribuidor. Sem cBenef na revenda ao consumidor final (exceto água mineral em galão retornável de 10 ou 20 litros, que tem isenção própria — não identificado nesta lista)."
22029900,ENERGETICO RED BULL SUMMER PESSEGO MORANG 250ML,1,Sem benefício de ICMS (produto sujeito a ICMS-ST),-,,60,,"Bebidas em geral estão no regime de Substituição Tributária em SP; ICMS já recolhido pelo fabricante/distribuidor. Sem cBenef na revenda ao consumidor final (exceto água mineral em galão retornável de 10 ou 20 litros, que tem isenção própria — não identificado nesta lista)."
22029900,ENERGETICO RED BULL ZERO 355ML,1,Sem benefício de ICMS (produto sujeito a ICMS-ST),-,,60,,"Bebidas em geral estão no regime de Substituição Tributária em SP; ICMS já recolhido pelo fabricante/distribuidor. Sem cBenef na revenda ao consumidor final (exceto água mineral em galão retornável de 10 ou 20 litros, que tem isenção própria — não identificado nesta lista)."
22029900,ENERGETICO TNT ORIGINAL 473ML,1,Sem benefício de ICMS (produto sujeito a ICMS-ST),-,,60,,"Bebidas em geral estão no regime de Substituição Tributária em SP; ICMS já recolhido pelo fabricante/distribuidor. Sem cBenef na revenda ao consumidor final (exceto água mineral em galão retornável de 10 ou 20 litros, que tem isenção própria — não identificado nesta lista)."
22029900,ENERGETICO TNT ZERO ACUCAR 473ML,1,Sem benefício de ICMS (produto sujeito a ICMS-ST),-,,60,,"Bebidas em geral estão no regime de Substituição Tributária em SP; ICMS já recolhido pelo fabricante/distribuidor. Sem cBenef na revenda ao consumidor final (exceto água mineral em galão retornável de 10 ou 20 litros, que tem isenção própria — não identificado nesta lista)."
22029900,ISOTONICO GATORADE LARANJA 500ML,1,Sem benefício de ICMS (produto sujeito a ICMS-ST),-,,60,,"Bebidas em geral estão no regime de Substituição Tributária em SP; ICMS já recolhido pelo fabricante/distribuidor. Sem cBenef na revenda ao consumidor final (exceto água mineral em galão retornável de 10 ou 20 litros, que tem isenção própria — não identificado nesta lista)."
22029900,ISOTONICO GATORADE LIMAO 500ML,2,Sem benefício de ICMS (produto sujeito a ICMS-ST),-,,60,,"Bebidas em geral estão no regime de Substituição Tributária em SP; ICMS já recolhido pelo fabricante/distribuidor. Sem cBenef na revenda ao consumidor final (exceto água mineral em galão retornável de 10 ou 20 litros, que tem isenção própria — não identificado nesta lista)."
22029900,ISOTONICO GATORADE MORANGO E MARACUJA 500ML,2,Sem benefício de ICMS (produto sujeito a ICMS-ST),-,,60,,"Bebidas em geral estão no regime de Substituição Tributária em SP; ICMS já recolhido pelo fabricante/distribuidor. Sem cBenef na revenda ao consumidor final (exceto água mineral em galão retornável de 10 ou 20 litros, que tem isenção própria — não identificado nesta lista)."
22029900,ISOTONICO GATORADE TANGERINA 500ML,1,Sem benefício de ICMS (produto sujeito a ICMS-ST),-,,60,,"Bebidas em geral estão no regime de Substituição Tributária em SP; ICMS já recolhido pelo fabricante/distribuidor. Sem cBenef na revenda ao consumidor final (exceto água mineral em galão retornável de 10 ou 20 litros, que tem isenção própria — não identificado nesta lista)."
22029900,SUCO APICE CAJU 900ML,1,Sem benefício de ICMS (produto sujeito a ICMS-ST),-,,60,,"Bebidas em geral estão no regime de Substituição Tributária em SP; ICMS já recolhido pelo fabricante/distribuidor. Sem cBenef na revenda ao consumidor final (exceto água mineral em galão retornável de 10 ou 20 litros, que tem isenção própria — não identificado nesta lista)."
22029900,SUCO DEL VALLE GOIABA LATA 290ML,1,Sem benefício de ICMS (produto sujeito a ICMS-ST),-,,60,,"Bebidas em geral estão no regime de Substituição Tributária em SP; ICMS já recolhido pelo fabricante/distribuidor. Sem cBenef na revenda ao consumidor final (exceto água mineral em galão retornável de 10 ou 20 litros, que tem isenção própria — não identificado nesta lista)."
22029900,SUCO DEL VALLE MANGA 290ML,1,Sem benefício de ICMS (produto sujeito a ICMS-ST),-,,60,,"Bebidas em geral estão no regime de Substituição Tributária em SP; ICMS já recolhido pelo fabricante/distribuidor. Sem cBenef na revenda ao consumidor final (exceto água mineral em galão retornável de 10 ou 20 litros, que tem isenção própria — não identificado nesta lista)."
22029900,SUCO DEL VALLE MARACUJA LATA 290ML,1,Sem benefício de ICMS (produto sujeito a ICMS-ST),-,,60,,"Bebidas em geral estão no regime de Substituição Tributária em SP; ICMS já recolhido pelo fabricante/distribuidor. Sem cBenef na revenda ao consumidor final (exceto água mineral em galão retornável de 10 ou 20 litros, que tem isenção própria — não identificado nesta lista)."
22029900,SUCO DEL VALLE PESSEGO LATA 290ML,1,Sem benefício de ICMS (produto sujeito a ICMS-ST),-,,60,,"Bebidas em geral estão no regime de Substituição Tributária em SP; ICMS já recolhido pelo fabricante/distribuidor. Sem cBenef na revenda ao consumidor final (exceto água mineral em galão retornável de 10 ou 20 litros, que tem isenção própria — não identificado nesta lista)."
22029900,SUCO DEL VALLE UVA LATA 290ML,1,Sem benefício de ICMS (produto sujeito a ICMS-ST),-,,60,,"Bebidas em geral estão no regime de Substituição Tributária em SP; ICMS já recolhido pelo fabricante/distribuidor. Sem cBenef na revenda ao consumidor final (exceto água mineral em galão retornável de 10 ou 20 litros, que tem isenção própria — não identificado nesta lista)."
22029900,SUCO MAGUARY UVA 200 ML,1,Sem benefício de ICMS (produto sujeito a ICMS-ST),-,,60,,"Bebidas em geral estão no regime de Substituição Tributária em SP; ICMS já recolhido pelo fabricante/distribuidor. Sem cBenef na revenda ao consumidor final (exceto água mineral em galão retornável de 10 ou 20 litros, que tem isenção própria — não identificado nesta lista)."
22029900,SUCO SPRES LARANJA 300ML,1,Sem benefício de ICMS (produto sujeito a ICMS-ST),-,,60,,"Bebidas em geral estão no regime de Substituição Tributária em SP; ICMS já recolhido pelo fabricante/distribuidor. Sem cBenef na revenda ao consumidor final (exceto água mineral em galão retornável de 10 ou 20 litros, que tem isenção própria — não identificado nesta lista)."
22030000,AMSTEL 600ML,1,Sem benefício de ICMS (produto sujeito a ICMS-ST),-,,60,,"Bebidas em geral estão no regime de Substituição Tributária em SP; ICMS já recolhido pelo fabricante/distribuidor. Sem cBenef na revenda ao consumidor final (exceto água mineral em galão retornável de 10 ou 20 litros, que tem isenção própria — não identificado nesta lista)."
22030000,BRAHMA 300ML,1,Sem benefício de ICMS (produto sujeito a ICMS-ST),-,,60,,"Bebidas em geral estão no regime de Substituição Tributária em SP; ICMS já recolhido pelo fabricante/distribuidor. Sem cBenef na revenda ao consumidor final (exceto água mineral em galão retornável de 10 ou 20 litros, que tem isenção própria — não identificado nesta lista)."
22030000,BRAHMA 600ML,1,Sem benefício de ICMS (produto sujeito a ICMS-ST),-,,60,,"Bebidas em geral estão no regime de Substituição Tributária em SP; ICMS já recolhido pelo fabricante/distribuidor. Sem cBenef na revenda ao consumidor final (exceto água mineral em galão retornável de 10 ou 20 litros, que tem isenção própria — não identificado nesta lista)."
22030000,BRAHMA DUPLO MALTE 1L,1,Sem benefício de ICMS (produto sujeito a ICMS-ST),-,,60,,"Bebidas em geral estão no regime de Substituição Tributária em SP; ICMS já recolhido pelo fabricante/distribuidor. Sem cBenef na revenda ao consumidor final (exceto água mineral em galão retornável de 10 ou 20 litros, que tem isenção própria — não identificado nesta lista)."
22030000,BRAHMA DUPLO MALTE 300 ML,1,Sem benefício de ICMS (produto sujeito a ICMS-ST),-,,60,,"Bebidas em geral estão no regime de Substituição Tributária em SP; ICMS já recolhido pelo fabricante/distribuidor. Sem cBenef na revenda ao consumidor final (exceto água mineral em galão retornável de 10 ou 20 litros, que tem isenção própria — não identificado nesta lista)."
22030000,BRAHMA LITRÃO,1,Sem benefício de ICMS (produto sujeito a ICMS-ST),-,,60,,"Bebidas em geral estão no regime de Substituição Tributária em SP; ICMS já recolhido pelo fabricante/distribuidor. Sem cBenef na revenda ao consumidor final (exceto água mineral em galão retornável de 10 ou 20 litros, que tem isenção própria — não identificado nesta lista)."
22030000,BUDWEISER RETORNAVEL 300ML,1,Sem benefício de ICMS (produto sujeito a ICMS-ST),-,,60,,"Bebidas em geral estão no regime de Substituição Tributária em SP; ICMS já recolhido pelo fabricante/distribuidor. Sem cBenef na revenda ao consumidor final (exceto água mineral em galão retornável de 10 ou 20 litros, que tem isenção própria — não identificado nesta lista)."
22030000,CERVEJA AMSTEL ULTRA LATA 269ML,2,Sem benefício de ICMS (produto sujeito a ICMS-ST),-,,60,,"Bebidas em geral estão no regime de Substituição Tributária em SP; ICMS já recolhido pelo fabricante/distribuidor. Sem cBenef na revenda ao consumidor final (exceto água mineral em galão retornável de 10 ou 20 litros, que tem isenção própria — não identificado nesta lista)."
22030000,CERVEJA ANTARCTICA PILSEN 350ML,1,Sem benefício de ICMS (produto sujeito a ICMS-ST),-,,60,,"Bebidas em geral estão no regime de Substituição Tributária em SP; ICMS já recolhido pelo fabricante/distribuidor. Sem cBenef na revenda ao consumidor final (exceto água mineral em galão retornável de 10 ou 20 litros, que tem isenção própria — não identificado nesta lista)."
22030000,CERVEJA ANTARCTICA PILSEN GFA VD 1L,1,Sem benefício de ICMS (produto sujeito a ICMS-ST),-,,60,,"Bebidas em geral estão no regime de Substituição Tributária em SP; ICMS já recolhido pelo fabricante/distribuidor. Sem cBenef na revenda ao consumidor final (exceto água mineral em galão retornável de 10 ou 20 litros, que tem isenção própria — não identificado nesta lista)."
22030000,CERVEJA ANTARCTICA PILSEN GFA VD 300ML,1,Sem benefício de ICMS (produto sujeito a ICMS-ST),-,,60,,"Bebidas em geral estão no regime de Substituição Tributária em SP; ICMS já recolhido pelo fabricante/distribuidor. Sem cBenef na revenda ao consumidor final (exceto água mineral em galão retornável de 10 ou 20 litros, que tem isenção própria — não identificado nesta lista)."
22030000,CERVEJA ANTARTICA BOA 600ML,1,Sem benefício de ICMS (produto sujeito a ICMS-ST),-,,60,,"Bebidas em geral estão no regime de Substituição Tributária em SP; ICMS já recolhido pelo fabricante/distribuidor. Sem cBenef na revenda ao consumidor final (exceto água mineral em galão retornável de 10 ou 20 litros, que tem isenção própria — não identificado nesta lista)."
22030000,CERVEJA BRAHMA 350ML,1,Sem benefício de ICMS (produto sujeito a ICMS-ST),-,,60,,"Bebidas em geral estão no regime de Substituição Tributária em SP; ICMS já recolhido pelo fabricante/distribuidor. Sem cBenef na revenda ao consumidor final (exceto água mineral em galão retornável de 10 ou 20 litros, que tem isenção própria — não identificado nesta lista)."
22030000,CERVEJA CERPA EXPORT PREMIUM 350ML,1,Sem benefício de ICMS (produto sujeito a ICMS-ST),-,,60,,"Bebidas em geral estão no regime de Substituição Tributária em SP; ICMS já recolhido pelo fabricante/distribuidor. Sem cBenef na revenda ao consumidor final (exceto água mineral em galão retornável de 10 ou 20 litros, que tem isenção própria — não identificado nesta lista)."
22030000,CERVEJA COLORADO APPIA 600ML,1,Sem benefício de ICMS (produto sujeito a ICMS-ST),-,,60,,"Bebidas em geral estão no regime de Substituição Tributária em SP; ICMS já recolhido pelo fabricante/distribuidor. Sem cBenef na revenda ao consumidor final (exceto água mineral em galão retornável de 10 ou 20 litros, que tem isenção própria — não identificado nesta lista)."
22030000,CERVEJA COLORADO RIBEIRAO LAGER 600ML,1,Sem benefício de ICMS (produto sujeito a ICMS-ST),-,,60,,"Bebidas em geral estão no regime de Substituição Tributária em SP; ICMS já recolhido pelo fabricante/distribuidor. Sem cBenef na revenda ao consumidor final (exceto água mineral em galão retornável de 10 ou 20 litros, que tem isenção própria — não identificado nesta lista)."
22030000,CERVEJA CORONA EXTRA PILSEN 600ML,1,Sem benefício de ICMS (produto sujeito a ICMS-ST),-,,60,,"Bebidas em geral estão no regime de Substituição Tributária em SP; ICMS já recolhido pelo fabricante/distribuidor. Sem cBenef na revenda ao consumidor final (exceto água mineral em galão retornável de 10 ou 20 litros, que tem isenção própria — não identificado nesta lista)."
22030000,CERVEJA ECOBIER MALZBIER 350ML LT,1,Sem benefício de ICMS (produto sujeito a ICMS-ST),-,,60,,"Bebidas em geral estão no regime de Substituição Tributária em SP; ICMS já recolhido pelo fabricante/distribuidor. Sem cBenef na revenda ao consumidor final (exceto água mineral em galão retornável de 10 ou 20 litros, que tem isenção própria — não identificado nesta lista)."
22030000,CERVEJA EISENBAHN AMERICAN IPA 350ML LATA,1,Sem benefício de ICMS (produto sujeito a ICMS-ST),-,,60,,"Bebidas em geral estão no regime de Substituição Tributária em SP; ICMS já recolhido pelo fabricante/distribuidor. Sem cBenef na revenda ao consumidor final (exceto água mineral em galão retornável de 10 ou 20 litros, que tem isenção própria — não identificado nesta lista)."
22030000,CERVEJA EISENBAHN IPA 355ML,1,Sem benefício de ICMS (produto sujeito a ICMS-ST),-,,60,,"Bebidas em geral estão no regime de Substituição Tributária em SP; ICMS já recolhido pelo fabricante/distribuidor. Sem cBenef na revenda ao consumidor final (exceto água mineral em galão retornável de 10 ou 20 litros, que tem isenção própria — não identificado nesta lista)."
22030000,CERVEJA EISENBAHN PALE ALE LN 355ML,1,Sem benefício de ICMS (produto sujeito a ICMS-ST),-,,60,,"Bebidas em geral estão no regime de Substituição Tributária em SP; ICMS já recolhido pelo fabricante/distribuidor. Sem cBenef na revenda ao consumidor final (exceto água mineral em galão retornável de 10 ou 20 litros, que tem isenção própria — não identificado nesta lista)."
22030000,CERVEJA EISENBAHN PILSEN 350ML,1,Sem benefício de ICMS (produto sujeito a ICMS-ST),-,,60,,"Bebidas em geral estão no regime de Substituição Tributária em SP; ICMS já recolhido pelo fabricante/distribuidor. Sem cBenef na revenda ao consumidor final (exceto água mineral em galão retornável de 10 ou 20 litros, que tem isenção própria — não identificado nesta lista)."
22030000,CERVEJA EISENBAHN WEISS 355ML,1,Sem benefício de ICMS (produto sujeito a ICMS-ST),-,,60,,"Bebidas em geral estão no regime de Substituição Tributária em SP; ICMS já recolhido pelo fabricante/distribuidor. Sem cBenef na revenda ao consumidor final (exceto água mineral em galão retornável de 10 ou 20 litros, que tem isenção própria — não identificado nesta lista)."
22030000,CERVEJA GUNNEN 25 CALORIAS 473ML,1,Sem benefício de ICMS (produto sujeito a ICMS-ST),-,,60,,"Bebidas em geral estão no regime de Substituição Tributária em SP; ICMS já recolhido pelo fabricante/distribuidor. Sem cBenef na revenda ao consumidor final (exceto água mineral em galão retornável de 10 ou 20 litros, que tem isenção própria — não identificado nesta lista)."
22030000,CERVEJA HEINEKEN 600ML ONE WAY,1,Sem benefício de ICMS (produto sujeito a ICMS-ST),-,,60,,"Bebidas em geral estão no regime de Substituição Tributária em SP; ICMS já recolhido pelo fabricante/distribuidor. Sem cBenef na revenda ao consumidor final (exceto água mineral em galão retornável de 10 ou 20 litros, que tem isenção própria — não identificado nesta lista)."
22030000,CERVEJA HEINEKEN LAGER PURO MALTE 250ML LONG NECK,1,Sem benefício de ICMS (produto sujeito a ICMS-ST),-,,60,,"Bebidas em geral estão no regime de Substituição Tributária em SP; ICMS já recolhido pelo fabricante/distribuidor. Sem cBenef na revenda ao consumidor final (exceto água mineral em galão retornável de 10 ou 20 litros, que tem isenção própria — não identificado nesta lista)."
22030000,CERVEJA HEINEKEN LATA 269ML,2,Sem benefício de ICMS (produto sujeito a ICMS-ST),-,,60,,"Bebidas em geral estão no regime de Substituição Tributária em SP; ICMS já recolhido pelo fabricante/distribuidor. Sem cBenef na revenda ao consumidor final (exceto água mineral em galão retornável de 10 ou 20 litros, que tem isenção própria — não identificado nesta lista)."
22030000,CERVEJA HEINEKEN LONG NECK 330ML,1,Sem benefício de ICMS (produto sujeito a ICMS-ST),-,,60,,"Bebidas em geral estão no regime de Substituição Tributária em SP; ICMS já recolhido pelo fabricante/distribuidor. Sem cBenef na revenda ao consumidor final (exceto água mineral em galão retornável de 10 ou 20 litros, que tem isenção própria — não identificado nesta lista)."
22030000,CERVEJA IMPERIO GOLD LN 210ML,1,Sem benefício de ICMS (produto sujeito a ICMS-ST),-,,60,,"Bebidas em geral estão no regime de Substituição Tributária em SP; ICMS já recolhido pelo fabricante/distribuidor. Sem cBenef na revenda ao consumidor final (exceto água mineral em galão retornável de 10 ou 20 litros, que tem isenção própria — não identificado nesta lista)."
22030000,CERVEJA IMPERIO PILSEN LATA 350ML,1,Sem benefício de ICMS (produto sujeito a ICMS-ST),-,,60,,"Bebidas em geral estão no regime de Substituição Tributária em SP; ICMS já recolhido pelo fabricante/distribuidor. Sem cBenef na revenda ao consumidor final (exceto água mineral em galão retornável de 10 ou 20 litros, que tem isenção própria — não identificado nesta lista)."
22030000,CERVEJA IMPERIO ULTRA 0.0 269 ML,1,Sem benefício de ICMS (produto sujeito a ICMS-ST),-,,60,,"Bebidas em geral estão no regime de Substituição Tributária em SP; ICMS já recolhido pelo fabricante/distribuidor. Sem cBenef na revenda ao consumidor final (exceto água mineral em galão retornável de 10 ou 20 litros, que tem isenção própria — não identificado nesta lista)."
22030000,CERVEJA IMPERIO ULTRA LATA 350ML,1,Sem benefício de ICMS (produto sujeito a ICMS-ST),-,,60,,"Bebidas em geral estão no regime de Substituição Tributária em SP; ICMS já recolhido pelo fabricante/distribuidor. Sem cBenef na revenda ao consumidor final (exceto água mineral em galão retornável de 10 ou 20 litros, que tem isenção própria — não identificado nesta lista)."
22030000,CERVEJA IMPERIO ULTRA SEM GLUTEN LN 275ML,1,Sem benefício de ICMS (produto sujeito a ICMS-ST),-,,60,,"Bebidas em geral estão no regime de Substituição Tributária em SP; ICMS já recolhido pelo fabricante/distribuidor. Sem cBenef na revenda ao consumidor final (exceto água mineral em galão retornável de 10 ou 20 litros, que tem isenção própria — não identificado nesta lista)."
22030000,CERVEJA INVICTA HELLBEIRAO LN 355ML,1,Sem benefício de ICMS (produto sujeito a ICMS-ST),-,,60,,"Bebidas em geral estão no regime de Substituição Tributária em SP; ICMS já recolhido pelo fabricante/distribuidor. Sem cBenef na revenda ao consumidor final (exceto água mineral em galão retornável de 10 ou 20 litros, que tem isenção própria — não identificado nesta lista)."
22030000,CERVEJA INVICTA INICIACAO LN 355ML,1,Sem benefício de ICMS (produto sujeito a ICMS-ST),-,,60,,"Bebidas em geral estão no regime de Substituição Tributária em SP; ICMS já recolhido pelo fabricante/distribuidor. Sem cBenef na revenda ao consumidor final (exceto água mineral em galão retornável de 10 ou 20 litros, que tem isenção própria — não identificado nesta lista)."
22030000,CERVEJA INVICTA NO GRAIN NO GAIN LN 355ML,1,Sem benefício de ICMS (produto sujeito a ICMS-ST),-,,60,,"Bebidas em geral estão no regime de Substituição Tributária em SP; ICMS já recolhido pelo fabricante/distribuidor. Sem cBenef na revenda ao consumidor final (exceto água mineral em galão retornável de 10 ou 20 litros, que tem isenção própria — não identificado nesta lista)."
22030000,CERVEJA INVICTA ULTRA LIGHT LN 355ML,1,Sem benefício de ICMS (produto sujeito a ICMS-ST),-,,60,,"Bebidas em geral estão no regime de Substituição Tributária em SP; ICMS já recolhido pelo fabricante/distribuidor. Sem cBenef na revenda ao consumidor final (exceto água mineral em galão retornável de 10 ou 20 litros, que tem isenção própria — não identificado nesta lista)."
22030000,CERVEJA ORIGINAL 1L RETORNAVEL,1,Sem benefício de ICMS (produto sujeito a ICMS-ST),-,,60,,"Bebidas em geral estão no regime de Substituição Tributária em SP; ICMS já recolhido pelo fabricante/distribuidor. Sem cBenef na revenda ao consumidor final (exceto água mineral em galão retornável de 10 ou 20 litros, que tem isenção própria — não identificado nesta lista)."
22030000,CERVEJA ORIGINAL 300ML RETORNAVEL,1,Sem benefício de ICMS (produto sujeito a ICMS-ST),-,,60,,"Bebidas em geral estão no regime de Substituição Tributária em SP; ICMS já recolhido pelo fabricante/distribuidor. Sem cBenef na revenda ao consumidor final (exceto água mineral em galão retornável de 10 ou 20 litros, que tem isenção própria — não identificado nesta lista)."
22030000,CERVEJA ORIGINAL ANTARCTICA PILSEN 269ML,1,Sem benefício de ICMS (produto sujeito a ICMS-ST),-,,60,,"Bebidas em geral estão no regime de Substituição Tributária em SP; ICMS já recolhido pelo fabricante/distribuidor. Sem cBenef na revenda ao consumidor final (exceto água mineral em galão retornável de 10 ou 20 litros, que tem isenção própria — não identificado nesta lista)."
22030000,CERVEJA ORIGINAL LATA 350ML,1,Sem benefício de ICMS (produto sujeito a ICMS-ST),-,,60,,"Bebidas em geral estão no regime de Substituição Tributária em SP; ICMS já recolhido pelo fabricante/distribuidor. Sem cBenef na revenda ao consumidor final (exceto água mineral em galão retornável de 10 ou 20 litros, que tem isenção própria — não identificado nesta lista)."
22030000,CERVEJA ORIGINAL ONE WEY DESCARTAVEL 600ML.,1,Sem benefício de ICMS (produto sujeito a ICMS-ST),-,,60,,"Bebidas em geral estão no regime de Substituição Tributária em SP; ICMS já recolhido pelo fabricante/distribuidor. Sem cBenef na revenda ao consumidor final (exceto água mineral em galão retornável de 10 ou 20 litros, que tem isenção própria — não identificado nesta lista)."
22030000,CERVEJA PETRA ESCURA LN 330ML,1,Sem benefício de ICMS (produto sujeito a ICMS-ST),-,,60,,"Bebidas em geral estão no regime de Substituição Tributária em SP; ICMS já recolhido pelo fabricante/distribuidor. Sem cBenef na revenda ao consumidor final (exceto água mineral em galão retornável de 10 ou 20 litros, que tem isenção própria — não identificado nesta lista)."
22030000,CERVEJA PURO MALTE 3.0 LN 300ML,1,Sem benefício de ICMS (produto sujeito a ICMS-ST),-,,60,,"Bebidas em geral estão no regime de Substituição Tributária em SP; ICMS já recolhido pelo fabricante/distribuidor. Sem cBenef na revenda ao consumidor final (exceto água mineral em galão retornável de 10 ou 20 litros, que tem isenção própria — não identificado nesta lista)."
22030000,CERVEJA ROLETA RUSSA EASY IPA LN 355ML,1,Sem benefício de ICMS (produto sujeito a ICMS-ST),-,,60,,"Bebidas em geral estão no regime de Substituição Tributária em SP; ICMS já recolhido pelo fabricante/distribuidor. Sem cBenef na revenda ao consumidor final (exceto água mineral em galão retornável de 10 ou 20 litros, que tem isenção própria — não identificado nesta lista)."
22030000,CERVEJA SKOL PILSEN 350ML,1,Sem benefício de ICMS (produto sujeito a ICMS-ST),-,,60,,"Bebidas em geral estão no regime de Substituição Tributária em SP; ICMS já recolhido pelo fabricante/distribuidor. Sem cBenef na revenda ao consumidor final (exceto água mineral em galão retornável de 10 ou 20 litros, que tem isenção própria — não identificado nesta lista)."
22030000,CERVEJA SP330 CALIFORNICATION 500ML,1,Sem benefício de ICMS (produto sujeito a ICMS-ST),-,,60,,"Bebidas em geral estão no regime de Substituição Tributária em SP; ICMS já recolhido pelo fabricante/distribuidor. Sem cBenef na revenda ao consumidor final (exceto água mineral em galão retornável de 10 ou 20 litros, que tem isenção própria — não identificado nesta lista)."
22030000,CERVEJA SP330 SATISFACTION 500ML,1,Sem benefício de ICMS (produto sujeito a ICMS-ST),-,,60,,"Bebidas em geral estão no regime de Substituição Tributária em SP; ICMS já recolhido pelo fabricante/distribuidor. Sem cBenef na revenda ao consumidor final (exceto água mineral em galão retornável de 10 ou 20 litros, que tem isenção própria — não identificado nesta lista)."
22030000,CERVEJA SPATEN LT 350ML,1,Sem benefício de ICMS (produto sujeito a ICMS-ST),-,,60,,"Bebidas em geral estão no regime de Substituição Tributária em SP; ICMS já recolhido pelo fabricante/distribuidor. Sem cBenef na revenda ao consumidor final (exceto água mineral em galão retornável de 10 ou 20 litros, que tem isenção própria — não identificado nesta lista)."
22030000,CERVEJA SPATEN PURO MALTE 600ML ONE WAY,1,Sem benefício de ICMS (produto sujeito a ICMS-ST),-,,60,,"Bebidas em geral estão no regime de Substituição Tributária em SP; ICMS já recolhido pelo fabricante/distribuidor. Sem cBenef na revenda ao consumidor final (exceto água mineral em galão retornável de 10 ou 20 litros, que tem isenção própria — não identificado nesta lista)."
22030000,CERVEJA STELLA ARTOIS LN 330ML,1,Sem benefício de ICMS (produto sujeito a ICMS-ST),-,,60,,"Bebidas em geral estão no regime de Substituição Tributária em SP; ICMS já recolhido pelo fabricante/distribuidor. Sem cBenef na revenda ao consumidor final (exceto água mineral em galão retornável de 10 ou 20 litros, que tem isenção própria — não identificado nesta lista)."
22030000,CERVEJA STELLA ARTOIS ONE WAY 600 ML,1,Sem benefício de ICMS (produto sujeito a ICMS-ST),-,,60,,"Bebidas em geral estão no regime de Substituição Tributária em SP; ICMS já recolhido pelo fabricante/distribuidor. Sem cBenef na revenda ao consumidor final (exceto água mineral em galão retornável de 10 ou 20 litros, que tem isenção própria — não identificado nesta lista)."
22030000,CERVEJA STELLA ARTOIS PURE GOLD LN 330ML,1,Sem benefício de ICMS (produto sujeito a ICMS-ST),-,,60,,"Bebidas em geral estão no regime de Substituição Tributária em SP; ICMS já recolhido pelo fabricante/distribuidor. Sem cBenef na revenda ao consumidor final (exceto água mineral em galão retornável de 10 ou 20 litros, que tem isenção própria — não identificado nesta lista)."
22030000,CERVEJA STELLA ARTOIS PURE GOLD LT 350ML,1,Sem benefício de ICMS (produto sujeito a ICMS-ST),-,,60,,"Bebidas em geral estão no regime de Substituição Tributária em SP; ICMS já recolhido pelo fabricante/distribuidor. Sem cBenef na revenda ao consumidor final (exceto água mineral em galão retornável de 10 ou 20 litros, que tem isenção própria — não identificado nesta lista)."
22030000,CERVEJA STELLA ARTOIS SEM GLUTEN RETORNAVEL 600ML,1,Sem benefício de ICMS (produto sujeito a ICMS-ST),-,,60,,"Bebidas em geral estão no regime de Substituição Tributária em SP; ICMS já recolhido pelo fabricante/distribuidor. Sem cBenef na revenda ao consumidor final (exceto água mineral em galão retornável de 10 ou 20 litros, que tem isenção própria — não identificado nesta lista)."
22030000,CERVEJA WALFANGER GERMAN PILSNER LN 355ML,2,Sem benefício de ICMS (produto sujeito a ICMS-ST),-,,60,,"Bebidas em geral estão no regime de Substituição Tributária em SP; ICMS já recolhido pelo fabricante/distribuidor. Sem cBenef na revenda ao consumidor final (exceto água mineral em galão retornável de 10 ou 20 litros, que tem isenção própria — não identificado nesta lista)."
22030000,CERVEJA WALFANGER SESSION IPA LN 355ML,1,Sem benefício de ICMS (produto sujeito a ICMS-ST),-,,60,,"Bebidas em geral estão no regime de Substituição Tributária em SP; ICMS já recolhido pelo fabricante/distribuidor. Sem cBenef na revenda ao consumidor final (exceto água mineral em galão retornável de 10 ou 20 litros, que tem isenção própria — não identificado nesta lista)."
22030000,CERVEJA WALFANGER WEISSBIER LN 355ML,1,Sem benefício de ICMS (produto sujeito a ICMS-ST),-,,60,,"Bebidas em geral estão no regime de Substituição Tributária em SP; ICMS já recolhido pelo fabricante/distribuidor. Sem cBenef na revenda ao consumidor final (exceto água mineral em galão retornável de 10 ou 20 litros, que tem isenção própria — não identificado nesta lista)."
22030000,CHOPE INVICTA NEW SENSESSION 1L,1,Sem benefício de ICMS (produto sujeito a ICMS-ST),-,,60,,"Bebidas em geral estão no regime de Substituição Tributária em SP; ICMS já recolhido pelo fabricante/distribuidor. Sem cBenef na revenda ao consumidor final (exceto água mineral em galão retornável de 10 ou 20 litros, que tem isenção própria — não identificado nesta lista)."
22030000,CHOPE WALFANGER GERMAN LAGER 1L,4,Sem benefício de ICMS (produto sujeito a ICMS-ST),-,,60,,"Bebidas em geral estão no regime de Substituição Tributária em SP; ICMS já recolhido pelo fabricante/distribuidor. Sem cBenef na revenda ao consumidor final (exceto água mineral em galão retornável de 10 ou 20 litros, que tem isenção própria — não identificado nesta lista)."
22030000,CHOPE WALFANGER GERMAN PILSNER 1L,3,Sem benefício de ICMS (produto sujeito a ICMS-ST),-,,60,,"Bebidas em geral estão no regime de Substituição Tributária em SP; ICMS já recolhido pelo fabricante/distribuidor. Sem cBenef na revenda ao consumidor final (exceto água mineral em galão retornável de 10 ou 20 litros, que tem isenção própria — não identificado nesta lista)."
22030000,CHOPE WALFANGER SESSION IPA PET 1L,2,Sem benefício de ICMS (produto sujeito a ICMS-ST),-,,60,,"Bebidas em geral estão no regime de Substituição Tributária em SP; ICMS já recolhido pelo fabricante/distribuidor. Sem cBenef na revenda ao consumidor final (exceto água mineral em galão retornável de 10 ou 20 litros, que tem isenção própria — não identificado nesta lista)."
22030000,CHOPP CLARO ECOBIER LATA 473ML,1,Sem benefício de ICMS (produto sujeito a ICMS-ST),-,,60,,"Bebidas em geral estão no regime de Substituição Tributária em SP; ICMS já recolhido pelo fabricante/distribuidor. Sem cBenef na revenda ao consumidor final (exceto água mineral em galão retornável de 10 ou 20 litros, que tem isenção própria — não identificado nesta lista)."
22030000,CHOPP INVICTA PILSENER 1L,1,Sem benefício de ICMS (produto sujeito a ICMS-ST),-,,60,,"Bebidas em geral estão no regime de Substituição Tributária em SP; ICMS já recolhido pelo fabricante/distribuidor. Sem cBenef na revenda ao consumidor final (exceto água mineral em galão retornável de 10 ou 20 litros, que tem isenção própria — não identificado nesta lista)."
22030000,ESTRELA GALICIA LAGER 600ML,1,Sem benefício de ICMS (produto sujeito a ICMS-ST),-,,60,,"Bebidas em geral estão no regime de Substituição Tributária em SP; ICMS já recolhido pelo fabricante/distribuidor. Sem cBenef na revenda ao consumidor final (exceto água mineral em galão retornável de 10 ou 20 litros, que tem isenção própria — não identificado nesta lista)."
22030000,EXTRA SERRAMALTE 600ML,1,Sem benefício de ICMS (produto sujeito a ICMS-ST),-,,60,,"Bebidas em geral estão no regime de Substituição Tributária em SP; ICMS já recolhido pelo fabricante/distribuidor. Sem cBenef na revenda ao consumidor final (exceto água mineral em galão retornável de 10 ou 20 litros, que tem isenção própria — não identificado nesta lista)."
22030000,IMPERIO LAGER 600ML,1,Sem benefício de ICMS (produto sujeito a ICMS-ST),-,,60,,"Bebidas em geral estão no regime de Substituição Tributária em SP; ICMS já recolhido pelo fabricante/distribuidor. Sem cBenef na revenda ao consumidor final (exceto água mineral em galão retornável de 10 ou 20 litros, que tem isenção própria — não identificado nesta lista)."
22030000,IMPERIO PILSEN 473ML,1,Sem benefício de ICMS (produto sujeito a ICMS-ST),-,,60,,"Bebidas em geral estão no regime de Substituição Tributária em SP; ICMS já recolhido pelo fabricante/distribuidor. Sem cBenef na revenda ao consumidor final (exceto água mineral em galão retornável de 10 ou 20 litros, que tem isenção própria — não identificado nesta lista)."
22030000,IMPERIO PILSEN 600ML,1,Sem benefício de ICMS (produto sujeito a ICMS-ST),-,,60,,"Bebidas em geral estão no regime de Substituição Tributária em SP; ICMS já recolhido pelo fabricante/distribuidor. Sem cBenef na revenda ao consumidor final (exceto água mineral em galão retornável de 10 ou 20 litros, que tem isenção própria — não identificado nesta lista)."
22030000,IMPERIO PILSEN RETORNAVEL 300ML,2,Sem benefício de ICMS (produto sujeito a ICMS-ST),-,,60,,"Bebidas em geral estão no regime de Substituição Tributária em SP; ICMS já recolhido pelo fabricante/distribuidor. Sem cBenef na revenda ao consumidor final (exceto água mineral em galão retornável de 10 ou 20 litros, que tem isenção própria — não identificado nesta lista)."
22030000,SKOL 300ML.,1,Sem benefício de ICMS (produto sujeito a ICMS-ST),-,,60,,"Bebidas em geral estão no regime de Substituição Tributária em SP; ICMS já recolhido pelo fabricante/distribuidor. Sem cBenef na revenda ao consumidor final (exceto água mineral em galão retornável de 10 ou 20 litros, que tem isenção própria — não identificado nesta lista)."
22030000,SKOL 600ML,1,Sem benefício de ICMS (produto sujeito a ICMS-ST),-,,60,,"Bebidas em geral estão no regime de Substituição Tributária em SP; ICMS já recolhido pelo fabricante/distribuidor. Sem cBenef na revenda ao consumidor final (exceto água mineral em galão retornável de 10 ou 20 litros, que tem isenção própria — não identificado nesta lista)."
22030000,THEREZOPOLIS PURO MALTE GOLD 600ML,1,Sem benefício de ICMS (produto sujeito a ICMS-ST),-,,60,,"Bebidas em geral estão no regime de Substituição Tributária em SP; ICMS já recolhido pelo fabricante/distribuidor. Sem cBenef na revenda ao consumidor final (exceto água mineral em galão retornável de 10 ou 20 litros, que tem isenção própria — não identificado nesta lista)."
22041010,ESPUMANTE CHANDON RESERVE BRUT 750ML,1,Sem benefício de ICMS (produto sujeito a ICMS-ST),-,,60,,"Bebidas em geral estão no regime de Substituição Tributária em SP; ICMS já recolhido pelo fabricante/distribuidor. Sem cBenef na revenda ao consumidor final (exceto água mineral em galão retornável de 10 ou 20 litros, que tem isenção própria — não identificado nesta lista)."
22041010,ESPUMANTE SALTON BRUT ROSE 750ML,1,Sem benefício de ICMS (produto sujeito a ICMS-ST),-,,60,,"Bebidas em geral estão no regime de Substituição Tributária em SP; ICMS já recolhido pelo fabricante/distribuidor. Sem cBenef na revenda ao consumidor final (exceto água mineral em galão retornável de 10 ou 20 litros, que tem isenção própria — não identificado nesta lista)."
22041010,ESPUMANTE SALTON MOSCATO ROSE 750ML,1,Sem benefício de ICMS (produto sujeito a ICMS-ST),-,,60,,"Bebidas em geral estão no regime de Substituição Tributária em SP; ICMS já recolhido pelo fabricante/distribuidor. Sem cBenef na revenda ao consumidor final (exceto água mineral em galão retornável de 10 ou 20 litros, que tem isenção própria — não identificado nesta lista)."
22041010,ESPUMANTE SALTON PROSECCO BRUT ROSE 750ML,1,Sem benefício de ICMS (produto sujeito a ICMS-ST),-,,60,,"Bebidas em geral estão no regime de Substituição Tributária em SP; ICMS já recolhido pelo fabricante/distribuidor. Sem cBenef na revenda ao consumidor final (exceto água mineral em galão retornável de 10 ou 20 litros, que tem isenção própria — não identificado nesta lista)."
22041090,ESPUMANTE MOSCATEL SALTON 750ML,1,Sem benefício de ICMS (produto sujeito a ICMS-ST),-,,60,,"Bebidas em geral estão no regime de Substituição Tributária em SP; ICMS já recolhido pelo fabricante/distribuidor. Sem cBenef na revenda ao consumidor final (exceto água mineral em galão retornável de 10 ou 20 litros, que tem isenção própria — não identificado nesta lista)."
22042100,VINHO ALTOS DEL PLATA TERRAZAS MALBEC 750ML,1,Sem benefício de ICMS (produto sujeito a ICMS-ST),-,,60,,"Bebidas em geral estão no regime de Substituição Tributária em SP; ICMS já recolhido pelo fabricante/distribuidor. Sem cBenef na revenda ao consumidor final (exceto água mineral em galão retornável de 10 ou 20 litros, que tem isenção própria — não identificado nesta lista)."
22042100,VINHO LATITUDE 33 MALBEC 750ML,1,Sem benefício de ICMS (produto sujeito a ICMS-ST),-,,60,,"Bebidas em geral estão no regime de Substituição Tributária em SP; ICMS já recolhido pelo fabricante/distribuidor. Sem cBenef na revenda ao consumidor final (exceto água mineral em galão retornável de 10 ou 20 litros, que tem isenção própria — não identificado nesta lista)."
22060090,CERVEJA SKOL BEATS RED MIX LN 269ML,1,Sem benefício de ICMS (produto sujeito a ICMS-ST),-,,60,,"Bebidas em geral estão no regime de Substituição Tributária em SP; ICMS já recolhido pelo fabricante/distribuidor. Sem cBenef na revenda ao consumidor final (exceto água mineral em galão retornável de 10 ou 20 litros, que tem isenção própria — não identificado nesta lista)."
22060090,MANSAO MAROMBA MAÇA VERDE 1L,1,Sem benefício de ICMS (produto sujeito a ICMS-ST),-,,60,,"Bebidas em geral estão no regime de Substituição Tributária em SP; ICMS já recolhido pelo fabricante/distribuidor. Sem cBenef na revenda ao consumidor final (exceto água mineral em galão retornável de 10 ou 20 litros, que tem isenção própria — não identificado nesta lista)."
22060090,VODKA MANSAO MAROMBA 1L,1,Sem benefício de ICMS (produto sujeito a ICMS-ST),-,,60,,"Bebidas em geral estão no regime de Substituição Tributária em SP; ICMS já recolhido pelo fabricante/distribuidor. Sem cBenef na revenda ao consumidor final (exceto água mineral em galão retornável de 10 ou 20 litros, que tem isenção própria — não identificado nesta lista)."
22060090,VODKA MANSAO MAROMBA TRADICIONAL 1L,1,Sem benefício de ICMS (produto sujeito a ICMS-ST),-,,60,,"Bebidas em geral estão no regime de Substituição Tributária em SP; ICMS já recolhido pelo fabricante/distribuidor. Sem cBenef na revenda ao consumidor final (exceto água mineral em galão retornável de 10 ou 20 litros, que tem isenção própria — não identificado nesta lista)."
22060090,VODKA SMIRNOFF ICE ORIGINAL LT 269ML,1,Sem benefício de ICMS (produto sujeito a ICMS-ST),-,,60,,"Bebidas em geral estão no regime de Substituição Tributária em SP; ICMS já recolhido pelo fabricante/distribuidor. Sem cBenef na revenda ao consumidor final (exceto água mineral em galão retornável de 10 ou 20 litros, que tem isenção própria — não identificado nesta lista)."
22071090,ETANOL.,1,Sem benefício de ICMS (produto sujeito a ICMS-ST),-,,60,,"Bebidas em geral estão no regime de Substituição Tributária em SP; ICMS já recolhido pelo fabricante/distribuidor. Sem cBenef na revenda ao consumidor final (exceto água mineral em galão retornável de 10 ou 20 litros, que tem isenção própria — não identificado nesta lista)."
22083020,WHISKY JACK DANIELS 375ML,1,Sem benefício de ICMS (produto sujeito a ICMS-ST),-,,60,,"Bebidas em geral estão no regime de Substituição Tributária em SP; ICMS já recolhido pelo fabricante/distribuidor. Sem cBenef na revenda ao consumidor final (exceto água mineral em galão retornável de 10 ou 20 litros, que tem isenção própria — não identificado nesta lista)."
22084000,AGUARDENTE 51 965ML,1,Sem benefício de ICMS (produto sujeito a ICMS-ST),-,,60,,"Bebidas em geral estão no regime de Substituição Tributária em SP; ICMS já recolhido pelo fabricante/distribuidor. Sem cBenef na revenda ao consumidor final (exceto água mineral em galão retornável de 10 ou 20 litros, que tem isenção própria — não identificado nesta lista)."
22089000,BEBIDA APEROL APERITIVO 750ML,1,Sem benefício de ICMS (produto sujeito a ICMS-ST),-,,60,,"Bebidas em geral estão no regime de Substituição Tributária em SP; ICMS já recolhido pelo fabricante/distribuidor. Sem cBenef na revenda ao consumidor final (exceto água mineral em galão retornável de 10 ou 20 litros, que tem isenção própria — não identificado nesta lista)."
22089000,CERVEJA SKOL BEATS GT 269ML.,1,Sem benefício de ICMS (produto sujeito a ICMS-ST),-,,60,,"Bebidas em geral estão no regime de Substituição Tributária em SP; ICMS já recolhido pelo fabricante/distribuidor. Sem cBenef na revenda ao consumidor final (exceto água mineral em galão retornável de 10 ou 20 litros, que tem isenção própria — não identificado nesta lista)."
22089000,CERVEJA SKOL BEATS SENSE LN 269ML,1,Sem benefício de ICMS (produto sujeito a ICMS-ST),-,,60,,"Bebidas em geral estão no regime de Substituição Tributária em SP; ICMS já recolhido pelo fabricante/distribuidor. Sem cBenef na revenda ao consumidor final (exceto água mineral em galão retornável de 10 ou 20 litros, que tem isenção própria — não identificado nesta lista)."
22089000,COQUETEL CAMPARI BITTER 998ML,1,Sem benefício de ICMS (produto sujeito a ICMS-ST),-,,60,,"Bebidas em geral estão no regime de Substituição Tributária em SP; ICMS já recolhido pelo fabricante/distribuidor. Sem cBenef na revenda ao consumidor final (exceto água mineral em galão retornável de 10 ou 20 litros, que tem isenção própria — não identificado nesta lista)."
22089000,COQUETEL SCHWEPPES MIXED MARACUJA  269ML,1,Sem benefício de ICMS (produto sujeito a ICMS-ST),-,,60,,"Bebidas em geral estão no regime de Substituição Tributária em SP; ICMS já recolhido pelo fabricante/distribuidor. Sem cBenef na revenda ao consumidor final (exceto água mineral em galão retornável de 10 ou 20 litros, que tem isenção própria — não identificado nesta lista)."
22089000,VODKA 51 ICE BALADA 275ML,1,Sem benefício de ICMS (produto sujeito a ICMS-ST),-,,60,,"Bebidas em geral estão no regime de Substituição Tributária em SP; ICMS já recolhido pelo fabricante/distribuidor. Sem cBenef na revenda ao consumidor final (exceto água mineral em galão retornável de 10 ou 20 litros, que tem isenção própria — não identificado nesta lista)."
22089000,VODKA 51 ICE FRUIT MIX MORANGO E LARANJA 275ML.,1,Sem benefício de ICMS (produto sujeito a ICMS-ST),-,,60,,"Bebidas em geral estão no regime de Substituição Tributária em SP; ICMS já recolhido pelo fabricante/distribuidor. Sem cBenef na revenda ao consumidor final (exceto água mineral em galão retornável de 10 ou 20 litros, que tem isenção própria — não identificado nesta lista)."
22089000,VODKA 51 ICE KIWI 275ML,1,Sem benefício de ICMS (produto sujeito a ICMS-ST),-,,60,,"Bebidas em geral estão no regime de Substituição Tributária em SP; ICMS já recolhido pelo fabricante/distribuidor. Sem cBenef na revenda ao consumidor final (exceto água mineral em galão retornável de 10 ou 20 litros, que tem isenção própria — não identificado nesta lista)."
22089000,VODKA 51 ICE LIMAO 275ML,1,Sem benefício de ICMS (produto sujeito a ICMS-ST),-,,60,,"Bebidas em geral estão no regime de Substituição Tributária em SP; ICMS já recolhido pelo fabricante/distribuidor. Sem cBenef na revenda ao consumidor final (exceto água mineral em galão retornável de 10 ou 20 litros, que tem isenção própria — não identificado nesta lista)."
23099010,RACAO PEDIGREE ADULTO PARA CAES CARNE 100G,1,Sem benefício identificado (tributação normal / possível ICMS-ST),-,,00/60/61,,"Não foi identificado dispositivo de isenção, redução, diferimento ou suspensão do RICMS-SP para este item. Muitos produtos industrializados (chocolates, biscoitos recheados, salgadinhos, sorvetes, refrigerados diversos) estão sujeitos a ICMS-ST, que dispensa cBenef na revenda (CST 60/61)."
23099010,RACAO PEDIGREE CARNE E VEGETAIS 900G,1,Sem benefício identificado (tributação normal / possível ICMS-ST),-,,00/60/61,,"Não foi identificado dispositivo de isenção, redução, diferimento ou suspensão do RICMS-SP para este item. Muitos produtos industrializados (chocolates, biscoitos recheados, salgadinhos, sorvetes, refrigerados diversos) estão sujeitos a ICMS-ST, que dispensa cBenef na revenda (CST 60/61)."
23099010,RACAO PEDIGREE FILHOTHES CAR FRA CER 900G,1,Sem benefício identificado (tributação normal / possível ICMS-ST),-,,00/60/61,,"Não foi identificado dispositivo de isenção, redução, diferimento ou suspensão do RICMS-SP para este item. Muitos produtos industrializados (chocolates, biscoitos recheados, salgadinhos, sorvetes, refrigerados diversos) estão sujeitos a ICMS-ST, que dispensa cBenef na revenda (CST 60/61)."
23099010,RACAO PEDIGREE RACAS PEQUENAS 900G,1,Sem benefício identificado (tributação normal / possível ICMS-ST),-,,00/60/61,,"Não foi identificado dispositivo de isenção, redução, diferimento ou suspensão do RICMS-SP para este item. Muitos produtos industrializados (chocolates, biscoitos recheados, salgadinhos, sorvetes, refrigerados diversos) estão sujeitos a ICMS-ST, que dispensa cBenef na revenda (CST 60/61)."
23099010,RACAO PEDIGREE SACHE FILHOTES CARNE 100G,1,Sem benefício identificado (tributação normal / possível ICMS-ST),-,,00/60/61,,"Não foi identificado dispositivo de isenção, redução, diferimento ou suspensão do RICMS-SP para este item. Muitos produtos industrializados (chocolates, biscoitos recheados, salgadinhos, sorvetes, refrigerados diversos) estão sujeitos a ICMS-ST, que dispensa cBenef na revenda (CST 60/61)."
23099010,RACAO WHISKAS SACHE ADULTO SALMAO 85G,1,Sem benefício identificado (tributação normal / possível ICMS-ST),-,,00/60/61,,"Não foi identificado dispositivo de isenção, redução, diferimento ou suspensão do RICMS-SP para este item. Muitos produtos industrializados (chocolates, biscoitos recheados, salgadinhos, sorvetes, refrigerados diversos) estão sujeitos a ICMS-ST, que dispensa cBenef na revenda (CST 60/61)."
23099010,RACAO WHISKAS SACHE CARNE 85G,1,Sem benefício identificado (tributação normal / possível ICMS-ST),-,,00/60/61,,"Não foi identificado dispositivo de isenção, redução, diferimento ou suspensão do RICMS-SP para este item. Muitos produtos industrializados (chocolates, biscoitos recheados, salgadinhos, sorvetes, refrigerados diversos) estão sujeitos a ICMS-ST, que dispensa cBenef na revenda (CST 60/61)."
24021000,CIGARRILHA TALVIS BROWN,1,Sem benefício de ICMS (produto sujeito a ICMS-ST),-,,60,,Cigarros/fumo são tributados por Substituição Tributária; ICMS já retido na origem. Sem cBenef na revenda.
24022000,CIGARRO CAMEL BLUE NATURAL FLAVOR,1,Sem benefício de ICMS (produto sujeito a ICMS-ST),-,,60,,Cigarros/fumo são tributados por Substituição Tributária; ICMS já retido na origem. Sem cBenef na revenda.
24022000,CIGARRO CAMEL KRETEK BERRY BOX,2,Sem benefício de ICMS (produto sujeito a ICMS-ST),-,,60,,Cigarros/fumo são tributados por Substituição Tributária; ICMS já retido na origem. Sem cBenef na revenda.
24022000,CIGARRO CAMEL KRETEK MENTHOL BOX,1,Sem benefício de ICMS (produto sujeito a ICMS-ST),-,,60,,Cigarros/fumo são tributados por Substituição Tributária; ICMS já retido na origem. Sem cBenef na revenda.
24022000,CIGARRO CAMEL LEGEND BLUE BOX,1,Sem benefício de ICMS (produto sujeito a ICMS-ST),-,,60,,Cigarros/fumo são tributados por Substituição Tributária; ICMS já retido na origem. Sem cBenef na revenda.
24022000,CIGARRO CAMEL LEGEND YELLOW BOX,1,Sem benefício de ICMS (produto sujeito a ICMS-ST),-,,60,,Cigarros/fumo são tributados por Substituição Tributária; ICMS já retido na origem. Sem cBenef na revenda.
24022000,CIGARRO CAMEL PURPLE BEACH,1,Sem benefício de ICMS (produto sujeito a ICMS-ST),-,,60,,Cigarros/fumo são tributados por Substituição Tributária; ICMS já retido na origem. Sem cBenef na revenda.
24022000,CIGARRO CAMEL RED DUNE BOX,1,Sem benefício de ICMS (produto sujeito a ICMS-ST),-,,60,,Cigarros/fumo são tributados por Substituição Tributária; ICMS já retido na origem. Sem cBenef na revenda.
24022000,CIGARRO CAMEL YELLOW BOX,2,Sem benefício de ICMS (produto sujeito a ICMS-ST),-,,60,,Cigarros/fumo são tributados por Substituição Tributária; ICMS já retido na origem. Sem cBenef na revenda.
24022000,CIGARRO CAMEL YELLOW TROPICAL BOX,1,Sem benefício de ICMS (produto sujeito a ICMS-ST),-,,60,,Cigarros/fumo são tributados por Substituição Tributária; ICMS já retido na origem. Sem cBenef na revenda.
24022000,CIGARRO CHESTERFIELD BLUE FT BOX,1,Sem benefício de ICMS (produto sujeito a ICMS-ST),-,,60,,Cigarros/fumo são tributados por Substituição Tributária; ICMS já retido na origem. Sem cBenef na revenda.
24022000,CIGARRO CHESTERFIELD BLUE TERRAS BRASILEIRAS BOX.,1,Sem benefício de ICMS (produto sujeito a ICMS-ST),-,,60,,Cigarros/fumo são tributados por Substituição Tributária; ICMS já retido na origem. Sem cBenef na revenda.
24022000,CIGARRO CHESTERFIELD FRESH REMIX MINT BOX,1,Sem benefício de ICMS (produto sujeito a ICMS-ST),-,,60,,Cigarros/fumo são tributados por Substituição Tributária; ICMS já retido na origem. Sem cBenef na revenda.
24022000,CIGARRO CHESTERFIELD ORIGINAL BOX,1,Sem benefício de ICMS (produto sujeito a ICMS-ST),-,,60,,Cigarros/fumo são tributados por Substituição Tributária; ICMS já retido na origem. Sem cBenef na revenda.
24022000,CIGARRO CHESTERFIELD WILD REMIX BOX,1,Sem benefício de ICMS (produto sujeito a ICMS-ST),-,,60,,Cigarros/fumo são tributados por Substituição Tributária; ICMS já retido na origem. Sem cBenef na revenda.
24022000,CIGARRO DE PALHA DOURADINHO MENTA,1,Sem benefício de ICMS (produto sujeito a ICMS-ST),-,,60,,Cigarros/fumo são tributados por Substituição Tributária; ICMS já retido na origem. Sem cBenef na revenda.
24022000,CIGARRO DE PALHA DOURADINHO OURO,2,Sem benefício de ICMS (produto sujeito a ICMS-ST),-,,60,,Cigarros/fumo são tributados por Substituição Tributária; ICMS já retido na origem. Sem cBenef na revenda.
24022000,CIGARRO DE PALHA DOURADINHO TRADICIONAL,1,Sem benefício de ICMS (produto sujeito a ICMS-ST),-,,60,,Cigarros/fumo são tributados por Substituição Tributária; ICMS já retido na origem. Sem cBenef na revenda.
24022000,CIGARRO DE PALHA PALHEIROS UNIVERSITHA MENTA,1,Sem benefício de ICMS (produto sujeito a ICMS-ST),-,,60,,Cigarros/fumo são tributados por Substituição Tributária; ICMS já retido na origem. Sem cBenef na revenda.
24022000,CIGARRO DE PALHA PALHEIROS UNIVERSITHA OURO 10X10,1,Sem benefício de ICMS (produto sujeito a ICMS-ST),-,,60,,Cigarros/fumo são tributados por Substituição Tributária; ICMS já retido na origem. Sem cBenef na revenda.
24022000,CIGARRO DE PALHA PALHEIROS UNIVERSITHA TRADICIONAL 10UN,1,Sem benefício de ICMS (produto sujeito a ICMS-ST),-,,60,,Cigarros/fumo são tributados por Substituição Tributária; ICMS já retido na origem. Sem cBenef na revenda.
24022000,CIGARRO DE PALHA PALHEIROS UNIVERSITHA TRADICIONAL COM FILTRO 20UN,1,Sem benefício de ICMS (produto sujeito a ICMS-ST),-,,60,,Cigarros/fumo são tributados por Substituição Tributária; ICMS já retido na origem. Sem cBenef na revenda.
24022000,CIGARRO DE PALHA PAULISTINHA CLASSIC COM FILTRO,1,Sem benefício de ICMS (produto sujeito a ICMS-ST),-,,60,,Cigarros/fumo são tributados por Substituição Tributária; ICMS já retido na origem. Sem cBenef na revenda.
24022000,CIGARRO DE PALHA PAULISTINHA CLASSIC MENTA,1,Sem benefício de ICMS (produto sujeito a ICMS-ST),-,,60,,Cigarros/fumo são tributados por Substituição Tributária; ICMS já retido na origem. Sem cBenef na revenda.
24022000,CIGARRO DE PALHA PAULISTINHA MENTA,1,Sem benefício de ICMS (produto sujeito a ICMS-ST),-,,60,,Cigarros/fumo são tributados por Substituição Tributária; ICMS já retido na origem. Sem cBenef na revenda.
24022000,CIGARRO DE PALHA PAULISTINHA SERIE OURO,2,Sem benefício de ICMS (produto sujeito a ICMS-ST),-,,60,,Cigarros/fumo são tributados por Substituição Tributária; ICMS já retido na origem. Sem cBenef na revenda.
24022000,CIGARRO DE PALHA PAULISTINHA TRADICIONAL,1,Sem benefício de ICMS (produto sujeito a ICMS-ST),-,,60,,Cigarros/fumo são tributados por Substituição Tributária; ICMS já retido na origem. Sem cBenef na revenda.
24022000,CIGARRO DE PALHA SANTROPEZ BOX TRADICIONAL,1,Sem benefício de ICMS (produto sujeito a ICMS-ST),-,,60,,Cigarros/fumo são tributados por Substituição Tributária; ICMS já retido na origem. Sem cBenef na revenda.
24022000,CIGARRO DE PALHA SANTROPEZ MENTA BOX,1,Sem benefício de ICMS (produto sujeito a ICMS-ST),-,,60,,Cigarros/fumo são tributados por Substituição Tributária; ICMS já retido na origem. Sem cBenef na revenda.
24022000,CIGARRO DE PALHA SANTROPEZ OURO 20UN,1,Sem benefício de ICMS (produto sujeito a ICMS-ST),-,,60,,Cigarros/fumo são tributados por Substituição Tributária; ICMS já retido na origem. Sem cBenef na revenda.
24022000,CIGARRO DE PALHA SANTROPEZ PREMIUM,1,Sem benefício de ICMS (produto sujeito a ICMS-ST),-,,60,,Cigarros/fumo são tributados por Substituição Tributária; ICMS já retido na origem. Sem cBenef na revenda.
24022000,CIGARRO DJARUM BLACK,2,Sem benefício de ICMS (produto sujeito a ICMS-ST),-,,60,,Cigarros/fumo são tributados por Substituição Tributária; ICMS já retido na origem. Sem cBenef na revenda.
24022000,CIGARRO DJARUM BLACK ICE,2,Sem benefício de ICMS (produto sujeito a ICMS-ST),-,,60,,Cigarros/fumo são tributados por Substituição Tributária; ICMS já retido na origem. Sem cBenef na revenda.
24022000,CIGARRO DJARUM BLACK MENTHOL,1,Sem benefício de ICMS (produto sujeito a ICMS-ST),-,,60,,Cigarros/fumo são tributados por Substituição Tributária; ICMS já retido na origem. Sem cBenef na revenda.
24022000,CIGARRO DJARUM LA MENTOL.,1,Sem benefício de ICMS (produto sujeito a ICMS-ST),-,,60,,Cigarros/fumo são tributados por Substituição Tributária; ICMS já retido na origem. Sem cBenef na revenda.
24022000,CIGARRO DUNHILL BLUE BLEND 2.0 BOX,1,Sem benefício de ICMS (produto sujeito a ICMS-ST),-,,60,,Cigarros/fumo são tributados por Substituição Tributária; ICMS já retido na origem. Sem cBenef na revenda.
24022000,CIGARRO DUNHILL CARLT BLEND 2.0 BOX,1,Sem benefício de ICMS (produto sujeito a ICMS-ST),-,,60,,Cigarros/fumo são tributados por Substituição Tributária; ICMS já retido na origem. Sem cBenef na revenda.
24022000,CIGARRO DUNHILL EVOQUE TABACO BLEND BOX,1,Sem benefício de ICMS (produto sujeito a ICMS-ST),-,,60,,Cigarros/fumo são tributados por Substituição Tributária; ICMS já retido na origem. Sem cBenef na revenda.
24022000,CIGARRO DUNHILL IN BLUE POS BOX,1,Sem benefício de ICMS (produto sujeito a ICMS-ST),-,,60,,Cigarros/fumo são tributados por Substituição Tributária; ICMS já retido na origem. Sem cBenef na revenda.
24022000,CIGARRO DUNHILL IN RED BOX,1,Sem benefício de ICMS (produto sujeito a ICMS-ST),-,,60,,Cigarros/fumo são tributados por Substituição Tributária; ICMS já retido na origem. Sem cBenef na revenda.
24022000,CIGARRO DUNHILL VOYAGE DOUBLE REFRESH BOX,1,Sem benefício de ICMS (produto sujeito a ICMS-ST),-,,60,,Cigarros/fumo são tributados por Substituição Tributária; ICMS já retido na origem. Sem cBenef na revenda.
24022000,CIGARRO DUNHILL VOYAGE ICE REFRESH BOX,1,Sem benefício de ICMS (produto sujeito a ICMS-ST),-,,60,,Cigarros/fumo são tributados por Substituição Tributária; ICMS já retido na origem. Sem cBenef na revenda.
24022000,CIGARRO EL PONCIO GUDANG RED,1,Sem benefício de ICMS (produto sujeito a ICMS-ST),-,,60,,Cigarros/fumo são tributados por Substituição Tributária; ICMS já retido na origem. Sem cBenef na revenda.
24022000,CIGARRO HARMONY BY LUXOR BOX.,1,Sem benefício de ICMS (produto sujeito a ICMS-ST),-,,60,,Cigarros/fumo são tributados por Substituição Tributária; ICMS já retido na origem. Sem cBenef na revenda.
24022000,CIGARRO HARMONY SELECIONADO BOX,1,Sem benefício de ICMS (produto sujeito a ICMS-ST),-,,60,,Cigarros/fumo são tributados por Substituição Tributária; ICMS já retido na origem. Sem cBenef na revenda.
24022000,CIGARRO KENT RED MACO WILLIS,1,Sem benefício de ICMS (produto sujeito a ICMS-ST),-,,60,,Cigarros/fumo são tributados por Substituição Tributária; ICMS já retido na origem. Sem cBenef na revenda.
24022000,CIGARRO KENT SILVER MACO WILLIS,1,Sem benefício de ICMS (produto sujeito a ICMS-ST),-,,60,,Cigarros/fumo são tributados por Substituição Tributária; ICMS já retido na origem. Sem cBenef na revenda.
24022000,CIGARRO LM BLUE FIRST CUT,1,Sem benefício de ICMS (produto sujeito a ICMS-ST),-,,60,,Cigarros/fumo são tributados por Substituição Tributária; ICMS já retido na origem. Sem cBenef na revenda.
24022000,CIGARRO LM BLUE LABEL BOX,1,Sem benefício de ICMS (produto sujeito a ICMS-ST),-,,60,,Cigarros/fumo são tributados por Substituição Tributária; ICMS já retido na origem. Sem cBenef na revenda.
24022000,CIGARRO LM RED FIRST CUT,1,Sem benefício de ICMS (produto sujeito a ICMS-ST),-,,60,,Cigarros/fumo são tributados por Substituição Tributária; ICMS já retido na origem. Sem cBenef na revenda.
24022000,CIGARRO LM SILVER FIRST CUT BOX,1,Sem benefício de ICMS (produto sujeito a ICMS-ST),-,,60,,Cigarros/fumo são tributados por Substituição Tributária; ICMS já retido na origem. Sem cBenef na revenda.
24022000,CIGARRO LUCKY STRIKE AZUL PATTERSON BOX,1,Sem benefício de ICMS (produto sujeito a ICMS-ST),-,,60,,Cigarros/fumo são tributados por Substituição Tributária; ICMS já retido na origem. Sem cBenef na revenda.
24022000,CIGARRO LUCKY STRIKE BLUE BOX.,1,Sem benefício de ICMS (produto sujeito a ICMS-ST),-,,60,,Cigarros/fumo são tributados por Substituição Tributária; ICMS já retido na origem. Sem cBenef na revenda.
24022000,CIGARRO LUCKY STRIKE FRESH MINT X BOX,1,Sem benefício de ICMS (produto sujeito a ICMS-ST),-,,60,,Cigarros/fumo são tributados por Substituição Tributária; ICMS já retido na origem. Sem cBenef na revenda.
24022000,CIGARRO LUCKY STRIKE PURPLE MIX BOX,1,Sem benefício de ICMS (produto sujeito a ICMS-ST),-,,60,,Cigarros/fumo são tributados por Substituição Tributária; ICMS já retido na origem. Sem cBenef na revenda.
24022000,CIGARRO LUCKY STRIKE RED MIX BOX,1,Sem benefício de ICMS (produto sujeito a ICMS-ST),-,,60,,Cigarros/fumo são tributados por Substituição Tributária; ICMS já retido na origem. Sem cBenef na revenda.
24022000,CIGARRO MARLBORO BLUE ICE BOX,1,Sem benefício de ICMS (produto sujeito a ICMS-ST),-,,60,,Cigarros/fumo são tributados por Substituição Tributária; ICMS já retido na origem. Sem cBenef na revenda.
24022000,CIGARRO MARLBORO BLUE SELECTION BOX,1,Sem benefício de ICMS (produto sujeito a ICMS-ST),-,,60,,Cigarros/fumo são tributados por Substituição Tributária; ICMS já retido na origem. Sem cBenef na revenda.
24022000,CIGARRO MARLBORO BLUE SELECTION MACO,1,Sem benefício de ICMS (produto sujeito a ICMS-ST),-,,60,,Cigarros/fumo são tributados por Substituição Tributária; ICMS já retido na origem. Sem cBenef na revenda.
24022000,CIGARRO MARLBORO FILTER PLUS BOX,1,Sem benefício de ICMS (produto sujeito a ICMS-ST),-,,60,,Cigarros/fumo são tributados por Substituição Tributária; ICMS já retido na origem. Sem cBenef na revenda.
24022000,CIGARRO MARLBORO FOREST FUSION BOX,1,Sem benefício de ICMS (produto sujeito a ICMS-ST),-,,60,,Cigarros/fumo são tributados por Substituição Tributária; ICMS já retido na origem. Sem cBenef na revenda.
24022000,CIGARRO MARLBORO GOLD SELECTION BOX,1,Sem benefício de ICMS (produto sujeito a ICMS-ST),-,,60,,Cigarros/fumo são tributados por Substituição Tributária; ICMS já retido na origem. Sem cBenef na revenda.
24022000,CIGARRO MARLBORO GOLD SELECTION MACO,1,Sem benefício de ICMS (produto sujeito a ICMS-ST),-,,60,,Cigarros/fumo são tributados por Substituição Tributária; ICMS já retido na origem. Sem cBenef na revenda.
24022000,CIGARRO MARLBORO LIGHT BOX,1,Sem benefício de ICMS (produto sujeito a ICMS-ST),-,,60,,Cigarros/fumo são tributados por Substituição Tributária; ICMS já retido na origem. Sem cBenef na revenda.
24022000,CIGARRO MARLBORO LIGHT MACO,1,Sem benefício de ICMS (produto sujeito a ICMS-ST),-,,60,,Cigarros/fumo são tributados por Substituição Tributária; ICMS já retido na origem. Sem cBenef na revenda.
24022000,CIGARRO MARLBORO RED BOX,1,Sem benefício de ICMS (produto sujeito a ICMS-ST),-,,60,,Cigarros/fumo são tributados por Substituição Tributária; ICMS já retido na origem. Sem cBenef na revenda.
24022000,CIGARRO MARLBORO RED MACO,1,Sem benefício de ICMS (produto sujeito a ICMS-ST),-,,60,,Cigarros/fumo são tributados por Substituição Tributária; ICMS já retido na origem. Sem cBenef na revenda.
24022000,CIGARRO MARLBORO RED SELECT BOX,1,Sem benefício de ICMS (produto sujeito a ICMS-ST),-,,60,,Cigarros/fumo são tributados por Substituição Tributária; ICMS já retido na origem. Sem cBenef na revenda.
24022000,CIGARRO MARLBORO RED SELECTION MACO,1,Sem benefício de ICMS (produto sujeito a ICMS-ST),-,,60,,Cigarros/fumo são tributados por Substituição Tributária; ICMS já retido na origem. Sem cBenef na revenda.
24022000,CIGARRO MARLBORO TROPICAL FUSION MNT BOX,1,Sem benefício de ICMS (produto sujeito a ICMS-ST),-,,60,,Cigarros/fumo são tributados por Substituição Tributária; ICMS já retido na origem. Sem cBenef na revenda.
24022000,CIGARRO PARLIAMENT BOX,1,Sem benefício de ICMS (produto sujeito a ICMS-ST),-,,60,,Cigarros/fumo são tributados por Substituição Tributária; ICMS já retido na origem. Sem cBenef na revenda.
24022000,CIGARRO ROTHMANS BLUE BOX GLOBAL,2,Sem benefício de ICMS (produto sujeito a ICMS-ST),-,,60,,Cigarros/fumo são tributados por Substituição Tributária; ICMS já retido na origem. Sem cBenef na revenda.
24022000,CIGARRO ROTHMANS GLOBAL SILVER BOX.,1,Sem benefício de ICMS (produto sujeito a ICMS-ST),-,,60,,Cigarros/fumo são tributados por Substituição Tributária; ICMS já retido na origem. Sem cBenef na revenda.
24022000,CIGARRO ROTHMANS INTER BOX,1,Sem benefício de ICMS (produto sujeito a ICMS-ST),-,,60,,Cigarros/fumo são tributados por Substituição Tributária; ICMS já retido na origem. Sem cBenef na revenda.
24022000,CIGARRO ROTHMANS LONDON RED BOX.,1,Sem benefício de ICMS (produto sujeito a ICMS-ST),-,,60,,Cigarros/fumo são tributados por Substituição Tributária; ICMS já retido na origem. Sem cBenef na revenda.
24022000,CIGARRO SAMPOERNA CRAVO,1,Sem benefício de ICMS (produto sujeito a ICMS-ST),-,,60,,Cigarros/fumo são tributados por Substituição Tributária; ICMS já retido na origem. Sem cBenef na revenda.
24022000,CIGARRO WINSTON BLUE HAND SELECT,4,Sem benefício de ICMS (produto sujeito a ICMS-ST),-,,60,,Cigarros/fumo são tributados por Substituição Tributária; ICMS já retido na origem. Sem cBenef na revenda.
24022000,CIGARRO WINSTON CLASSIC HST BOX,2,Sem benefício de ICMS (produto sujeito a ICMS-ST),-,,60,,Cigarros/fumo são tributados por Substituição Tributária; ICMS já retido na origem. Sem cBenef na revenda.
24022000,CIGARRO WINSTON PURPLE MINT BOX,1,Sem benefício de ICMS (produto sujeito a ICMS-ST),-,,60,,Cigarros/fumo são tributados por Substituição Tributária; ICMS já retido na origem. Sem cBenef na revenda.
24022000,CIGARRO WINSTON SILVER BOX,1,Sem benefício de ICMS (produto sujeito a ICMS-ST),-,,60,,Cigarros/fumo são tributados por Substituição Tributária; ICMS já retido na origem. Sem cBenef na revenda.
24031900,FUMO DE TABACCO AMSTERDAM NATURAL ESPECIAL 25G,1,Sem benefício de ICMS (produto sujeito a ICMS-ST),-,,60,,Cigarros/fumo são tributados por Substituição Tributária; ICMS já retido na origem. Sem cBenef na revenda.
24031900,FUMO DE TABACCO SASSO TAB DESTALADO,1,Sem benefício de ICMS (produto sujeito a ICMS-ST),-,,60,,Cigarros/fumo são tributados por Substituição Tributária; ICMS já retido na origem. Sem cBenef na revenda.
24031900,FUMO DESFIADO XORORO 21G,1,Sem benefício de ICMS (produto sujeito a ICMS-ST),-,,60,,Cigarros/fumo são tributados por Substituição Tributária; ICMS já retido na origem. Sem cBenef na revenda.
24031900,TABACO DESFIADO AMERICAN SPIRIT BLUE 30G,1,Sem benefício de ICMS (produto sujeito a ICMS-ST),-,,60,,Cigarros/fumo são tributados por Substituição Tributária; ICMS já retido na origem. Sem cBenef na revenda.
27101259,GASOLINA ADITIVADA,1,Sem benefício de ICMS (regime monofásico/próprio de combustíveis),-,,02/60,,Combustíveis têm sistemática própria (ICMS monofásico). Normalmente não usa cBenef; confirmar CST com o distribuidor/contador.
27101259,GASOLINA COMUM.,1,Sem benefício de ICMS (regime monofásico/próprio de combustíveis),-,,02/60,,Combustíveis têm sistemática própria (ICMS monofásico). Normalmente não usa cBenef; confirmar CST com o distribuidor/contador.
27101259,IPIMAX PRO GASOLINA PREMIUM ADITIVADA,1,Sem benefício de ICMS (regime monofásico/próprio de combustíveis),-,,02/60,,Combustíveis têm sistemática própria (ICMS monofásico). Normalmente não usa cBenef; confirmar CST com o distribuidor/contador.
27101921,DIESEL S-10 ADI.,1,Sem benefício de ICMS (regime monofásico/próprio de combustíveis),-,,02/60,,Combustíveis têm sistemática própria (ICMS monofásico). Normalmente não usa cBenef; confirmar CST com o distribuidor/contador.
27101932,F1 MASTER PERF SL 15W40 SEMISSINTETICO 1L,1,Sem benefício de ICMS (regime monofásico/próprio de combustíveis),-,,02/60,,Combustíveis têm sistemática própria (ICMS monofásico). Normalmente não usa cBenef; confirmar CST com o distribuidor/contador.
27101932,F1 MASTER SINTETICO SP 5W30 IPIRANGA 1L,1,Sem benefício de ICMS (regime monofásico/próprio de combustíveis),-,,02/60,,Combustíveis têm sistemática própria (ICMS monofásico). Normalmente não usa cBenef; confirmar CST com o distribuidor/contador.
27101932,HAVOLINE OLEO SINTETICO SP 5W40 FULL  1L,1,Sem benefício de ICMS (regime monofásico/próprio de combustíveis),-,,02/60,,Combustíveis têm sistemática própria (ICMS monofásico). Normalmente não usa cBenef; confirmar CST com o distribuidor/contador.
27101932,HAVOLINE PRODS FULL SYN 5W20 OLEO DE MOTOR TEXACO 1L,1,Sem benefício de ICMS (regime monofásico/próprio de combustíveis),-,,02/60,,Combustíveis têm sistemática própria (ICMS monofásico). Normalmente não usa cBenef; confirmar CST com o distribuidor/contador.
27101932,HAVOLINE PRODS FULLSYN SQ 5W30,1,Sem benefício de ICMS (regime monofásico/próprio de combustíveis),-,,02/60,,Combustíveis têm sistemática própria (ICMS monofásico). Normalmente não usa cBenef; confirmar CST com o distribuidor/contador.
27101932,HAVOLINE PRODS V SAE 0W30 1L,1,Sem benefício de ICMS (regime monofásico/próprio de combustíveis),-,,02/60,,Combustíveis têm sistemática própria (ICMS monofásico). Normalmente não usa cBenef; confirmar CST com o distribuidor/contador.
27111910,G.L.P. ENVASADO EM BOTIJAO DE 45 KG,1,Sem benefício de ICMS (regime monofásico/próprio de combustíveis),-,,02/60,,Combustíveis têm sistemática própria (ICMS monofásico). Normalmente não usa cBenef; confirmar CST com o distribuidor/contador.
27160000,ENERGIA ELETRICA,1,Sem benefício de ICMS (regime monofásico/próprio de combustíveis),-,,02/60,,Combustíveis têm sistemática própria (ICMS monofásico). Normalmente não usa cBenef; confirmar CST com o distribuidor/contador.
28289011,AGUA SANITARIA 5L,1,Sem benefício identificado (tributação normal / possível ICMS-ST),-,,00/60/61,,"Não foi identificado dispositivo de isenção, redução, diferimento ou suspensão do RICMS-SP para este item. Muitos produtos industrializados (chocolates, biscoitos recheados, salgadinhos, sorvetes, refrigerados diversos) estão sujeitos a ICMS-ST, que dispensa cBenef na revenda (CST 60/61)."
29051720,ALCOOL 1 LITRO 70% INPM _ CLEAN PERFECT,1,Sem benefício identificado (tributação normal / possível ICMS-ST),-,,00/60/61,,"Não foi identificado dispositivo de isenção, redução, diferimento ou suspensão do RICMS-SP para este item. Muitos produtos industrializados (chocolates, biscoitos recheados, salgadinhos, sorvetes, refrigerados diversos) estão sujeitos a ICMS-ST, que dispensa cBenef na revenda (CST 60/61)."
30049079,DROPS HALLS BLUEBERRY 28G,1,Sem benefício identificado (tributação normal / possível ICMS-ST),-,,00/60/61,,"Não foi identificado dispositivo de isenção, redução, diferimento ou suspensão do RICMS-SP para este item. Muitos produtos industrializados (chocolates, biscoitos recheados, salgadinhos, sorvetes, refrigerados diversos) estão sujeitos a ICMS-ST, que dispensa cBenef na revenda (CST 60/61)."
31021010,GALAO ARLA 32 5 LITROS BLUAR,1,Sem benefício identificado (tributação normal / possível ICMS-ST),-,,00/60/61,,"Não foi identificado dispositivo de isenção, redução, diferimento ou suspensão do RICMS-SP para este item. Muitos produtos industrializados (chocolates, biscoitos recheados, salgadinhos, sorvetes, refrigerados diversos) estão sujeitos a ICMS-ST, que dispensa cBenef na revenda (CST 60/61)."
33061000,CREME DENTAL COLGATE TOTAL ORIG MINT 90G,1,Sem benefício identificado (tributação normal / possível ICMS-ST),-,,00/60/61,,"Não foi identificado dispositivo de isenção, redução, diferimento ou suspensão do RICMS-SP para este item. Muitos produtos industrializados (chocolates, biscoitos recheados, salgadinhos, sorvetes, refrigerados diversos) estão sujeitos a ICMS-ST, que dispensa cBenef na revenda (CST 60/61)."
33072010,DESODORANTE AEROSOL REXONA MEN 150ML,1,Sem benefício identificado (tributação normal / possível ICMS-ST),-,,00/60/61,,"Não foi identificado dispositivo de isenção, redução, diferimento ou suspensão do RICMS-SP para este item. Muitos produtos industrializados (chocolates, biscoitos recheados, salgadinhos, sorvetes, refrigerados diversos) estão sujeitos a ICMS-ST, que dispensa cBenef na revenda (CST 60/61)."
33072010,DESODORANTE DOVE ORIGINAL 150ML,1,Sem benefício identificado (tributação normal / possível ICMS-ST),-,,00/60/61,,"Não foi identificado dispositivo de isenção, redução, diferimento ou suspensão do RICMS-SP para este item. Muitos produtos industrializados (chocolates, biscoitos recheados, salgadinhos, sorvetes, refrigerados diversos) estão sujeitos a ICMS-ST, que dispensa cBenef na revenda (CST 60/61)."
34011190,SABONETE LUX BUQUE DE JASMIN 85G,1,Sem benefício identificado (tributação normal / possível ICMS-ST),-,,00/60/61,,"Não foi identificado dispositivo de isenção, redução, diferimento ou suspensão do RICMS-SP para este item. Muitos produtos industrializados (chocolates, biscoitos recheados, salgadinhos, sorvetes, refrigerados diversos) estão sujeitos a ICMS-ST, que dispensa cBenef na revenda (CST 60/61)."
34013000,DESENGORDURANTE DEWAX 5LT,1,Sem benefício identificado (tributação normal / possível ICMS-ST),-,,00/60/61,,"Não foi identificado dispositivo de isenção, redução, diferimento ou suspensão do RICMS-SP para este item. Muitos produtos industrializados (chocolates, biscoitos recheados, salgadinhos, sorvetes, refrigerados diversos) estão sujeitos a ICMS-ST, que dispensa cBenef na revenda (CST 60/61)."
34013000,SABONETE LIQ INODORO QUIMIART 5LT,1,Sem benefício identificado (tributação normal / possível ICMS-ST),-,,00/60/61,,"Não foi identificado dispositivo de isenção, redução, diferimento ou suspensão do RICMS-SP para este item. Muitos produtos industrializados (chocolates, biscoitos recheados, salgadinhos, sorvetes, refrigerados diversos) estão sujeitos a ICMS-ST, que dispensa cBenef na revenda (CST 60/61)."
34022000,DETERGENTE SUPREMA USO DA LOJA,1,Sem benefício identificado (tributação normal / possível ICMS-ST),-,,00/60/61,,"Não foi identificado dispositivo de isenção, redução, diferimento ou suspensão do RICMS-SP para este item. Muitos produtos industrializados (chocolates, biscoitos recheados, salgadinhos, sorvetes, refrigerados diversos) estão sujeitos a ICMS-ST, que dispensa cBenef na revenda (CST 60/61)."
34025000,DESINF PATO PAST ADES C/3 CITRUS OFERTA ESPECIAL,1,Sem benefício identificado (tributação normal / possível ICMS-ST),-,,00/60/61,,"Não foi identificado dispositivo de isenção, redução, diferimento ou suspensão do RICMS-SP para este item. Muitos produtos industrializados (chocolates, biscoitos recheados, salgadinhos, sorvetes, refrigerados diversos) estão sujeitos a ICMS-ST, que dispensa cBenef na revenda (CST 60/61)."
34025000,DETERGENTE MINUANO NEUTRO 500ML,1,Sem benefício identificado (tributação normal / possível ICMS-ST),-,,00/60/61,,"Não foi identificado dispositivo de isenção, redução, diferimento ou suspensão do RICMS-SP para este item. Muitos produtos industrializados (chocolates, biscoitos recheados, salgadinhos, sorvetes, refrigerados diversos) estão sujeitos a ICMS-ST, que dispensa cBenef na revenda (CST 60/61)."
34029039,DESENGORDURANTE CONC PEROX GRILL 5LTS,1,Sem benefício identificado (tributação normal / possível ICMS-ST),-,,00/60/61,,"Não foi identificado dispositivo de isenção, redução, diferimento ou suspensão do RICMS-SP para este item. Muitos produtos industrializados (chocolates, biscoitos recheados, salgadinhos, sorvetes, refrigerados diversos) estão sujeitos a ICMS-ST, que dispensa cBenef na revenda (CST 60/61)."
34029090,LIMPA PISO RAJJALIN 5LT,1,Sem benefício identificado (tributação normal / possível ICMS-ST),-,,00/60/61,,"Não foi identificado dispositivo de isenção, redução, diferimento ou suspensão do RICMS-SP para este item. Muitos produtos industrializados (chocolates, biscoitos recheados, salgadinhos, sorvetes, refrigerados diversos) estão sujeitos a ICMS-ST, que dispensa cBenef na revenda (CST 60/61)."
34060000,VELA PARANA VOTIVA,1,Sem benefício identificado (tributação normal / possível ICMS-ST),-,,00/60/61,,"Não foi identificado dispositivo de isenção, redução, diferimento ou suspensão do RICMS-SP para este item. Muitos produtos industrializados (chocolates, biscoitos recheados, salgadinhos, sorvetes, refrigerados diversos) estão sujeitos a ICMS-ST, que dispensa cBenef na revenda (CST 60/61)."
35061090,ADESIVO SELANTE POLIURATANO PU 40 PRETO - 400GR SELAMAIS,1,Sem benefício identificado (tributação normal / possível ICMS-ST),-,,00/60/61,,"Não foi identificado dispositivo de isenção, redução, diferimento ou suspensão do RICMS-SP para este item. Muitos produtos industrializados (chocolates, biscoitos recheados, salgadinhos, sorvetes, refrigerados diversos) estão sujeitos a ICMS-ST, que dispensa cBenef na revenda (CST 60/61)."
38089429,DESINFETANTE FLORAL NEW HALLIVE 5LT,1,Sem benefício identificado (tributação normal / possível ICMS-ST),-,,00/60/61,,"Não foi identificado dispositivo de isenção, redução, diferimento ou suspensão do RICMS-SP para este item. Muitos produtos industrializados (chocolates, biscoitos recheados, salgadinhos, sorvetes, refrigerados diversos) estão sujeitos a ICMS-ST, que dispensa cBenef na revenda (CST 60/61)."
38111900,MAX POWER 200ML,1,Sem benefício identificado (tributação normal / possível ICMS-ST),-,,00/60/61,,"Não foi identificado dispositivo de isenção, redução, diferimento ou suspensão do RICMS-SP para este item. Muitos produtos industrializados (chocolates, biscoitos recheados, salgadinhos, sorvetes, refrigerados diversos) estão sujeitos a ICMS-ST, que dispensa cBenef na revenda (CST 60/61)."
38112150,BARDAHL ADITIVO FLEX 200ML,1,Sem benefício identificado (tributação normal / possível ICMS-ST),-,,00/60/61,,"Não foi identificado dispositivo de isenção, redução, diferimento ou suspensão do RICMS-SP para este item. Muitos produtos industrializados (chocolates, biscoitos recheados, salgadinhos, sorvetes, refrigerados diversos) estão sujeitos a ICMS-ST, que dispensa cBenef na revenda (CST 60/61)."
38190000,IPIRANGA FLUIDO PARA FREIOS DOT 3.,1,Sem benefício identificado (tributação normal / possível ICMS-ST),-,,00/60/61,,"Não foi identificado dispositivo de isenção, redução, diferimento ou suspensão do RICMS-SP para este item. Muitos produtos industrializados (chocolates, biscoitos recheados, salgadinhos, sorvetes, refrigerados diversos) estão sujeitos a ICMS-ST, que dispensa cBenef na revenda (CST 60/61)."
38200000,FLUIDO DE RADIADOR ORGANICO IPIRANGA ROSA 1L,1,Sem benefício identificado (tributação normal / possível ICMS-ST),-,,00/60/61,,"Não foi identificado dispositivo de isenção, redução, diferimento ou suspensão do RICMS-SP para este item. Muitos produtos industrializados (chocolates, biscoitos recheados, salgadinhos, sorvetes, refrigerados diversos) estão sujeitos a ICMS-ST, que dispensa cBenef na revenda (CST 60/61)."
39174090,TUBO EXTENSIVEL C/SUPORTE 69CM CROMADO (7154) CENSI,1,Sem benefício identificado (tributação normal / possível ICMS-ST),-,,00/60/61,,"Não foi identificado dispositivo de isenção, redução, diferimento ou suspensão do RICMS-SP para este item. Muitos produtos industrializados (chocolates, biscoitos recheados, salgadinhos, sorvetes, refrigerados diversos) estão sujeitos a ICMS-ST, que dispensa cBenef na revenda (CST 60/61)."
39191010,FITA ADERE PP TRANSP 45X40 PC 4UN,1,Sem benefício identificado (tributação normal / possível ICMS-ST),-,,00/60/61,,"Não foi identificado dispositivo de isenção, redução, diferimento ou suspensão do RICMS-SP para este item. Muitos produtos industrializados (chocolates, biscoitos recheados, salgadinhos, sorvetes, refrigerados diversos) estão sujeitos a ICMS-ST, que dispensa cBenef na revenda (CST 60/61)."
39204310,FILME PELIC MEIWA 38 CM 09 MI 1000 M,1,Sem benefício identificado (tributação normal / possível ICMS-ST),-,,00/60/61,,"Não foi identificado dispositivo de isenção, redução, diferimento ou suspensão do RICMS-SP para este item. Muitos produtos industrializados (chocolates, biscoitos recheados, salgadinhos, sorvetes, refrigerados diversos) estão sujeitos a ICMS-ST, que dispensa cBenef na revenda (CST 60/61)."
39204390,FILME PVC WYDA RED ROSE 15M 28C,1,Sem benefício identificado (tributação normal / possível ICMS-ST),-,,00/60/61,,"Não foi identificado dispositivo de isenção, redução, diferimento ou suspensão do RICMS-SP para este item. Muitos produtos industrializados (chocolates, biscoitos recheados, salgadinhos, sorvetes, refrigerados diversos) estão sujeitos a ICMS-ST, que dispensa cBenef na revenda (CST 60/61)."
39205100,RESERVATORIO TRANSPARENTE P/ FILTRO,1,Sem benefício identificado (tributação normal / possível ICMS-ST),-,,00/60/61,,"Não foi identificado dispositivo de isenção, redução, diferimento ou suspensão do RICMS-SP para este item. Muitos produtos industrializados (chocolates, biscoitos recheados, salgadinhos, sorvetes, refrigerados diversos) estão sujeitos a ICMS-ST, que dispensa cBenef na revenda (CST 60/61)."
39231090,HM-06 PEQ COM TP 210 PC,1,Sem benefício identificado (tributação normal / possível ICMS-ST),-,,00/60/61,,"Não foi identificado dispositivo de isenção, redução, diferimento ou suspensão do RICMS-SP para este item. Muitos produtos industrializados (chocolates, biscoitos recheados, salgadinhos, sorvetes, refrigerados diversos) estão sujeitos a ICMS-ST, que dispensa cBenef na revenda (CST 60/61)."
39231090,M-1 U 15X15 CM 400 PC,1,Sem benefício identificado (tributação normal / possível ICMS-ST),-,,00/60/61,,"Não foi identificado dispositivo de isenção, redução, diferimento ou suspensão do RICMS-SP para este item. Muitos produtos industrializados (chocolates, biscoitos recheados, salgadinhos, sorvetes, refrigerados diversos) estão sujeitos a ICMS-ST, que dispensa cBenef na revenda (CST 60/61)."
39231090,M-3 U 14X21 CM 400 PC,1,Sem benefício identificado (tributação normal / possível ICMS-ST),-,,00/60/61,,"Não foi identificado dispositivo de isenção, redução, diferimento ou suspensão do RICMS-SP para este item. Muitos produtos industrializados (chocolates, biscoitos recheados, salgadinhos, sorvetes, refrigerados diversos) estão sujeitos a ICMS-ST, que dispensa cBenef na revenda (CST 60/61)."
39231090,M-4 U 18X24 CM 400 PC,1,Sem benefício identificado (tributação normal / possível ICMS-ST),-,,00/60/61,,"Não foi identificado dispositivo de isenção, redução, diferimento ou suspensão do RICMS-SP para este item. Muitos produtos industrializados (chocolates, biscoitos recheados, salgadinhos, sorvetes, refrigerados diversos) estão sujeitos a ICMS-ST, que dispensa cBenef na revenda (CST 60/61)."
39232110,SACO LIXO 50 L REFORCADO PRETO C/25,1,Sem benefício identificado (tributação normal / possível ICMS-ST),-,,00/60/61,,"Não foi identificado dispositivo de isenção, redução, diferimento ou suspensão do RICMS-SP para este item. Muitos produtos industrializados (chocolates, biscoitos recheados, salgadinhos, sorvetes, refrigerados diversos) estão sujeitos a ICMS-ST, que dispensa cBenef na revenda (CST 60/61)."
39232110,SACO LIXO PRETO 105 LT P10 (C/100UND),1,Sem benefício identificado (tributação normal / possível ICMS-ST),-,,00/60/61,,"Não foi identificado dispositivo de isenção, redução, diferimento ou suspensão do RICMS-SP para este item. Muitos produtos industrializados (chocolates, biscoitos recheados, salgadinhos, sorvetes, refrigerados diversos) estão sujeitos a ICMS-ST, que dispensa cBenef na revenda (CST 60/61)."
39232110,SACO LIXO PRETO 200LT P10 (C/100UN),1,Sem benefício identificado (tributação normal / possível ICMS-ST),-,,00/60/61,,"Não foi identificado dispositivo de isenção, redução, diferimento ou suspensão do RICMS-SP para este item. Muitos produtos industrializados (chocolates, biscoitos recheados, salgadinhos, sorvetes, refrigerados diversos) estão sujeitos a ICMS-ST, que dispensa cBenef na revenda (CST 60/61)."
39232110,SACO LIXO PRETO REFORCADO 60LT (C/100UN),1,Sem benefício identificado (tributação normal / possível ICMS-ST),-,,00/60/61,,"Não foi identificado dispositivo de isenção, redução, diferimento ou suspensão do RICMS-SP para este item. Muitos produtos industrializados (chocolates, biscoitos recheados, salgadinhos, sorvetes, refrigerados diversos) estão sujeitos a ICMS-ST, que dispensa cBenef na revenda (CST 60/61)."
39232190,SACO DE CONF.DESCART.GDE 50X28CM 50UN,1,Sem benefício identificado (tributação normal / possível ICMS-ST),-,,00/60/61,,"Não foi identificado dispositivo de isenção, redução, diferimento ou suspensão do RICMS-SP para este item. Muitos produtos industrializados (chocolates, biscoitos recheados, salgadinhos, sorvetes, refrigerados diversos) estão sujeitos a ICMS-ST, que dispensa cBenef na revenda (CST 60/61)."
39232190,SACO PLAST 50X70 1 KG,1,Sem benefício identificado (tributação normal / possível ICMS-ST),-,,00/60/61,,"Não foi identificado dispositivo de isenção, redução, diferimento ou suspensão do RICMS-SP para este item. Muitos produtos industrializados (chocolates, biscoitos recheados, salgadinhos, sorvetes, refrigerados diversos) estão sujeitos a ICMS-ST, que dispensa cBenef na revenda (CST 60/61)."
39232190,SACO PLAST 50X70 1KG,1,Sem benefício identificado (tributação normal / possível ICMS-ST),-,,00/60/61,,"Não foi identificado dispositivo de isenção, redução, diferimento ou suspensão do RICMS-SP para este item. Muitos produtos industrializados (chocolates, biscoitos recheados, salgadinhos, sorvetes, refrigerados diversos) estão sujeitos a ICMS-ST, que dispensa cBenef na revenda (CST 60/61)."
39232190,SACO PLAST PP 15X30 1 KG AIRO,1,Sem benefício identificado (tributação normal / possível ICMS-ST),-,,00/60/61,,"Não foi identificado dispositivo de isenção, redução, diferimento ou suspensão do RICMS-SP para este item. Muitos produtos industrializados (chocolates, biscoitos recheados, salgadinhos, sorvetes, refrigerados diversos) estão sujeitos a ICMS-ST, que dispensa cBenef na revenda (CST 60/61)."
39232990,MANGA CONFEITEIRO MEDIA 37X26 CM 50 PC,1,Sem benefício identificado (tributação normal / possível ICMS-ST),-,,00/60/61,,"Não foi identificado dispositivo de isenção, redução, diferimento ou suspensão do RICMS-SP para este item. Muitos produtos industrializados (chocolates, biscoitos recheados, salgadinhos, sorvetes, refrigerados diversos) estão sujeitos a ICMS-ST, que dispensa cBenef na revenda (CST 60/61)."
39233090,GALAO BOMBONA P COMBUSTIVEIS 5LTS INMETRO,1,Sem benefício identificado (tributação normal / possível ICMS-ST),-,,00/60/61,,"Não foi identificado dispositivo de isenção, redução, diferimento ou suspensão do RICMS-SP para este item. Muitos produtos industrializados (chocolates, biscoitos recheados, salgadinhos, sorvetes, refrigerados diversos) estão sujeitos a ICMS-ST, que dispensa cBenef na revenda (CST 60/61)."
39235000,TPCP 180 ML CPS1 TR 80 PC,1,Sem benefício identificado (tributação normal / possível ICMS-ST),-,,00/60/61,,"Não foi identificado dispositivo de isenção, redução, diferimento ou suspensão do RICMS-SP para este item. Muitos produtos industrializados (chocolates, biscoitos recheados, salgadinhos, sorvetes, refrigerados diversos) estão sujeitos a ICMS-ST, que dispensa cBenef na revenda (CST 60/61)."
39239000,M3 U 14X21 CM 400 PC/ MEIWA,1,Sem benefício identificado (tributação normal / possível ICMS-ST),-,,00/60/61,,"Não foi identificado dispositivo de isenção, redução, diferimento ou suspensão do RICMS-SP para este item. Muitos produtos industrializados (chocolates, biscoitos recheados, salgadinhos, sorvetes, refrigerados diversos) estão sujeitos a ICMS-ST, que dispensa cBenef na revenda (CST 60/61)."
39239000,M4 U 18X24 CM 400 PC MEIWA,1,Sem benefício identificado (tributação normal / possível ICMS-ST),-,,00/60/61,,"Não foi identificado dispositivo de isenção, redução, diferimento ou suspensão do RICMS-SP para este item. Muitos produtos industrializados (chocolates, biscoitos recheados, salgadinhos, sorvetes, refrigerados diversos) estão sujeitos a ICMS-ST, que dispensa cBenef na revenda (CST 60/61)."
39241000,COPO 180 ML COM TP PLASTIL DIAM 10 PC,1,Sem benefício identificado (tributação normal / possível ICMS-ST),-,,00/60/61,,"Não foi identificado dispositivo de isenção, redução, diferimento ou suspensão do RICMS-SP para este item. Muitos produtos industrializados (chocolates, biscoitos recheados, salgadinhos, sorvetes, refrigerados diversos) estão sujeitos a ICMS-ST, que dispensa cBenef na revenda (CST 60/61)."
39241000,COPO 180 ML KEROCOPO TRANSP 25X100 PC / KEROCOPO,1,Sem benefício identificado (tributação normal / possível ICMS-ST),-,,00/60/61,,"Não foi identificado dispositivo de isenção, redução, diferimento ou suspensão do RICMS-SP para este item. Muitos produtos industrializados (chocolates, biscoitos recheados, salgadinhos, sorvetes, refrigerados diversos) estão sujeitos a ICMS-ST, que dispensa cBenef na revenda (CST 60/61)."
39241000,GARFO STRAWPLAST REFEIÇÃO C/ 50UN,1,Sem benefício identificado (tributação normal / possível ICMS-ST),-,,00/60/61,,"Não foi identificado dispositivo de isenção, redução, diferimento ou suspensão do RICMS-SP para este item. Muitos produtos industrializados (chocolates, biscoitos recheados, salgadinhos, sorvetes, refrigerados diversos) estão sujeitos a ICMS-ST, que dispensa cBenef na revenda (CST 60/61)."
39241000,MEXEDOR DRINK GDE PLASTFOOD 500 PC,1,Sem benefício identificado (tributação normal / possível ICMS-ST),-,,00/60/61,,"Não foi identificado dispositivo de isenção, redução, diferimento ou suspensão do RICMS-SP para este item. Muitos produtos industrializados (chocolates, biscoitos recheados, salgadinhos, sorvetes, refrigerados diversos) estão sujeitos a ICMS-ST, que dispensa cBenef na revenda (CST 60/61)."
39241000,MINI COLHER CAFE PLASTFOOD 200 PC,1,Sem benefício identificado (tributação normal / possível ICMS-ST),-,,00/60/61,,"Não foi identificado dispositivo de isenção, redução, diferimento ou suspensão do RICMS-SP para este item. Muitos produtos industrializados (chocolates, biscoitos recheados, salgadinhos, sorvetes, refrigerados diversos) estão sujeitos a ICMS-ST, que dispensa cBenef na revenda (CST 60/61)."
39262000,LUVA DE VINIL MEDIA C100PC,1,Sem benefício identificado (tributação normal / possível ICMS-ST),-,,00/60/61,,"Não foi identificado dispositivo de isenção, redução, diferimento ou suspensão do RICMS-SP para este item. Muitos produtos industrializados (chocolates, biscoitos recheados, salgadinhos, sorvetes, refrigerados diversos) estão sujeitos a ICMS-ST, que dispensa cBenef na revenda (CST 60/61)."
39262000,LUVA DESCARTAVEL MBLIFE 100 PC,1,Sem benefício identificado (tributação normal / possível ICMS-ST),-,,00/60/61,,"Não foi identificado dispositivo de isenção, redução, diferimento ou suspensão do RICMS-SP para este item. Muitos produtos industrializados (chocolates, biscoitos recheados, salgadinhos, sorvetes, refrigerados diversos) estão sujeitos a ICMS-ST, que dispensa cBenef na revenda (CST 60/61)."
39262000,LUVA VINIL MEDIX MED S PO 100 PC,1,Sem benefício identificado (tributação normal / possível ICMS-ST),-,,00/60/61,,"Não foi identificado dispositivo de isenção, redução, diferimento ou suspensão do RICMS-SP para este item. Muitos produtos industrializados (chocolates, biscoitos recheados, salgadinhos, sorvetes, refrigerados diversos) estão sujeitos a ICMS-ST, que dispensa cBenef na revenda (CST 60/61)."
40151900,LUVA LATEX AMARELA SANRO TOP TAM M (PAR),1,Sem benefício identificado,-,,00/60,,"Creme de leite, queijos e requeijão não constam do rol da cesta básica (art. 3º Anexo II)."
4029900,LEITE CONDENSADO MOCA SEMIDESNATADO 395G,2,Sem benefício identificado,-,,00/60,,Leite condensado (NCM 0402.9x) não consta do rol da cesta básica; apenas leite em pó (0402.1x/0402.2x) tem redução.
4029900,LEITE CONDENSADO MOCA TRADICIONAL 395G,1,Sem benefício identificado,-,,00/60,,Leite condensado (NCM 0402.9x) não consta do rol da cesta básica; apenas leite em pó (0402.1x/0402.2x) tem redução.
4029900,MAT PRIMA LEITE CONDENSADO KG,1,Sem benefício identificado,-,,00/60,,Leite condensado (NCM 0402.9x) não consta do rol da cesta básica; apenas leite em pó (0402.1x/0402.2x) tem redução.
4032000,DANONINHO MORANGO AVIADOR 100G,1,Sem benefício (revogado desde 2011),-,,00/60,,"O benefício de cesta básica para iogurte e leite fermentado (antigo art. 3º, XV) foi REVOGADO pelo Decreto 56.855/2011. Hoje: tributação normal."
4032000,FRUTAP LIQ  MORANGO 850G,1,Sem benefício (revogado desde 2011),-,,00/60,,"O benefício de cesta básica para iogurte e leite fermentado (antigo art. 3º, XV) foi REVOGADO pelo Decreto 56.855/2011. Hoje: tributação normal."
4032000,IOGURTE CORPUS MORANGO 170G,2,Sem benefício (revogado desde 2011),-,,00/60,,"O benefício de cesta básica para iogurte e leite fermentado (antigo art. 3º, XV) foi REVOGADO pelo Decreto 56.855/2011. Hoje: tributação normal."
4032000,IOGURTE DANONE LIQ MORANGO 850G,1,Sem benefício (revogado desde 2011),-,,00/60,,"O benefício de cesta básica para iogurte e leite fermentado (antigo art. 3º, XV) foi REVOGADO pelo Decreto 56.855/2011. Hoje: tributação normal."
4032000,IOGURTE DANONE LIQUIDO MORANGO 170G,1,Sem benefício (revogado desde 2011),-,,00/60,,"O benefício de cesta básica para iogurte e leite fermentado (antigo art. 3º, XV) foi REVOGADO pelo Decreto 56.855/2011. Hoje: tributação normal."
4032000,IOGURTE DANONE LIQUIDO VITAMINAS DE FRUTAS 170G,2,Sem benefício (revogado desde 2011),-,,00/60,,"O benefício de cesta básica para iogurte e leite fermentado (antigo art. 3º, XV) foi REVOGADO pelo Decreto 56.855/2011. Hoje: tributação normal."
4032000,IOGURTE DANONE NATURAL INTEGRAL 160G,2,Sem benefício (revogado desde 2011),-,,00/60,,"O benefício de cesta básica para iogurte e leite fermentado (antigo art. 3º, XV) foi REVOGADO pelo Decreto 56.855/2011. Hoje: tributação normal."
4032000,IOGURTE MOLICO MORANGO 170G,1,Sem benefício (revogado desde 2011),-,,00/60,,"O benefício de cesta básica para iogurte e leite fermentado (antigo art. 3º, XV) foi REVOGADO pelo Decreto 56.855/2011. Hoje: tributação normal."
4032000,IOGURTE NESTLE DE MORANGO 170G,1,Sem benefício (revogado desde 2011),-,,00/60,,"O benefício de cesta básica para iogurte e leite fermentado (antigo art. 3º, XV) foi REVOGADO pelo Decreto 56.855/2011. Hoje: tributação normal."
4032000,IOGURTE NESTLE NATURAL LARANJA CENOURA MEL 170G,1,Sem benefício (revogado desde 2011),-,,00/60,,"O benefício de cesta básica para iogurte e leite fermentado (antigo art. 3º, XV) foi REVOGADO pelo Decreto 56.855/2011. Hoje: tributação normal."
4032000,IOGURTE NESTLE NATURAL TRADACIONAL 170G,1,Sem benefício (revogado desde 2011),-,,00/60,,"O benefício de cesta básica para iogurte e leite fermentado (antigo art. 3º, XV) foi REVOGADO pelo Decreto 56.855/2011. Hoje: tributação normal."
4032000,IOGURTE NESTLE VITAMINAS DE FRUTAS 170G,1,Sem benefício (revogado desde 2011),-,,00/60,,"O benefício de cesta básica para iogurte e leite fermentado (antigo art. 3º, XV) foi REVOGADO pelo Decreto 56.855/2011. Hoje: tributação normal."
4032000,IOGURTE NINHO SOLEIL MACA E BANANA 170G,1,Sem benefício (revogado desde 2011),-,,00/60,,"O benefício de cesta básica para iogurte e leite fermentado (antigo art. 3º, XV) foi REVOGADO pelo Decreto 56.855/2011. Hoje: tributação normal."
4032000,IOGURTE NINHO SOLEIL MORANGO 170G,1,Sem benefício (revogado desde 2011),-,,00/60,,"O benefício de cesta básica para iogurte e leite fermentado (antigo art. 3º, XV) foi REVOGADO pelo Decreto 56.855/2011. Hoje: tributação normal."
4032000,IOGURTE VIGOR LIQUIDO MORANGO ZERO 170G,1,Sem benefício (revogado desde 2011),-,,00/60,,"O benefício de cesta básica para iogurte e leite fermentado (antigo art. 3º, XV) foi REVOGADO pelo Decreto 56.855/2011. Hoje: tributação normal."
4032000,IOGURTE VIGOR LIQUIDO VITAM DE FRUT 170G,1,Sem benefício (revogado desde 2011),-,,00/60,,"O benefício de cesta básica para iogurte e leite fermentado (antigo art. 3º, XV) foi REVOGADO pelo Decreto 56.855/2011. Hoje: tributação normal."
4032000,IOGURTE YOPRO ZERO MORANGO 15G PROTEINA 250ML,1,Sem benefício (revogado desde 2011),-,,00/60,,"O benefício de cesta básica para iogurte e leite fermentado (antigo art. 3º, XV) foi REVOGADO pelo Decreto 56.855/2011. Hoje: tributação normal."
4039000,IOGURTE ACTIVIA MORANGO 170G,1,Sem benefício (revogado desde 2011),-,,00/60,,"O benefício de cesta básica para iogurte e leite fermentado (antigo art. 3º, XV) foi REVOGADO pelo Decreto 56.855/2011. Hoje: tributação normal."
4039000,LEITE FERM FAMILIA FRUTAP 850G,1,Sem benefício (revogado desde 2011),-,,00/60,,"O benefício de cesta básica para iogurte e leite fermentado (antigo art. 3º, XV) foi REVOGADO pelo Decreto 56.855/2011. Hoje: tributação normal."
4039000,LEITE FERMENTADO CHAMYTO BIG 120G.,1,Sem benefício (revogado desde 2011),-,,00/60,,"O benefício de cesta básica para iogurte e leite fermentado (antigo art. 3º, XV) foi REVOGADO pelo Decreto 56.855/2011. Hoje: tributação normal."
4039000,LEITE FERMENTADO YAKULT 80G,1,Sem benefício (revogado desde 2011),-,,00/60,,"O benefício de cesta básica para iogurte e leite fermentado (antigo art. 3º, XV) foi REVOGADO pelo Decreto 56.855/2011. Hoje: tributação normal."
4061010,QUEIJO MINAS PALITO KG.,1,Sem benefício identificado,-,,00/60,"Art. 39, Anexo II (redução p/ fabricante/atacadista) — não se aplica à venda a consumidor final","Queijos foram excluídos do art. 3º, IX do Anexo II pelo Decreto 53.631/2008. Tributação normal. (O art. 39, Anexo II também lista laticínios do capítulo 4, mas só vale p/ fabricante/atacadista vendendo fora do consumidor final — não se aplica à sua loja.)"
4061010,QUEIJO MUSSARELA KG,1,Sem benefício identificado,-,,00/60,"Art. 39, Anexo II (redução p/ fabricante/atacadista) — não se aplica à venda a consumidor final","Queijos foram excluídos do art. 3º, IX do Anexo II pelo Decreto 53.631/2008. Tributação normal. (O art. 39, Anexo II também lista laticínios do capítulo 4, mas só vale p/ fabricante/atacadista vendendo fora do consumidor final — não se aplica à sua loja.)"
4061090,CREAM CHEESE PHILADELPHIA LIGHT 150G,1,Sem benefício identificado,-,,00/60,"Art. 39, Anexo II (redução p/ fabricante/atacadista) — não se aplica à venda a consumidor final","Queijos foram excluídos do art. 3º, IX do Anexo II pelo Decreto 53.631/2008. Tributação normal. (O art. 39, Anexo II também lista laticínios do capítulo 4, mas só vale p/ fabricante/atacadista vendendo fora do consumidor final — não se aplica à sua loja.)"
4061090,CREAM CHEESE PHILADELPHIA ORIGINAL 150G,1,Sem benefício identificado,-,,00/60,"Art. 39, Anexo II (redução p/ fabricante/atacadista) — não se aplica à venda a consumidor final","Queijos foram excluídos do art. 3º, IX do Anexo II pelo Decreto 53.631/2008. Tributação normal. (O art. 39, Anexo II também lista laticínios do capítulo 4, mas só vale p/ fabricante/atacadista vendendo fora do consumidor final — não se aplica à sua loja.)"
4061090,DANONINHO MORANGO 80G,1,Sem benefício identificado,-,,00/60,"Art. 39, Anexo II (redução p/ fabricante/atacadista) — não se aplica à venda a consumidor final","Queijos foram excluídos do art. 3º, IX do Anexo II pelo Decreto 53.631/2008. Tributação normal. (O art. 39, Anexo II também lista laticínios do capítulo 4, mas só vale p/ fabricante/atacadista vendendo fora do consumidor final — não se aplica à sua loja.)"
4061090,MAT PRIMA CHEDDAR KG,1,Sem benefício identificado,-,,00/60,"Art. 39, Anexo II (redução p/ fabricante/atacadista) — não se aplica à venda a consumidor final","Queijos foram excluídos do art. 3º, IX do Anexo II pelo Decreto 53.631/2008. Tributação normal. (O art. 39, Anexo II também lista laticínios do capítulo 4, mas só vale p/ fabricante/atacadista vendendo fora do consumidor final — não se aplica à sua loja.)"
4061090,MAT PRIMA REQUEIJAO KG,2,Sem benefício identificado,-,,00/60,"Art. 39, Anexo II (redução p/ fabricante/atacadista) — não se aplica à venda a consumidor final","Queijos foram excluídos do art. 3º, IX do Anexo II pelo Decreto 53.631/2008. Tributação normal. (O art. 39, Anexo II também lista laticínios do capítulo 4, mas só vale p/ fabricante/atacadista vendendo fora do consumidor final — não se aplica à sua loja.)"
4061090,QUEIJO MINAS FRESCAL KG.,1,Sem benefício identificado,-,,00/60,"Art. 39, Anexo II (redução p/ fabricante/atacadista) — não se aplica à venda a consumidor final","Queijos foram excluídos do art. 3º, IX do Anexo II pelo Decreto 53.631/2008. Tributação normal. (O art. 39, Anexo II também lista laticínios do capítulo 4, mas só vale p/ fabricante/atacadista vendendo fora do consumidor final — não se aplica à sua loja.)"
4061090,QUEIJO MINAS MEIA CURA ALEGRIA KG,1,Sem benefício identificado,-,,00/60,"Art. 39, Anexo II (redução p/ fabricante/atacadista) — não se aplica à venda a consumidor final","Queijos foram excluídos do art. 3º, IX do Anexo II pelo Decreto 53.631/2008. Tributação normal. (O art. 39, Anexo II também lista laticínios do capítulo 4, mas só vale p/ fabricante/atacadista vendendo fora do consumidor final — não se aplica à sua loja.)"
4061090,QUEIJO PRATO KG,1,Sem benefício identificado,-,,00/60,"Art. 39, Anexo II (redução p/ fabricante/atacadista) — não se aplica à venda a consumidor final","Queijos foram excluídos do art. 3º, IX do Anexo II pelo Decreto 53.631/2008. Tributação normal. (O art. 39, Anexo II também lista laticínios do capítulo 4, mas só vale p/ fabricante/atacadista vendendo fora do consumidor final — não se aplica à sua loja.)"
4061090,REQUEIJAO AVIACAO TRADICIONAL 180G,1,Sem benefício identificado,-,,00/60,"Art. 39, Anexo II (redução p/ fabricante/atacadista) — não se aplica à venda a consumidor final","Queijos foram excluídos do art. 3º, IX do Anexo II pelo Decreto 53.631/2008. Tributação normal. (O art. 39, Anexo II também lista laticínios do capítulo 4, mas só vale p/ fabricante/atacadista vendendo fora do consumidor final — não se aplica à sua loja.)"
4061090,REQUEIJAO QUALY TRADICIONAL 200G,1,Sem benefício identificado,-,,00/60,"Art. 39, Anexo II (redução p/ fabricante/atacadista) — não se aplica à venda a consumidor final","Queijos foram excluídos do art. 3º, IX do Anexo II pelo Decreto 53.631/2008. Tributação normal. (O art. 39, Anexo II também lista laticínios do capítulo 4, mas só vale p/ fabricante/atacadista vendendo fora do consumidor final — não se aplica à sua loja.)"
4061090,REQUEIJAO TIROLEZ CREMOSO 200G,1,Sem benefício identificado,-,,00/60,"Art. 39, Anexo II (redução p/ fabricante/atacadista) — não se aplica à venda a consumidor final","Queijos foram excluídos do art. 3º, IX do Anexo II pelo Decreto 53.631/2008. Tributação normal. (O art. 39, Anexo II também lista laticínios do capítulo 4, mas só vale p/ fabricante/atacadista vendendo fora do consumidor final — não se aplica à sua loja.)"
4061090,REQUEIJAO TIROLEZ LIGHT 200G,1,Sem benefício identificado,-,,00/60,"Art. 39, Anexo II (redução p/ fabricante/atacadista) — não se aplica à venda a consumidor final","Queijos foram excluídos do art. 3º, IX do Anexo II pelo Decreto 53.631/2008. Tributação normal. (O art. 39, Anexo II também lista laticínios do capítulo 4, mas só vale p/ fabricante/atacadista vendendo fora do consumidor final — não se aplica à sua loja.)"
4061090,REQUEIJAO VIGOR CREMOSO TRADICIONAL 200G,1,Sem benefício identificado,-,,00/60,"Art. 39, Anexo II (redução p/ fabricante/atacadista) — não se aplica à venda a consumidor final","Queijos foram excluídos do art. 3º, IX do Anexo II pelo Decreto 53.631/2008. Tributação normal. (O art. 39, Anexo II também lista laticínios do capítulo 4, mas só vale p/ fabricante/atacadista vendendo fora do consumidor final — não se aplica à sua loja.)"
4062000,QUEIJO PARMESAO RALADO RELIQUIA DA CANASTRA 50G.,1,Sem benefício identificado,-,,00/60,"Art. 39, Anexo II (redução p/ fabricante/atacadista) — não se aplica à venda a consumidor final","Queijos foram excluídos do art. 3º, IX do Anexo II pelo Decreto 53.631/2008. Tributação normal. (O art. 39, Anexo II também lista laticínios do capítulo 4, mas só vale p/ fabricante/atacadista vendendo fora do consumidor final — não se aplica à sua loja.)"
4062000,QUEIJO PARMESAO RALADO VALE DA CANASTRA 40G,1,Sem benefício identificado,-,,00/60,"Art. 39, Anexo II (redução p/ fabricante/atacadista) — não se aplica à venda a consumidor final","Queijos foram excluídos do art. 3º, IX do Anexo II pelo Decreto 53.631/2008. Tributação normal. (O art. 39, Anexo II também lista laticínios do capítulo 4, mas só vale p/ fabricante/atacadista vendendo fora do consumidor final — não se aplica à sua loja.)"
4062000,QUEIJO RALADO IPANEMA PARMESAO 40G,1,Sem benefício identificado,-,,00/60,"Art. 39, Anexo II (redução p/ fabricante/atacadista) — não se aplica à venda a consumidor final","Queijos foram excluídos do art. 3º, IX do Anexo II pelo Decreto 53.631/2008. Tributação normal. (O art. 39, Anexo II também lista laticínios do capítulo 4, mas só vale p/ fabricante/atacadista vendendo fora do consumidor final — não se aplica à sua loja.)"
4062000,QUEIJO RALADO PARMESAO KG,1,Sem benefício identificado,-,,00/60,"Art. 39, Anexo II (redução p/ fabricante/atacadista) — não se aplica à venda a consumidor final","Queijos foram excluídos do art. 3º, IX do Anexo II pelo Decreto 53.631/2008. Tributação normal. (O art. 39, Anexo II também lista laticínios do capítulo 4, mas só vale p/ fabricante/atacadista vendendo fora do consumidor final — não se aplica à sua loja.)"
4062000,QUEIJO RALADO VIGOR 50G,1,Sem benefício identificado,-,,00/60,"Art. 39, Anexo II (redução p/ fabricante/atacadista) — não se aplica à venda a consumidor final","Queijos foram excluídos do art. 3º, IX do Anexo II pelo Decreto 53.631/2008. Tributação normal. (O art. 39, Anexo II também lista laticínios do capítulo 4, mas só vale p/ fabricante/atacadista vendendo fora do consumidor final — não se aplica à sua loja.)"
4063000,QUEIJO POLENGUINHO TRADICIONAL 17G,1,Sem benefício identificado,-,,00/60,"Art. 39, Anexo II (redução p/ fabricante/atacadista) — não se aplica à venda a consumidor final","Queijos foram excluídos do art. 3º, IX do Anexo II pelo Decreto 53.631/2008. Tributação normal. (O art. 39, Anexo II também lista laticínios do capítulo 4, mas só vale p/ fabricante/atacadista vendendo fora do consumidor final — não se aplica à sua loja.)"
4069020,QUEIJO MINAS PADRAO KG,1,Sem benefício identificado,-,,00/60,"Art. 39, Anexo II (redução p/ fabricante/atacadista) — não se aplica à venda a consumidor final","Queijos foram excluídos do art. 3º, IX do Anexo II pelo Decreto 53.631/2008. Tributação normal. (O art. 39, Anexo II também lista laticínios do capítulo 4, mas só vale p/ fabricante/atacadista vendendo fora do consumidor final — não se aplica à sua loja.)"
4081900,MAT PRIMA GEMA FLEISCHEGGS KG,1,Sem benefício identificado,-,,00/60,,Ovo integral/gema líquida industrializados: sem benefício expresso identificado na cesta básica.
4081900,O GEMA OVO FLEISCHEGGS 1KG,1,Sem benefício identificado,-,,00/60,,Ovo integral/gema líquida industrializados: sem benefício expresso identificado na cesta básica.
4089900,MAT PRIMA OVO INTEGRAL FLEISCHEGGS 1L,1,Sem benefício identificado,-,,00/60,,Ovo integral/gema líquida industrializados: sem benefício expresso identificado na cesta básica.
4089900,O OVO INTEGR. FLEISCHEGGS 1KG,1,Sem benefício identificado,-,,00/60,,Ovo integral/gema líquida industrializados: sem benefício expresso identificado na cesta básica.
44029000,CARVAO DU VEIO SACO 3KG,1,Sem benefício identificado (tributação normal / possível ICMS-ST),-,,00/60/61,,"Não foi identificado dispositivo de isenção, redução, diferimento ou suspensão do RICMS-SP para este item. Muitos produtos industrializados (chocolates, biscoitos recheados, salgadinhos, sorvetes, refrigerados diversos) estão sujeitos a ICMS-ST, que dispensa cBenef na revenda (CST 60/61)."
44029000,CARVAO DU VEIO SACO 7KG,1,Sem benefício identificado (tributação normal / possível ICMS-ST),-,,00/60/61,,"Não foi identificado dispositivo de isenção, redução, diferimento ou suspensão do RICMS-SP para este item. Muitos produtos industrializados (chocolates, biscoitos recheados, salgadinhos, sorvetes, refrigerados diversos) estão sujeitos a ICMS-ST, que dispensa cBenef na revenda (CST 60/61)."
44029000,CARVÃO GRANDE DO VEIO 10KG,1,Sem benefício identificado (tributação normal / possível ICMS-ST),-,,00/60/61,,"Não foi identificado dispositivo de isenção, redução, diferimento ou suspensão do RICMS-SP para este item. Muitos produtos industrializados (chocolates, biscoitos recheados, salgadinhos, sorvetes, refrigerados diversos) estão sujeitos a ICMS-ST, que dispensa cBenef na revenda (CST 60/61)."
48025610,PAPEL A4 CHAMEX 500F,1,Sem benefício identificado (tributação normal / possível ICMS-ST),-,,00/60/61,,"Não foi identificado dispositivo de isenção, redução, diferimento ou suspensão do RICMS-SP para este item. Muitos produtos industrializados (chocolates, biscoitos recheados, salgadinhos, sorvetes, refrigerados diversos) estão sujeitos a ICMS-ST, que dispensa cBenef na revenda (CST 60/61)."
48115929,PM.2257 FOLHA DE PAPEL METALIZADA 30X38 KR35GR GRUPO DALL AGNOL,1,Sem benefício identificado (tributação normal / possível ICMS-ST),-,,00/60/61,,"Não foi identificado dispositivo de isenção, redução, diferimento ou suspensão do RICMS-SP para este item. Muitos produtos industrializados (chocolates, biscoitos recheados, salgadinhos, sorvetes, refrigerados diversos) estão sujeitos a ICMS-ST, que dispensa cBenef na revenda (CST 60/61)."
48131000,PAPEL PARA CIGARRO SEDA BEM BOLADO POP KING SIZ LG,1,Sem benefício identificado (tributação normal / possível ICMS-ST),-,,00/60/61,,"Não foi identificado dispositivo de isenção, redução, diferimento ou suspensão do RICMS-SP para este item. Muitos produtos industrializados (chocolates, biscoitos recheados, salgadinhos, sorvetes, refrigerados diversos) estão sujeitos a ICMS-ST, que dispensa cBenef na revenda (CST 60/61)."
48131000,PAPEL PARA CIGARRO SEDA BEM BOLADO POP KING SIZE SLIM,1,Sem benefício identificado (tributação normal / possível ICMS-ST),-,,00/60/61,,"Não foi identificado dispositivo de isenção, redução, diferimento ou suspensão do RICMS-SP para este item. Muitos produtos industrializados (chocolates, biscoitos recheados, salgadinhos, sorvetes, refrigerados diversos) estão sujeitos a ICMS-ST, que dispensa cBenef na revenda (CST 60/61)."
48131000,PAPEL PARA CIGARRO SMOKING BROWN 25UN,1,Sem benefício identificado (tributação normal / possível ICMS-ST),-,,00/60/61,,"Não foi identificado dispositivo de isenção, redução, diferimento ou suspensão do RICMS-SP para este item. Muitos produtos industrializados (chocolates, biscoitos recheados, salgadinhos, sorvetes, refrigerados diversos) estão sujeitos a ICMS-ST, que dispensa cBenef na revenda (CST 60/61)."
48131000,PAPEL PARA CIGARRO SMOKING MASTER GD 50UN,1,Sem benefício identificado (tributação normal / possível ICMS-ST),-,,00/60/61,,"Não foi identificado dispositivo de isenção, redução, diferimento ou suspensão do RICMS-SP para este item. Muitos produtos industrializados (chocolates, biscoitos recheados, salgadinhos, sorvetes, refrigerados diversos) estão sujeitos a ICMS-ST, que dispensa cBenef na revenda (CST 60/61)."
48131000,PAPEL PARA CIGARRO SMOKING MASTER PEQ,1,Sem benefício identificado (tributação normal / possível ICMS-ST),-,,00/60/61,,"Não foi identificado dispositivo de isenção, redução, diferimento ou suspensão do RICMS-SP para este item. Muitos produtos industrializados (chocolates, biscoitos recheados, salgadinhos, sorvetes, refrigerados diversos) estão sujeitos a ICMS-ST, que dispensa cBenef na revenda (CST 60/61)."
48181000,PAPEL HIG ROLAO 100% CELULOSE 8X300MT,1,Sem benefício identificado (tributação normal / possível ICMS-ST),-,,00/60/61,,"Não foi identificado dispositivo de isenção, redução, diferimento ou suspensão do RICMS-SP para este item. Muitos produtos industrializados (chocolates, biscoitos recheados, salgadinhos, sorvetes, refrigerados diversos) estão sujeitos a ICMS-ST, que dispensa cBenef na revenda (CST 60/61)."
48182000,LENCO DE PAPEL KLEENEX DE BOLSO C/ 10UN.,1,Sem benefício identificado (tributação normal / possível ICMS-ST),-,,00/60/61,,"Não foi identificado dispositivo de isenção, redução, diferimento ou suspensão do RICMS-SP para este item. Muitos produtos industrializados (chocolates, biscoitos recheados, salgadinhos, sorvetes, refrigerados diversos) estão sujeitos a ICMS-ST, que dispensa cBenef na revenda (CST 60/61)."
48182000,PAPEL TOALHA INTERFOLHA 20 X 20 X C/1000 - 100% CE,1,Sem benefício identificado (tributação normal / possível ICMS-ST),-,,00/60/61,,"Não foi identificado dispositivo de isenção, redução, diferimento ou suspensão do RICMS-SP para este item. Muitos produtos industrializados (chocolates, biscoitos recheados, salgadinhos, sorvetes, refrigerados diversos) estão sujeitos a ICMS-ST, que dispensa cBenef na revenda (CST 60/61)."
48183000,GUARDANAPO SANTEPEL 33X30CM,1,Sem benefício identificado (tributação normal / possível ICMS-ST),-,,00/60/61,,"Não foi identificado dispositivo de isenção, redução, diferimento ou suspensão do RICMS-SP para este item. Muitos produtos industrializados (chocolates, biscoitos recheados, salgadinhos, sorvetes, refrigerados diversos) estão sujeitos a ICMS-ST, que dispensa cBenef na revenda (CST 60/61)."
48191000,CAIXA DE PIZZA ITALIANINHA COM FUNDO LAMINADO OCTOGONAL 25CM - PCT 50UN,1,Sem benefício identificado (tributação normal / possível ICMS-ST),-,,00/60/61,,"Não foi identificado dispositivo de isenção, redução, diferimento ou suspensão do RICMS-SP para este item. Muitos produtos industrializados (chocolates, biscoitos recheados, salgadinhos, sorvetes, refrigerados diversos) estão sujeitos a ICMS-ST, que dispensa cBenef na revenda (CST 60/61)."
48194000,SKBM.2257 SACO 1KG 10X25X6 KRB30GR GRUPO DALL AGNOL,1,Sem benefício identificado (tributação normal / possível ICMS-ST),-,,00/60/61,,"Não foi identificado dispositivo de isenção, redução, diferimento ou suspensão do RICMS-SP para este item. Muitos produtos industrializados (chocolates, biscoitos recheados, salgadinhos, sorvetes, refrigerados diversos) estão sujeitos a ICMS-ST, que dispensa cBenef na revenda (CST 60/61)."
48194000,SKBM.2257A SACO 3KG 15X33X8 KRB30GR GRUPO DALL AGNOL,1,Sem benefício identificado (tributação normal / possível ICMS-ST),-,,00/60/61,,"Não foi identificado dispositivo de isenção, redução, diferimento ou suspensão do RICMS-SP para este item. Muitos produtos industrializados (chocolates, biscoitos recheados, salgadinhos, sorvetes, refrigerados diversos) estão sujeitos a ICMS-ST, que dispensa cBenef na revenda (CST 60/61)."
48194000,SKBM.2257B SACO 5KG 18X37X9 KRB30GR GRUPO DALL AGNOL,1,Sem benefício identificado (tributação normal / possível ICMS-ST),-,,00/60/61,,"Não foi identificado dispositivo de isenção, redução, diferimento ou suspensão do RICMS-SP para este item. Muitos produtos industrializados (chocolates, biscoitos recheados, salgadinhos, sorvetes, refrigerados diversos) estão sujeitos a ICMS-ST, que dispensa cBenef na revenda (CST 60/61)."
48194000,"SKBM.2257C SACO 7,5 20X47X11 KRB30GR GRUPO DALL AGNOL",1,Sem benefício identificado (tributação normal / possível ICMS-ST),-,,00/60/61,,"Não foi identificado dispositivo de isenção, redução, diferimento ou suspensão do RICMS-SP para este item. Muitos produtos industrializados (chocolates, biscoitos recheados, salgadinhos, sorvetes, refrigerados diversos) estão sujeitos a ICMS-ST, que dispensa cBenef na revenda (CST 60/61)."
48232099,FILTRO DE CAFE MELITTA 102 30UN,1,Sem benefício identificado (tributação normal / possível ICMS-ST),-,,00/60/61,,"Não foi identificado dispositivo de isenção, redução, diferimento ou suspensão do RICMS-SP para este item. Muitos produtos industrializados (chocolates, biscoitos recheados, salgadinhos, sorvetes, refrigerados diversos) estão sujeitos a ICMS-ST, que dispensa cBenef na revenda (CST 60/61)."
48232099,FILTRO DE CAFE MELITTA MAX 103 GRANDE.,1,Sem benefício identificado (tributação normal / possível ICMS-ST),-,,00/60/61,,"Não foi identificado dispositivo de isenção, redução, diferimento ou suspensão do RICMS-SP para este item. Muitos produtos industrializados (chocolates, biscoitos recheados, salgadinhos, sorvetes, refrigerados diversos) estão sujeitos a ICMS-ST, que dispensa cBenef na revenda (CST 60/61)."
49019900,ALBUM BROCHURA CP 26,2,Sem benefício identificado (tributação normal / possível ICMS-ST),-,,00/60/61,,"Não foi identificado dispositivo de isenção, redução, diferimento ou suspensão do RICMS-SP para este item. Muitos produtos industrializados (chocolates, biscoitos recheados, salgadinhos, sorvetes, refrigerados diversos) estão sujeitos a ICMS-ST, que dispensa cBenef na revenda (CST 60/61)."
49019900,ENVELOPE C7 FIGURINHAS CP 26,1,Sem benefício identificado (tributação normal / possível ICMS-ST),-,,00/60/61,,"Não foi identificado dispositivo de isenção, redução, diferimento ou suspensão do RICMS-SP para este item. Muitos produtos industrializados (chocolates, biscoitos recheados, salgadinhos, sorvetes, refrigerados diversos) estão sujeitos a ICMS-ST, que dispensa cBenef na revenda (CST 60/61)."
56012190,COTONETE JOHNSONS 75UN,1,Sem benefício identificado (tributação normal / possível ICMS-ST),-,,00/60/61,,"Não foi identificado dispositivo de isenção, redução, diferimento ou suspensão do RICMS-SP para este item. Muitos produtos industrializados (chocolates, biscoitos recheados, salgadinhos, sorvetes, refrigerados diversos) estão sujeitos a ICMS-ST, que dispensa cBenef na revenda (CST 60/61)."
56012291,FILTRO PARA CIGARRO ENROLAR PAPELITO SLIM,1,Sem benefício identificado (tributação normal / possível ICMS-ST),-,,00/60/61,,"Não foi identificado dispositivo de isenção, redução, diferimento ou suspensão do RICMS-SP para este item. Muitos produtos industrializados (chocolates, biscoitos recheados, salgadinhos, sorvetes, refrigerados diversos) estão sujeitos a ICMS-ST, que dispensa cBenef na revenda (CST 60/61)."
56012291,FILTRO PARA CIGARRO ENROLAR PAPELITO TRAD 6MM,1,Sem benefício identificado (tributação normal / possível ICMS-ST),-,,00/60/61,,"Não foi identificado dispositivo de isenção, redução, diferimento ou suspensão do RICMS-SP para este item. Muitos produtos industrializados (chocolates, biscoitos recheados, salgadinhos, sorvetes, refrigerados diversos) estão sujeitos a ICMS-ST, que dispensa cBenef na revenda (CST 60/61)."
56031290,PANO AZUL LIFE CLEAN 28X300 M 1 ROLO,1,Sem benefício identificado (tributação normal / possível ICMS-ST),-,,00/60/61,,"Não foi identificado dispositivo de isenção, redução, diferimento ou suspensão do RICMS-SP para este item. Muitos produtos industrializados (chocolates, biscoitos recheados, salgadinhos, sorvetes, refrigerados diversos) estão sujeitos a ICMS-ST, que dispensa cBenef na revenda (CST 60/61)."
56031290,"PANO VERDE MBFLEX 35G 0,28X240M 600 PC",1,Sem benefício identificado (tributação normal / possível ICMS-ST),-,,00/60/61,,"Não foi identificado dispositivo de isenção, redução, diferimento ou suspensão do RICMS-SP para este item. Muitos produtos industrializados (chocolates, biscoitos recheados, salgadinhos, sorvetes, refrigerados diversos) estão sujeitos a ICMS-ST, que dispensa cBenef na revenda (CST 60/61)."
62101000,TOUCA BCA SANFONADA PROTDESC 100 PC,1,Sem benefício identificado (tributação normal / possível ICMS-ST),-,,00/60/61,,"Não foi identificado dispositivo de isenção, redução, diferimento ou suspensão do RICMS-SP para este item. Muitos produtos industrializados (chocolates, biscoitos recheados, salgadinhos, sorvetes, refrigerados diversos) estão sujeitos a ICMS-ST, que dispensa cBenef na revenda (CST 60/61)."
63071000,SACO ALVEJADO PADRAO GG,1,Sem benefício identificado (tributação normal / possível ICMS-ST),-,,00/60/61,,"Não foi identificado dispositivo de isenção, redução, diferimento ou suspensão do RICMS-SP para este item. Muitos produtos industrializados (chocolates, biscoitos recheados, salgadinhos, sorvetes, refrigerados diversos) estão sujeitos a ICMS-ST, que dispensa cBenef na revenda (CST 60/61)."
64039190,BOTINA ELASTICO CALBRAS BIDENSIDADE BIQ. PVC 4111 CBEX C.A 47572 NO39,1,Sem benefício identificado (tributação normal / possível ICMS-ST),-,,00/60/61,,"Não foi identificado dispositivo de isenção, redução, diferimento ou suspensão do RICMS-SP para este item. Muitos produtos industrializados (chocolates, biscoitos recheados, salgadinhos, sorvetes, refrigerados diversos) estão sujeitos a ICMS-ST, que dispensa cBenef na revenda (CST 60/61)."
64039190,BOTINA ELASTICO CALBRAS BIDENSIDADE BIQ. PVC 4111 CBEX C.A 47572 NO41,1,Sem benefício identificado (tributação normal / possível ICMS-ST),-,,00/60/61,,"Não foi identificado dispositivo de isenção, redução, diferimento ou suspensão do RICMS-SP para este item. Muitos produtos industrializados (chocolates, biscoitos recheados, salgadinhos, sorvetes, refrigerados diversos) estão sujeitos a ICMS-ST, que dispensa cBenef na revenda (CST 60/61)."
64039190,BOTINA ELASTICO CALBRAS BIDENSIDADE BIQ. PVC 4111 CBEX C.A 47572 NO42,1,Sem benefício identificado (tributação normal / possível ICMS-ST),-,,00/60/61,,"Não foi identificado dispositivo de isenção, redução, diferimento ou suspensão do RICMS-SP para este item. Muitos produtos industrializados (chocolates, biscoitos recheados, salgadinhos, sorvetes, refrigerados diversos) estão sujeitos a ICMS-ST, que dispensa cBenef na revenda (CST 60/61)."
64039990,BOTINA ELASTICO MARLUVAS BIDENSIDADE 95B19BP S/B 40 C.A 41419,1,Sem benefício identificado (tributação normal / possível ICMS-ST),-,,00/60/61,,"Não foi identificado dispositivo de isenção, redução, diferimento ou suspensão do RICMS-SP para este item. Muitos produtos industrializados (chocolates, biscoitos recheados, salgadinhos, sorvetes, refrigerados diversos) estão sujeitos a ICMS-ST, que dispensa cBenef na revenda (CST 60/61)."
68053090,ESPONJA SCOTCH BRITE LIMPEZA PESADA 1UN,1,Sem benefício identificado (tributação normal / possível ICMS-ST),-,,00/60/61,,"Não foi identificado dispositivo de isenção, redução, diferimento ou suspensão do RICMS-SP para este item. Muitos produtos industrializados (chocolates, biscoitos recheados, salgadinhos, sorvetes, refrigerados diversos) estão sujeitos a ICMS-ST, que dispensa cBenef na revenda (CST 60/61)."
73231000,ESPONJA ACO INOX ESFREBOM,1,Sem benefício identificado (tributação normal / possível ICMS-ST),-,,00/60/61,,"Não foi identificado dispositivo de isenção, redução, diferimento ou suspensão do RICMS-SP para este item. Muitos produtos industrializados (chocolates, biscoitos recheados, salgadinhos, sorvetes, refrigerados diversos) estão sujeitos a ICMS-ST, que dispensa cBenef na revenda (CST 60/61)."
76169900,"TAMPA DISPOSITIVO DE DESCARGA SELADA 4"" LATAO",1,Sem benefício identificado (tributação normal / possível ICMS-ST),-,,00/60/61,,"Não foi identificado dispositivo de isenção, redução, diferimento ou suspensão do RICMS-SP para este item. Muitos produtos industrializados (chocolates, biscoitos recheados, salgadinhos, sorvetes, refrigerados diversos) estão sujeitos a ICMS-ST, que dispensa cBenef na revenda (CST 60/61)."
8011100,COCO RALADO MAIS COCO 100G,1,Sem benefício (produto industrializado),-,,00/60,,"Coco ralado/em flocos já não está em ""estado natural"", perde a isenção do art. 36 Anexo I."
8011100,MAT PRIMA COCO FLOCOS E RALADO KG,1,Sem benefício (produto industrializado),-,,00/60,,"Coco ralado/em flocos já não está em ""estado natural"", perde a isenção do art. 36 Anexo I."
82142000,CORTADOR DE UNHA TRIM PES,1,Sem benefício identificado (tributação normal / possível ICMS-ST),-,,00/60/61,,"Não foi identificado dispositivo de isenção, redução, diferimento ou suspensão do RICMS-SP para este item. Muitos produtos industrializados (chocolates, biscoitos recheados, salgadinhos, sorvetes, refrigerados diversos) estão sujeitos a ICMS-ST, que dispensa cBenef na revenda (CST 60/61)."
82142000,CORTADOR UNHA TRIM MAOS,1,Sem benefício identificado (tributação normal / possível ICMS-ST),-,,00/60/61,,"Não foi identificado dispositivo de isenção, redução, diferimento ou suspensão do RICMS-SP para este item. Muitos produtos industrializados (chocolates, biscoitos recheados, salgadinhos, sorvetes, refrigerados diversos) estão sujeitos a ICMS-ST, que dispensa cBenef na revenda (CST 60/61)."
84142000,INFLADOR BALAO INFLADOR DE BALOES MAQUINA DE ENCHER BALAO,1,Sem benefício identificado (tributação normal / possível ICMS-ST),-,,00/60/61,,"Não foi identificado dispositivo de isenção, redução, diferimento ou suspensão do RICMS-SP para este item. Muitos produtos industrializados (chocolates, biscoitos recheados, salgadinhos, sorvetes, refrigerados diversos) estão sujeitos a ICMS-ST, que dispensa cBenef na revenda (CST 60/61)."
84818011,VALV PIA AMERICANA ACO INOX 3.1/2 (7240) CENSI,1,Sem benefício identificado (tributação normal / possível ICMS-ST),-,,00/60/61,,"Não foi identificado dispositivo de isenção, redução, diferimento ou suspensão do RICMS-SP para este item. Muitos produtos industrializados (chocolates, biscoitos recheados, salgadinhos, sorvetes, refrigerados diversos) estão sujeitos a ICMS-ST, que dispensa cBenef na revenda (CST 60/61)."
85044010,CARREGADOR CONNECT TOMADA USB SEM CABO,1,Sem benefício identificado (tributação normal / possível ICMS-ST),-,,00/60/61,,"Não foi identificado dispositivo de isenção, redução, diferimento ou suspensão do RICMS-SP para este item. Muitos produtos industrializados (chocolates, biscoitos recheados, salgadinhos, sorvetes, refrigerados diversos) estão sujeitos a ICMS-ST, que dispensa cBenef na revenda (CST 60/61)."
85044010,CARREGADOR CONNECT ULTRA RAPIDO TIPO C,1,Sem benefício identificado (tributação normal / possível ICMS-ST),-,,00/60/61,,"Não foi identificado dispositivo de isenção, redução, diferimento ou suspensão do RICMS-SP para este item. Muitos produtos industrializados (chocolates, biscoitos recheados, salgadinhos, sorvetes, refrigerados diversos) estão sujeitos a ICMS-ST, que dispensa cBenef na revenda (CST 60/61)."
85044010,CARREGADOR DEVIA SMART SERIES 20W USB C,1,Sem benefício identificado (tributação normal / possível ICMS-ST),-,,00/60/61,,"Não foi identificado dispositivo de isenção, redução, diferimento ou suspensão do RICMS-SP para este item. Muitos produtos industrializados (chocolates, biscoitos recheados, salgadinhos, sorvetes, refrigerados diversos) estão sujeitos a ICMS-ST, que dispensa cBenef na revenda (CST 60/61)."
85044010,"CARREGADOR FAM VEICULAR 2 USB 2,4A FCA-V242",1,Sem benefício identificado (tributação normal / possível ICMS-ST),-,,00/60/61,,"Não foi identificado dispositivo de isenção, redução, diferimento ou suspensão do RICMS-SP para este item. Muitos produtos industrializados (chocolates, biscoitos recheados, salgadinhos, sorvetes, refrigerados diversos) estão sujeitos a ICMS-ST, que dispensa cBenef na revenda (CST 60/61)."
85044010,CARREGADOR FAM VEICULAR MINI USB TPC 30W,1,Sem benefício identificado (tributação normal / possível ICMS-ST),-,,00/60/61,,"Não foi identificado dispositivo de isenção, redução, diferimento ou suspensão do RICMS-SP para este item. Muitos produtos industrializados (chocolates, biscoitos recheados, salgadinhos, sorvetes, refrigerados diversos) estão sujeitos a ICMS-ST, que dispensa cBenef na revenda (CST 60/61)."
85044010,"CARREGADOR FAM VEICULAR USB TPC 52,5W",1,Sem benefício identificado (tributação normal / possível ICMS-ST),-,,00/60/61,,"Não foi identificado dispositivo de isenção, redução, diferimento ou suspensão do RICMS-SP para este item. Muitos produtos industrializados (chocolates, biscoitos recheados, salgadinhos, sorvetes, refrigerados diversos) estão sujeitos a ICMS-ST, que dispensa cBenef na revenda (CST 60/61)."
85061019,PILHA ALCALINA DURACELL C2.,1,Sem benefício identificado (tributação normal / possível ICMS-ST),-,,00/60/61,,"Não foi identificado dispositivo de isenção, redução, diferimento ou suspensão do RICMS-SP para este item. Muitos produtos industrializados (chocolates, biscoitos recheados, salgadinhos, sorvetes, refrigerados diversos) estão sujeitos a ICMS-ST, que dispensa cBenef na revenda (CST 60/61)."
85061019,PILHA ALCALINA DURACELL D2.,1,Sem benefício identificado (tributação normal / possível ICMS-ST),-,,00/60/61,,"Não foi identificado dispositivo de isenção, redução, diferimento ou suspensão do RICMS-SP para este item. Muitos produtos industrializados (chocolates, biscoitos recheados, salgadinhos, sorvetes, refrigerados diversos) estão sujeitos a ICMS-ST, que dispensa cBenef na revenda (CST 60/61)."
85061019,PILHA DURACELL AA 2UN,1,Sem benefício identificado (tributação normal / possível ICMS-ST),-,,00/60/61,,"Não foi identificado dispositivo de isenção, redução, diferimento ou suspensão do RICMS-SP para este item. Muitos produtos industrializados (chocolates, biscoitos recheados, salgadinhos, sorvetes, refrigerados diversos) estão sujeitos a ICMS-ST, que dispensa cBenef na revenda (CST 60/61)."
85061019,PILHA DURACELL ALCALINA AA2,1,Sem benefício identificado (tributação normal / possível ICMS-ST),-,,00/60/61,,"Não foi identificado dispositivo de isenção, redução, diferimento ou suspensão do RICMS-SP para este item. Muitos produtos industrializados (chocolates, biscoitos recheados, salgadinhos, sorvetes, refrigerados diversos) estão sujeitos a ICMS-ST, que dispensa cBenef na revenda (CST 60/61)."
85061019,PILHA RAYOVAC 12V V23GA,1,Sem benefício identificado (tributação normal / possível ICMS-ST),-,,00/60/61,,"Não foi identificado dispositivo de isenção, redução, diferimento ou suspensão do RICMS-SP para este item. Muitos produtos industrializados (chocolates, biscoitos recheados, salgadinhos, sorvetes, refrigerados diversos) estão sujeitos a ICMS-ST, que dispensa cBenef na revenda (CST 60/61)."
85061031,BATERIA DURACELL ALCALINA 9V,1,Sem benefício identificado (tributação normal / possível ICMS-ST),-,,00/60/61,,"Não foi identificado dispositivo de isenção, redução, diferimento ou suspensão do RICMS-SP para este item. Muitos produtos industrializados (chocolates, biscoitos recheados, salgadinhos, sorvetes, refrigerados diversos) estão sujeitos a ICMS-ST, que dispensa cBenef na revenda (CST 60/61)."
85061031,BATERIA DURACELL LITIO METALICO CR 2032,1,Sem benefício identificado (tributação normal / possível ICMS-ST),-,,00/60/61,,"Não foi identificado dispositivo de isenção, redução, diferimento ou suspensão do RICMS-SP para este item. Muitos produtos industrializados (chocolates, biscoitos recheados, salgadinhos, sorvetes, refrigerados diversos) estão sujeitos a ICMS-ST, que dispensa cBenef na revenda (CST 60/61)."
85061031,BATERIA RAYOVAC 9 VOLTS 1UN,1,Sem benefício identificado (tributação normal / possível ICMS-ST),-,,00/60/61,,"Não foi identificado dispositivo de isenção, redução, diferimento ou suspensão do RICMS-SP para este item. Muitos produtos industrializados (chocolates, biscoitos recheados, salgadinhos, sorvetes, refrigerados diversos) estão sujeitos a ICMS-ST, que dispensa cBenef na revenda (CST 60/61)."
85061039,PILHA RAYOVAC LITHIUM CR2032,1,Sem benefício identificado (tributação normal / possível ICMS-ST),-,,00/60/61,,"Não foi identificado dispositivo de isenção, redução, diferimento ou suspensão do RICMS-SP para este item. Muitos produtos industrializados (chocolates, biscoitos recheados, salgadinhos, sorvetes, refrigerados diversos) estão sujeitos a ICMS-ST, que dispensa cBenef na revenda (CST 60/61)."
85065010,PILHA RAYOVAC LITHIUM CR2025,1,Sem benefício identificado (tributação normal / possível ICMS-ST),-,,00/60/61,,"Não foi identificado dispositivo de isenção, redução, diferimento ou suspensão do RICMS-SP para este item. Muitos produtos industrializados (chocolates, biscoitos recheados, salgadinhos, sorvetes, refrigerados diversos) estão sujeitos a ICMS-ST, que dispensa cBenef na revenda (CST 60/61)."
85068090,PILHA RAYOVAC C2,1,Sem benefício identificado (tributação normal / possível ICMS-ST),-,,00/60/61,,"Não foi identificado dispositivo de isenção, redução, diferimento ou suspensão do RICMS-SP para este item. Muitos produtos industrializados (chocolates, biscoitos recheados, salgadinhos, sorvetes, refrigerados diversos) estão sujeitos a ICMS-ST, que dispensa cBenef na revenda (CST 60/61)."
85171300,CARREGADOR CONNECT TURBO FAST CHARGER,1,Sem benefício identificado (tributação normal / possível ICMS-ST),-,,00/60/61,,"Não foi identificado dispositivo de isenção, redução, diferimento ou suspensão do RICMS-SP para este item. Muitos produtos industrializados (chocolates, biscoitos recheados, salgadinhos, sorvetes, refrigerados diversos) estão sujeitos a ICMS-ST, que dispensa cBenef na revenda (CST 60/61)."
85183000,FONE OUVIDO FAM BLUETOOTH AIRBUDS TM03,1,Sem benefício identificado (tributação normal / possível ICMS-ST),-,,00/60/61,,"Não foi identificado dispositivo de isenção, redução, diferimento ou suspensão do RICMS-SP para este item. Muitos produtos industrializados (chocolates, biscoitos recheados, salgadinhos, sorvetes, refrigerados diversos) estão sujeitos a ICMS-ST, que dispensa cBenef na revenda (CST 60/61)."
85183000,FONE OUVIDO FAM ESTEREO IN-EAR C/ MICROFONE,1,Sem benefício identificado (tributação normal / possível ICMS-ST),-,,00/60/61,,"Não foi identificado dispositivo de isenção, redução, diferimento ou suspensão do RICMS-SP para este item. Muitos produtos industrializados (chocolates, biscoitos recheados, salgadinhos, sorvetes, refrigerados diversos) estão sujeitos a ICMS-ST, que dispensa cBenef na revenda (CST 60/61)."
85183000,FONE TWS ACTIO SOUND BEAT - BRANCO,1,Sem benefício identificado (tributação normal / possível ICMS-ST),-,,00/60/61,,"Não foi identificado dispositivo de isenção, redução, diferimento ou suspensão do RICMS-SP para este item. Muitos produtos industrializados (chocolates, biscoitos recheados, salgadinhos, sorvetes, refrigerados diversos) estão sujeitos a ICMS-ST, que dispensa cBenef na revenda (CST 60/61)."
85235210,ADESIVO CONECTCAR,1,Sem benefício identificado (tributação normal / possível ICMS-ST),-,,00/60/61,,"Não foi identificado dispositivo de isenção, redução, diferimento ou suspensão do RICMS-SP para este item. Muitos produtos industrializados (chocolates, biscoitos recheados, salgadinhos, sorvetes, refrigerados diversos) estão sujeitos a ICMS-ST, que dispensa cBenef na revenda (CST 60/61)."
85366910,BALA MENTOS PURE FRESH MINT 20G,1,Sem benefício identificado (tributação normal / possível ICMS-ST),-,,00/60/61,,"Não foi identificado dispositivo de isenção, redução, diferimento ou suspensão do RICMS-SP para este item. Muitos produtos industrializados (chocolates, biscoitos recheados, salgadinhos, sorvetes, refrigerados diversos) estão sujeitos a ICMS-ST, que dispensa cBenef na revenda (CST 60/61)."
85366910,TOMADA 1USB 2.1A FAM,1,Sem benefício identificado (tributação normal / possível ICMS-ST),-,,00/60/61,,"Não foi identificado dispositivo de isenção, redução, diferimento ou suspensão do RICMS-SP para este item. Muitos produtos industrializados (chocolates, biscoitos recheados, salgadinhos, sorvetes, refrigerados diversos) estão sujeitos a ICMS-ST, que dispensa cBenef na revenda (CST 60/61)."
85444200,CABO 3 SAIDASV8/IPHONE/TIPO C 1.2M FAM,1,Sem benefício identificado (tributação normal / possível ICMS-ST),-,,00/60/61,,"Não foi identificado dispositivo de isenção, redução, diferimento ou suspensão do RICMS-SP para este item. Muitos produtos industrializados (chocolates, biscoitos recheados, salgadinhos, sorvetes, refrigerados diversos) estão sujeitos a ICMS-ST, que dispensa cBenef na revenda (CST 60/61)."
85444200,CABO CONNECT USB LIGHTING TIPO C 12M,1,Sem benefício identificado (tributação normal / possível ICMS-ST),-,,00/60/61,,"Não foi identificado dispositivo de isenção, redução, diferimento ou suspensão do RICMS-SP para este item. Muitos produtos industrializados (chocolates, biscoitos recheados, salgadinhos, sorvetes, refrigerados diversos) estão sujeitos a ICMS-ST, que dispensa cBenef na revenda (CST 60/61)."
85444200,CABO FAM MICRO USB V8 1 M.,1,Sem benefício identificado (tributação normal / possível ICMS-ST),-,,00/60/61,,"Não foi identificado dispositivo de isenção, redução, diferimento ou suspensão do RICMS-SP para este item. Muitos produtos industrializados (chocolates, biscoitos recheados, salgadinhos, sorvetes, refrigerados diversos) estão sujeitos a ICMS-ST, que dispensa cBenef na revenda (CST 60/61)."
85444200,CABO FAM TIPO C 2M FCA-C2C6,1,Sem benefício identificado (tributação normal / possível ICMS-ST),-,,00/60/61,,"Não foi identificado dispositivo de isenção, redução, diferimento ou suspensão do RICMS-SP para este item. Muitos produtos industrializados (chocolates, biscoitos recheados, salgadinhos, sorvetes, refrigerados diversos) estão sujeitos a ICMS-ST, que dispensa cBenef na revenda (CST 60/61)."
85444200,"CABO FAM ULTRA RAPIDO TIPO C LIGHTNING 1,2M",1,Sem benefício identificado (tributação normal / possível ICMS-ST),-,,00/60/61,,"Não foi identificado dispositivo de isenção, redução, diferimento ou suspensão do RICMS-SP para este item. Muitos produtos industrializados (chocolates, biscoitos recheados, salgadinhos, sorvetes, refrigerados diversos) estão sujeitos a ICMS-ST, que dispensa cBenef na revenda (CST 60/61)."
85444200,CABO FAM USB TIPO C LIGHTNING 100W,1,Sem benefício identificado (tributação normal / possível ICMS-ST),-,,00/60/61,,"Não foi identificado dispositivo de isenção, redução, diferimento ou suspensão do RICMS-SP para este item. Muitos produtos industrializados (chocolates, biscoitos recheados, salgadinhos, sorvetes, refrigerados diversos) estão sujeitos a ICMS-ST, que dispensa cBenef na revenda (CST 60/61)."
85444200,CABO IPHONE 1M FAM,1,Sem benefício identificado (tributação normal / possível ICMS-ST),-,,00/60/61,,"Não foi identificado dispositivo de isenção, redução, diferimento ou suspensão do RICMS-SP para este item. Muitos produtos industrializados (chocolates, biscoitos recheados, salgadinhos, sorvetes, refrigerados diversos) estão sujeitos a ICMS-ST, que dispensa cBenef na revenda (CST 60/61)."
85444200,CABO TIPO C 1M FAM,1,Sem benefício identificado (tributação normal / possível ICMS-ST),-,,00/60/61,,"Não foi identificado dispositivo de isenção, redução, diferimento ou suspensão do RICMS-SP para este item. Muitos produtos industrializados (chocolates, biscoitos recheados, salgadinhos, sorvetes, refrigerados diversos) estão sujeitos a ICMS-ST, que dispensa cBenef na revenda (CST 60/61)."
85444200,CABO TIPO C TIPO C 1.2MTECIDO FAM FCA-C1C6,1,Sem benefício identificado (tributação normal / possível ICMS-ST),-,,00/60/61,,"Não foi identificado dispositivo de isenção, redução, diferimento ou suspensão do RICMS-SP para este item. Muitos produtos industrializados (chocolates, biscoitos recheados, salgadinhos, sorvetes, refrigerados diversos) estão sujeitos a ICMS-ST, que dispensa cBenef na revenda (CST 60/61)."
9030090,CHA MATTE LEAO NATURAL 40G SACHE,1,Sem benefício identificado (tributação normal / possível ICMS-ST),-,,00/60/61,,"Não foi identificado dispositivo de isenção, redução, diferimento ou suspensão do RICMS-SP para este item. Muitos produtos industrializados (chocolates, biscoitos recheados, salgadinhos, sorvetes, refrigerados diversos) estão sujeitos a ICMS-ST, que dispensa cBenef na revenda (CST 60/61)."
9041200,PIMENTA DO REINO PRETA MOIDA 15G,1,Sem benefício identificado (tributação normal / possível ICMS-ST),-,,00/60/61,,"Não foi identificado dispositivo de isenção, redução, diferimento ou suspensão do RICMS-SP para este item. Muitos produtos industrializados (chocolates, biscoitos recheados, salgadinhos, sorvetes, refrigerados diversos) estão sujeitos a ICMS-ST, que dispensa cBenef na revenda (CST 60/61)."
9062000,MAT PRIMA CANELA EM PO,1,Sem benefício identificado (tributação normal / possível ICMS-ST),-,,00/60/61,,"Não foi identificado dispositivo de isenção, redução, diferimento ou suspensão do RICMS-SP para este item. Muitos produtos industrializados (chocolates, biscoitos recheados, salgadinhos, sorvetes, refrigerados diversos) estão sujeitos a ICMS-ST, que dispensa cBenef na revenda (CST 60/61)."
9071000,CRAVO DA INDIA KITANO 8G,1,Sem benefício identificado (tributação normal / possível ICMS-ST),-,,00/60/61,,"Não foi identificado dispositivo de isenção, redução, diferimento ou suspensão do RICMS-SP para este item. Muitos produtos industrializados (chocolates, biscoitos recheados, salgadinhos, sorvetes, refrigerados diversos) estão sujeitos a ICMS-ST, que dispensa cBenef na revenda (CST 60/61)."
9109900,TEMPERO FOLHA DE LOURO KITANO 4G,1,Sem benefício identificado (tributação normal / possível ICMS-ST),-,,00/60/61,,"Não foi identificado dispositivo de isenção, redução, diferimento ou suspensão do RICMS-SP para este item. Muitos produtos industrializados (chocolates, biscoitos recheados, salgadinhos, sorvetes, refrigerados diversos) estão sujeitos a ICMS-ST, que dispensa cBenef na revenda (CST 60/61)."
94013900,CADEIRA ELEGANCE GRANITE PRETA,1,Sem benefício identificado (tributação normal / possível ICMS-ST),-,,00/60/61,,"Não foi identificado dispositivo de isenção, redução, diferimento ou suspensão do RICMS-SP para este item. Muitos produtos industrializados (chocolates, biscoitos recheados, salgadinhos, sorvetes, refrigerados diversos) estão sujeitos a ICMS-ST, que dispensa cBenef na revenda (CST 60/61)."
94051190,PAINEL PLAFON 24W Q-E 30X30 - AVANT - BRANCO FRIO - 6500K,1,Sem benefício identificado (tributação normal / possível ICMS-ST),-,,00/60/61,,"Não foi identificado dispositivo de isenção, redução, diferimento ou suspensão do RICMS-SP para este item. Muitos produtos industrializados (chocolates, biscoitos recheados, salgadinhos, sorvetes, refrigerados diversos) estão sujeitos a ICMS-ST, que dispensa cBenef na revenda (CST 60/61)."
95030098,BRINQUEDO MONSTER GANG,1,Sem benefício identificado (tributação normal / possível ICMS-ST),-,,00/60/61,,"Não foi identificado dispositivo de isenção, redução, diferimento ou suspensão do RICMS-SP para este item. Muitos produtos industrializados (chocolates, biscoitos recheados, salgadinhos, sorvetes, refrigerados diversos) estão sujeitos a ICMS-ST, que dispensa cBenef na revenda (CST 60/61)."
95030099,AMOEBA  110G,1,Sem benefício identificado (tributação normal / possível ICMS-ST),-,,00/60/61,,"Não foi identificado dispositivo de isenção, redução, diferimento ou suspensão do RICMS-SP para este item. Muitos produtos industrializados (chocolates, biscoitos recheados, salgadinhos, sorvetes, refrigerados diversos) estão sujeitos a ICMS-ST, que dispensa cBenef na revenda (CST 60/61)."
95030099,BALAO N.8 VERDE ESCURO FEST BALL DEL REY 50UN,1,Sem benefício identificado (tributação normal / possível ICMS-ST),-,,00/60/61,,"Não foi identificado dispositivo de isenção, redução, diferimento ou suspensão do RICMS-SP para este item. Muitos produtos industrializados (chocolates, biscoitos recheados, salgadinhos, sorvetes, refrigerados diversos) estão sujeitos a ICMS-ST, que dispensa cBenef na revenda (CST 60/61)."
95030099,BRINQUEDO BASQUETE CAPIVARA,1,Sem benefício identificado (tributação normal / possível ICMS-ST),-,,00/60/61,,"Não foi identificado dispositivo de isenção, redução, diferimento ou suspensão do RICMS-SP para este item. Muitos produtos industrializados (chocolates, biscoitos recheados, salgadinhos, sorvetes, refrigerados diversos) estão sujeitos a ICMS-ST, que dispensa cBenef na revenda (CST 60/61)."
95030099,BRINQUEDO BLAST LITO,1,Sem benefício identificado (tributação normal / possível ICMS-ST),-,,00/60/61,,"Não foi identificado dispositivo de isenção, redução, diferimento ou suspensão do RICMS-SP para este item. Muitos produtos industrializados (chocolates, biscoitos recheados, salgadinhos, sorvetes, refrigerados diversos) estão sujeitos a ICMS-ST, que dispensa cBenef na revenda (CST 60/61)."
95030099,BRINQUEDO CAMINHAO AMARELO C/ LUZ,1,Sem benefício identificado (tributação normal / possível ICMS-ST),-,,00/60/61,,"Não foi identificado dispositivo de isenção, redução, diferimento ou suspensão do RICMS-SP para este item. Muitos produtos industrializados (chocolates, biscoitos recheados, salgadinhos, sorvetes, refrigerados diversos) estão sujeitos a ICMS-ST, que dispensa cBenef na revenda (CST 60/61)."
95030099,BRINQUEDO CHOCOOVITOS BOYS 22G,1,Sem benefício identificado (tributação normal / possível ICMS-ST),-,,00/60/61,,"Não foi identificado dispositivo de isenção, redução, diferimento ou suspensão do RICMS-SP para este item. Muitos produtos industrializados (chocolates, biscoitos recheados, salgadinhos, sorvetes, refrigerados diversos) estão sujeitos a ICMS-ST, que dispensa cBenef na revenda (CST 60/61)."
95030099,BRINQUEDO CHOCOOVITOS DINO 22G,1,Sem benefício identificado (tributação normal / possível ICMS-ST),-,,00/60/61,,"Não foi identificado dispositivo de isenção, redução, diferimento ou suspensão do RICMS-SP para este item. Muitos produtos industrializados (chocolates, biscoitos recheados, salgadinhos, sorvetes, refrigerados diversos) estão sujeitos a ICMS-ST, que dispensa cBenef na revenda (CST 60/61)."
95030099,BRINQUEDO CHOCOOVITOS GIRLS 22G,1,Sem benefício identificado (tributação normal / possível ICMS-ST),-,,00/60/61,,"Não foi identificado dispositivo de isenção, redução, diferimento ou suspensão do RICMS-SP para este item. Muitos produtos industrializados (chocolates, biscoitos recheados, salgadinhos, sorvetes, refrigerados diversos) estão sujeitos a ICMS-ST, que dispensa cBenef na revenda (CST 60/61)."
95030099,BRINQUEDO DINOSSAURO VRUMM,1,Sem benefício identificado (tributação normal / possível ICMS-ST),-,,00/60/61,,"Não foi identificado dispositivo de isenção, redução, diferimento ou suspensão do RICMS-SP para este item. Muitos produtos industrializados (chocolates, biscoitos recheados, salgadinhos, sorvetes, refrigerados diversos) estão sujeitos a ICMS-ST, que dispensa cBenef na revenda (CST 60/61)."
95030099,BRINQUEDO GUERRA BEXIGA WATER BALLOON,1,Sem benefício identificado (tributação normal / possível ICMS-ST),-,,00/60/61,,"Não foi identificado dispositivo de isenção, redução, diferimento ou suspensão do RICMS-SP para este item. Muitos produtos industrializados (chocolates, biscoitos recheados, salgadinhos, sorvetes, refrigerados diversos) estão sujeitos a ICMS-ST, que dispensa cBenef na revenda (CST 60/61)."
95030099,BRINQUEDO KOMBI RETRO,1,Sem benefício identificado (tributação normal / possível ICMS-ST),-,,00/60/61,,"Não foi identificado dispositivo de isenção, redução, diferimento ou suspensão do RICMS-SP para este item. Muitos produtos industrializados (chocolates, biscoitos recheados, salgadinhos, sorvetes, refrigerados diversos) estão sujeitos a ICMS-ST, que dispensa cBenef na revenda (CST 60/61)."
95044000,BARALHO COPAG 139 55 CARTAS,1,Sem benefício identificado (tributação normal / possível ICMS-ST),-,,00/60/61,,"Não foi identificado dispositivo de isenção, redução, diferimento ou suspensão do RICMS-SP para este item. Muitos produtos industrializados (chocolates, biscoitos recheados, salgadinhos, sorvetes, refrigerados diversos) estão sujeitos a ICMS-ST, que dispensa cBenef na revenda (CST 60/61)."
95059000,BANDEIRA EM TECIDO 120 X 180 CM BRASIL,1,Sem benefício identificado (tributação normal / possível ICMS-ST),-,,00/60/61,,"Não foi identificado dispositivo de isenção, redução, diferimento ou suspensão do RICMS-SP para este item. Muitos produtos industrializados (chocolates, biscoitos recheados, salgadinhos, sorvetes, refrigerados diversos) estão sujeitos a ICMS-ST, que dispensa cBenef na revenda (CST 60/61)."
96039000,REFIL PARA RODO NOVO RODO 40CM,1,Sem benefício identificado (tributação normal / possível ICMS-ST),-,,00/60/61,,"Não foi identificado dispositivo de isenção, redução, diferimento ou suspensão do RICMS-SP para este item. Muitos produtos industrializados (chocolates, biscoitos recheados, salgadinhos, sorvetes, refrigerados diversos) estão sujeitos a ICMS-ST, que dispensa cBenef na revenda (CST 60/61)."
96039000,REFIL PARA RODO NOVO RODO 60CM,1,Sem benefício identificado (tributação normal / possível ICMS-ST),-,,00/60/61,,"Não foi identificado dispositivo de isenção, redução, diferimento ou suspensão do RICMS-SP para este item. Muitos produtos industrializados (chocolates, biscoitos recheados, salgadinhos, sorvetes, refrigerados diversos) estão sujeitos a ICMS-ST, que dispensa cBenef na revenda (CST 60/61)."
96039000,VASSOURA LAVA ONIBUS 30CM,1,Sem benefício identificado (tributação normal / possível ICMS-ST),-,,00/60/61,,"Não foi identificado dispositivo de isenção, redução, diferimento ou suspensão do RICMS-SP para este item. Muitos produtos industrializados (chocolates, biscoitos recheados, salgadinhos, sorvetes, refrigerados diversos) estão sujeitos a ICMS-ST, que dispensa cBenef na revenda (CST 60/61)."
96131000,ISQUEIRO BIC MINI UN,1,Sem benefício identificado (tributação normal / possível ICMS-ST),-,,00/60/61,,"Não foi identificado dispositivo de isenção, redução, diferimento ou suspensão do RICMS-SP para este item. Muitos produtos industrializados (chocolates, biscoitos recheados, salgadinhos, sorvetes, refrigerados diversos) estão sujeitos a ICMS-ST, que dispensa cBenef na revenda (CST 60/61)."
96131000,ISQUEIRO CLIPPER MAXI ANIMAIS,1,Sem benefício identificado (tributação normal / possível ICMS-ST),-,,00/60/61,,"Não foi identificado dispositivo de isenção, redução, diferimento ou suspensão do RICMS-SP para este item. Muitos produtos industrializados (chocolates, biscoitos recheados, salgadinhos, sorvetes, refrigerados diversos) estão sujeitos a ICMS-ST, que dispensa cBenef na revenda (CST 60/61)."
96131000,ISQUEIRO CLIPPER PEQUENO REG MINI,1,Sem benefício identificado (tributação normal / possível ICMS-ST),-,,00/60/61,,"Não foi identificado dispositivo de isenção, redução, diferimento ou suspensão do RICMS-SP para este item. Muitos produtos industrializados (chocolates, biscoitos recheados, salgadinhos, sorvetes, refrigerados diversos) estão sujeitos a ICMS-ST, que dispensa cBenef na revenda (CST 60/61)."
96140000,PITEIRA BEM BOLADO SILM LARANJA 24UN,1,Sem benefício identificado (tributação normal / possível ICMS-ST),-,,00/60/61,,"Não foi identificado dispositivo de isenção, redução, diferimento ou suspensão do RICMS-SP para este item. Muitos produtos industrializados (chocolates, biscoitos recheados, salgadinhos, sorvetes, refrigerados diversos) estão sujeitos a ICMS-ST, que dispensa cBenef na revenda (CST 60/61)."
96190000,BALA MENTOS PURE FRESH BUBBLE MINT 20G,1,Sem benefício identificado (tributação normal / possível ICMS-ST),-,,00/60/61,,"Não foi identificado dispositivo de isenção, redução, diferimento ou suspensão do RICMS-SP para este item. Muitos produtos industrializados (chocolates, biscoitos recheados, salgadinhos, sorvetes, refrigerados diversos) estão sujeitos a ICMS-ST, que dispensa cBenef na revenda (CST 60/61)."
